output_dir=/data/uav_project/ParallelCBF/runs/v25_ppo_20260502T090342Z
tb_logdir=/data/uav_project/ParallelCBF/runs/v25_ppo_20260502T090342Z/tb
pre_registration_manifest_sha256=28b31405161bd333c9d7e7524717935bf819b97700cb1e8965214a0255a7678e
bc_checkpoint_sha256=40c70226bbae24e2bce4c00878fd31173337fb4e411b7f45107a71198f5719e0
bc_dataset_sha256=50e59d2f7886dcc00f3c2405ae449cdbaa879b1b5be79b7dcd2993ce65bb5145
============================================================
WATCHDOG REGISTRY (V25 PPO training):
  - Train Loss Explosion: metric=train_loss, threshold=1000000.0, when=>
  - Grad Norm Blowup: metric=grad_norm, threshold=10000.0, when=>
  - Val Overfit: metric=val_overfit_ratio, threshold=5.0, when=>
============================================================
[INFO][V25] phase=0 (CRITIC_WARMUP) entered cleanly
loaded_actor_parameters=3167235
[INFO][V25] algo.learn entry reached
wandb: WARNING The anonymous setting has no effect and will be removed in a future version.
wandb: Tracking run with wandb version 0.26.1
wandb: W&B syncing is set to `offline` in this directory. Run `wandb online` or set WANDB_MODE=online to enable cloud syncing.
wandb: Run data is saved locally in /data/uav_project/ParallelCBF/runs/v25_ppo_20260502T090342Z/wandb/wandb/offline-run-20260502_170345-ko56w3hs
wandb: WARNING URL not available in offline run
wandb_status=initialized mode=offline url=unavailable
[V25 PPO] phase=0 rollout/transitions=4096 safety/h_hard_min=4.47195 train/value_loss=1557.52 train/grad_norm=433.742
[V25 PPO] phase=0 rollout/transitions=8192 safety/h_hard_min=4.47014 train/value_loss=1699.11 train/grad_norm=458.9
[V25 PPO] phase=0 rollout/transitions=12288 safety/h_hard_min=4.47103 train/value_loss=1666.85 train/grad_norm=449.242
[V25 PPO] phase=0 rollout/transitions=16384 safety/h_hard_min=4.47088 train/value_loss=1569.71 train/grad_norm=434.202
[V25 PPO] phase=0 rollout/transitions=20480 safety/h_hard_min=4.47357 train/value_loss=1631.55 train/grad_norm=445.547
[V25 PPO] phase=0 rollout/transitions=24576 safety/h_hard_min=4.47329 train/value_loss=1627.95 train/grad_norm=447.623
[V25 PPO] phase=0 rollout/transitions=28672 safety/h_hard_min=4.47063 train/value_loss=1563.73 train/grad_norm=432.265
[V25 PPO] phase=0 rollout/transitions=32768 safety/h_hard_min=4.4722 train/value_loss=1506.97 train/grad_norm=430.585
[V25 PPO] phase=0 rollout/transitions=36864 safety/h_hard_min=4.47108 train/value_loss=1500.13 train/grad_norm=424.639
[V25 PPO] phase=0 rollout/transitions=40960 safety/h_hard_min=4.47061 train/value_loss=1569.26 train/grad_norm=436.648
[V25 PPO] phase=0 rollout/transitions=45056 safety/h_hard_min=4.47159 train/value_loss=1453.69 train/grad_norm=416.491
[V25 PPO] phase=0 rollout/transitions=49152 safety/h_hard_min=4.47025 train/value_loss=1614.28 train/grad_norm=445.71
[V25 PPO] phase=0 rollout/transitions=53248 safety/h_hard_min=4.47186 train/value_loss=1416.18 train/grad_norm=422.911
[V25 PPO] phase=0 rollout/transitions=57344 safety/h_hard_min=4.47083 train/value_loss=1467.54 train/grad_norm=417.886
[V25 PPO] phase=0 rollout/transitions=61440 safety/h_hard_min=4.47293 train/value_loss=1424.68 train/grad_norm=408.62
[V25 PPO] phase=0 rollout/transitions=65536 safety/h_hard_min=4.47108 train/value_loss=1433.57 train/grad_norm=413.916
[V25 PPO] phase=0 rollout/transitions=69632 safety/h_hard_min=4.47358 train/value_loss=1532.42 train/grad_norm=426.728
[V25 PPO] phase=0 rollout/transitions=73728 safety/h_hard_min=4.47189 train/value_loss=1395.46 train/grad_norm=407.916
[V25 PPO] phase=0 rollout/transitions=77824 safety/h_hard_min=4.47233 train/value_loss=1403.02 train/grad_norm=406.222
[V25 PPO] phase=0 rollout/transitions=81920 safety/h_hard_min=4.46728 train/value_loss=1596.04 train/grad_norm=441.493
[V25 PPO] phase=0 rollout/transitions=86016 safety/h_hard_min=4.47202 train/value_loss=1400.47 train/grad_norm=405.867
[V25 PPO] phase=0 rollout/transitions=90112 safety/h_hard_min=4.47166 train/value_loss=1412.03 train/grad_norm=414.777
[V25 PPO] phase=0 rollout/transitions=94208 safety/h_hard_min=4.46943 train/value_loss=1408.7 train/grad_norm=409.229
[V25 PPO] phase=0 rollout/transitions=98304 safety/h_hard_min=4.4734 train/value_loss=1359.3 train/grad_norm=401.416
[V25 PPO] phase=0 rollout/transitions=102400 safety/h_hard_min=4.47152 train/value_loss=1384.7 train/grad_norm=409.042
[V25 PPO] phase=0 rollout/transitions=106496 safety/h_hard_min=4.47241 train/value_loss=1363.71 train/grad_norm=396.724
[V25 PPO] phase=0 rollout/transitions=110592 safety/h_hard_min=4.47043 train/value_loss=1336.25 train/grad_norm=393.31
[V25 PPO] phase=0 rollout/transitions=114688 safety/h_hard_min=4.47197 train/value_loss=1342.65 train/grad_norm=397.363
[V25 PPO] phase=0 rollout/transitions=118784 safety/h_hard_min=4.47578 train/value_loss=1314.87 train/grad_norm=391.445
[V25 PPO] phase=0 rollout/transitions=122880 safety/h_hard_min=4.47253 train/value_loss=1354.06 train/grad_norm=401.262
[V25 PPO] phase=0 rollout/transitions=126976 safety/h_hard_min=4.47426 train/value_loss=1411.21 train/grad_norm=411.112
[V25 PPO] phase=0 rollout/transitions=131072 safety/h_hard_min=4.46874 train/value_loss=1398.84 train/grad_norm=408.847
[V25 PPO] phase=0 rollout/transitions=135168 safety/h_hard_min=4.46838 train/value_loss=1412.63 train/grad_norm=407.688
[V25 PPO] phase=0 rollout/transitions=139264 safety/h_hard_min=4.46919 train/value_loss=1452.83 train/grad_norm=417.559
[V25 PPO] phase=0 rollout/transitions=143360 safety/h_hard_min=4.47212 train/value_loss=1317.45 train/grad_norm=396.707
[V25 PPO] phase=0 rollout/transitions=147456 safety/h_hard_min=4.47256 train/value_loss=1322.81 train/grad_norm=390.137
[V25 PPO] phase=0 rollout/transitions=151552 safety/h_hard_min=4.47045 train/value_loss=1334.53 train/grad_norm=403.439
[V25 PPO] phase=0 rollout/transitions=155648 safety/h_hard_min=4.47073 train/value_loss=1418.4 train/grad_norm=411.499
[V25 PPO] phase=0 rollout/transitions=159744 safety/h_hard_min=4.47081 train/value_loss=1198.94 train/grad_norm=373.01
[V25 PPO] phase=0 rollout/transitions=163840 safety/h_hard_min=4.46958 train/value_loss=1273.39 train/grad_norm=382.691
[V25 PPO] phase=0 rollout/transitions=167936 safety/h_hard_min=4.47275 train/value_loss=1322.76 train/grad_norm=391.845
[V25 PPO] phase=0 rollout/transitions=172032 safety/h_hard_min=4.47294 train/value_loss=1328.03 train/grad_norm=394.741
[V25 PPO] phase=0 rollout/transitions=176128 safety/h_hard_min=4.47363 train/value_loss=1304.81 train/grad_norm=389.486
[V25 PPO] phase=0 rollout/transitions=180224 safety/h_hard_min=4.47172 train/value_loss=1291.76 train/grad_norm=392.056
[V25 PPO] phase=0 rollout/transitions=184320 safety/h_hard_min=4.46962 train/value_loss=1217.31 train/grad_norm=374.505
[V25 PPO] phase=0 rollout/transitions=188416 safety/h_hard_min=4.47167 train/value_loss=1450.09 train/grad_norm=419.767
[V25 PPO] phase=0 rollout/transitions=192512 safety/h_hard_min=4.47021 train/value_loss=1406.3 train/grad_norm=404.748
[V25 PPO] phase=0 rollout/transitions=196608 safety/h_hard_min=4.47201 train/value_loss=1270.49 train/grad_norm=388.358
[V25 PPO] phase=0 rollout/transitions=200704 safety/h_hard_min=4.4725 train/value_loss=1353.04 train/grad_norm=390.181
[V25 PPO] phase=0 rollout/transitions=204800 safety/h_hard_min=4.46976 train/value_loss=1277.93 train/grad_norm=381.597
[V25 PPO] phase=0 rollout/transitions=208896 safety/h_hard_min=4.47291 train/value_loss=1238.03 train/grad_norm=375.253
[V25 PPO] phase=0 rollout/transitions=212992 safety/h_hard_min=4.47372 train/value_loss=1303.24 train/grad_norm=392.846
[V25 PPO] phase=0 rollout/transitions=217088 safety/h_hard_min=4.47286 train/value_loss=1113.66 train/grad_norm=347.288
[V25 PPO] phase=0 rollout/transitions=221184 safety/h_hard_min=4.4733 train/value_loss=1205.04 train/grad_norm=365.573
[V25 PPO] phase=0 rollout/transitions=225280 safety/h_hard_min=4.47316 train/value_loss=1317.04 train/grad_norm=399.639
[V25 PPO] phase=0 rollout/transitions=229376 safety/h_hard_min=4.47325 train/value_loss=1334.95 train/grad_norm=395.019
[V25 PPO] phase=0 rollout/transitions=233472 safety/h_hard_min=4.46996 train/value_loss=1249.16 train/grad_norm=379.874
[V25 PPO] phase=0 rollout/transitions=237568 safety/h_hard_min=4.47038 train/value_loss=1175.96 train/grad_norm=361.874
[V25 PPO] phase=0 rollout/transitions=241664 safety/h_hard_min=4.47043 train/value_loss=1173.24 train/grad_norm=364.86
[V25 PPO] phase=0 rollout/transitions=245760 safety/h_hard_min=4.47167 train/value_loss=1167.03 train/grad_norm=367.398
[V25 PPO] phase=0 rollout/transitions=249856 safety/h_hard_min=4.47174 train/value_loss=1251.48 train/grad_norm=378.597
[V25 PPO] phase=0 rollout/transitions=253952 safety/h_hard_min=4.47221 train/value_loss=1084.7 train/grad_norm=346.175
[V25 PPO] phase=0 rollout/transitions=258048 safety/h_hard_min=4.47301 train/value_loss=1171 train/grad_norm=364.672
[V25 PPO] phase=0 rollout/transitions=262144 safety/h_hard_min=4.47088 train/value_loss=1216.54 train/grad_norm=370.403
[V25 PPO] phase=0 rollout/transitions=266240 safety/h_hard_min=4.47169 train/value_loss=1147.26 train/grad_norm=357.817
[V25 PPO] phase=0 rollout/transitions=270336 safety/h_hard_min=4.47269 train/value_loss=956.5 train/grad_norm=329.675
[V25 PPO] phase=0 rollout/transitions=274432 safety/h_hard_min=4.47164 train/value_loss=1222.43 train/grad_norm=370.744
[V25 PPO] phase=0 rollout/transitions=278528 safety/h_hard_min=4.47175 train/value_loss=1096.64 train/grad_norm=348.757
[V25 PPO] phase=0 rollout/transitions=282624 safety/h_hard_min=4.47375 train/value_loss=1148.79 train/grad_norm=361.389
[V25 PPO] phase=0 rollout/transitions=286720 safety/h_hard_min=4.47108 train/value_loss=1214.31 train/grad_norm=374.56
[V25 PPO] phase=0 rollout/transitions=290816 safety/h_hard_min=4.46852 train/value_loss=1267.99 train/grad_norm=382.348
[V25 PPO] phase=0 rollout/transitions=294912 safety/h_hard_min=4.47143 train/value_loss=1084.6 train/grad_norm=345.097
[V25 PPO] phase=0 rollout/transitions=299008 safety/h_hard_min=4.47157 train/value_loss=1042.19 train/grad_norm=335.341
[V25 PPO] phase=0 rollout/transitions=303104 safety/h_hard_min=4.47058 train/value_loss=1117.18 train/grad_norm=351.971
[V25 PPO] phase=0 rollout/transitions=307200 safety/h_hard_min=4.47117 train/value_loss=1087.37 train/grad_norm=351.222
[V25 PPO] phase=0 rollout/transitions=311296 safety/h_hard_min=4.47022 train/value_loss=1093.64 train/grad_norm=341.441
[V25 PPO] phase=0 rollout/transitions=315392 safety/h_hard_min=4.47217 train/value_loss=1042.34 train/grad_norm=341.174
[V25 PPO] phase=0 rollout/transitions=319488 safety/h_hard_min=4.47144 train/value_loss=1102.44 train/grad_norm=344.7
[V25 PPO] phase=0 rollout/transitions=323584 safety/h_hard_min=4.46952 train/value_loss=1131.29 train/grad_norm=355.912
[V25 PPO] phase=0 rollout/transitions=327680 safety/h_hard_min=4.47187 train/value_loss=1042.34 train/grad_norm=336.401
[V25 PPO] phase=0 rollout/transitions=331776 safety/h_hard_min=4.47189 train/value_loss=1090.1 train/grad_norm=350.615
[V25 PPO] phase=0 rollout/transitions=335872 safety/h_hard_min=4.47103 train/value_loss=1042.11 train/grad_norm=340.141
[V25 PPO] phase=0 rollout/transitions=339968 safety/h_hard_min=4.46796 train/value_loss=1014.29 train/grad_norm=319.142
[V25 PPO] phase=0 rollout/transitions=344064 safety/h_hard_min=4.4728 train/value_loss=1030.85 train/grad_norm=333.226
[V25 PPO] phase=0 rollout/transitions=348160 safety/h_hard_min=4.4738 train/value_loss=1044.44 train/grad_norm=334.137
[V25 PPO] phase=0 rollout/transitions=352256 safety/h_hard_min=4.47424 train/value_loss=1071.38 train/grad_norm=344.739
[V25 PPO] phase=0 rollout/transitions=356352 safety/h_hard_min=4.47207 train/value_loss=994.504 train/grad_norm=331.869
[V25 PPO] phase=0 rollout/transitions=360448 safety/h_hard_min=4.47154 train/value_loss=1009.23 train/grad_norm=324.989
[V25 PPO] phase=0 rollout/transitions=364544 safety/h_hard_min=4.47238 train/value_loss=1088.48 train/grad_norm=343.29
[V25 PPO] phase=0 rollout/transitions=368640 safety/h_hard_min=4.46998 train/value_loss=1028.68 train/grad_norm=332.044
[V25 PPO] phase=0 rollout/transitions=372736 safety/h_hard_min=4.4721 train/value_loss=1028.15 train/grad_norm=323.491
[V25 PPO] phase=0 rollout/transitions=376832 safety/h_hard_min=4.47306 train/value_loss=1061.23 train/grad_norm=349.793
[V25 PPO] phase=0 rollout/transitions=380928 safety/h_hard_min=4.47265 train/value_loss=889.273 train/grad_norm=300.982
[V25 PPO] phase=0 rollout/transitions=385024 safety/h_hard_min=4.47434 train/value_loss=1015.21 train/grad_norm=337.577
[V25 PPO] phase=0 rollout/transitions=389120 safety/h_hard_min=4.47393 train/value_loss=1033.17 train/grad_norm=320.018
[V25 PPO] phase=0 rollout/transitions=393216 safety/h_hard_min=4.47348 train/value_loss=1068.59 train/grad_norm=339.567
[V25 PPO] phase=0 rollout/transitions=397312 safety/h_hard_min=4.47289 train/value_loss=1003.19 train/grad_norm=328.693
[V25 PPO] phase=0 rollout/transitions=401408 safety/h_hard_min=4.47188 train/value_loss=1078.11 train/grad_norm=336.25
[V25 PPO] phase=0 rollout/transitions=405504 safety/h_hard_min=4.46783 train/value_loss=1026.81 train/grad_norm=329.258
[V25 PPO] phase=0 rollout/transitions=409600 safety/h_hard_min=4.47004 train/value_loss=1027.54 train/grad_norm=332.734
[V25 PPO] phase=0 rollout/transitions=413696 safety/h_hard_min=4.47238 train/value_loss=947.142 train/grad_norm=304.419
[V25 PPO] phase=0 rollout/transitions=417792 safety/h_hard_min=4.47431 train/value_loss=963.495 train/grad_norm=311.843
[V25 PPO] phase=0 rollout/transitions=421888 safety/h_hard_min=4.47032 train/value_loss=939.593 train/grad_norm=306.002
[V25 PPO] phase=0 rollout/transitions=425984 safety/h_hard_min=4.47427 train/value_loss=954.15 train/grad_norm=315.913
[V25 PPO] phase=0 rollout/transitions=430080 safety/h_hard_min=4.47123 train/value_loss=1035.59 train/grad_norm=325.911
[V25 PPO] phase=0 rollout/transitions=434176 safety/h_hard_min=4.47336 train/value_loss=941.923 train/grad_norm=313.419
[V25 PPO] phase=0 rollout/transitions=438272 safety/h_hard_min=4.47483 train/value_loss=1017.32 train/grad_norm=320.783
[V25 PPO] phase=0 rollout/transitions=442368 safety/h_hard_min=4.47118 train/value_loss=891.549 train/grad_norm=302.124
[V25 PPO] phase=0 rollout/transitions=446464 safety/h_hard_min=4.47131 train/value_loss=879.999 train/grad_norm=297.131
[V25 PPO] phase=0 rollout/transitions=450560 safety/h_hard_min=4.47299 train/value_loss=919.363 train/grad_norm=302.06
[V25 PPO] phase=0 rollout/transitions=454656 safety/h_hard_min=4.47403 train/value_loss=1001.64 train/grad_norm=331.619
[V25 PPO] phase=0 rollout/transitions=458752 safety/h_hard_min=4.47206 train/value_loss=939.458 train/grad_norm=313.725
[V25 PPO] phase=0 rollout/transitions=462848 safety/h_hard_min=4.47119 train/value_loss=853.473 train/grad_norm=298.085
[V25 PPO] phase=0 rollout/transitions=466944 safety/h_hard_min=4.47042 train/value_loss=1005.7 train/grad_norm=314.812
[V25 PPO] phase=0 rollout/transitions=471040 safety/h_hard_min=4.47443 train/value_loss=874.348 train/grad_norm=295.865
[V25 PPO] phase=0 rollout/transitions=475136 safety/h_hard_min=4.47279 train/value_loss=892.759 train/grad_norm=303.05
[V25 PPO] phase=0 rollout/transitions=479232 safety/h_hard_min=4.47253 train/value_loss=945.971 train/grad_norm=310.418
[V25 PPO] phase=0 rollout/transitions=483328 safety/h_hard_min=4.47213 train/value_loss=924.773 train/grad_norm=303.138
[V25 PPO] phase=0 rollout/transitions=487424 safety/h_hard_min=4.47026 train/value_loss=927.056 train/grad_norm=310.458
[V25 PPO] phase=0 rollout/transitions=491520 safety/h_hard_min=4.4711 train/value_loss=929.333 train/grad_norm=307.819
[V25 PPO] phase=0 rollout/transitions=495616 safety/h_hard_min=4.4715 train/value_loss=947.055 train/grad_norm=306.725
[V25 PPO] phase=0 rollout/transitions=499712 safety/h_hard_min=4.47349 train/value_loss=903.013 train/grad_norm=300.44
[V25 PPO] phase=0 rollout/transitions=503808 safety/h_hard_min=4.47421 train/value_loss=842.867 train/grad_norm=285.48
[V25 PPO] phase=0 rollout/transitions=507904 safety/h_hard_min=4.47195 train/value_loss=837.094 train/grad_norm=279.683
[V25 PPO] phase=0 rollout/transitions=512000 safety/h_hard_min=4.47074 train/value_loss=795.21 train/grad_norm=276.655
[V25 PPO] phase=0 rollout/transitions=516096 safety/h_hard_min=4.47412 train/value_loss=940.287 train/grad_norm=305.043
[V25 PPO] phase=0 rollout/transitions=520192 safety/h_hard_min=4.47288 train/value_loss=846.603 train/grad_norm=283.994
[V25 PPO] phase=0 rollout/transitions=524288 safety/h_hard_min=4.46542 train/value_loss=792.914 train/grad_norm=268.314
[V25 PPO] phase=0 rollout/transitions=528384 safety/h_hard_min=4.4726 train/value_loss=890.058 train/grad_norm=295.572
[V25 PPO] phase=0 rollout/transitions=532480 safety/h_hard_min=4.46907 train/value_loss=868.76 train/grad_norm=286.319
[V25 PPO] phase=0 rollout/transitions=536576 safety/h_hard_min=4.47124 train/value_loss=865.517 train/grad_norm=292.943
[V25 PPO] phase=0 rollout/transitions=540672 safety/h_hard_min=4.47122 train/value_loss=818.354 train/grad_norm=280.366
[V25 PPO] phase=0 rollout/transitions=544768 safety/h_hard_min=4.47275 train/value_loss=870.887 train/grad_norm=299.727
[V25 PPO] phase=0 rollout/transitions=548864 safety/h_hard_min=4.46861 train/value_loss=810.142 train/grad_norm=271.705
[V25 PPO] phase=0 rollout/transitions=552960 safety/h_hard_min=4.47103 train/value_loss=838.491 train/grad_norm=286.38
[V25 PPO] phase=0 rollout/transitions=557056 safety/h_hard_min=4.4689 train/value_loss=765.943 train/grad_norm=267.51
[V25 PPO] phase=0 rollout/transitions=561152 safety/h_hard_min=4.47173 train/value_loss=916.386 train/grad_norm=299.312
[V25 PPO] phase=0 rollout/transitions=565248 safety/h_hard_min=4.47224 train/value_loss=753.865 train/grad_norm=261.382
[V25 PPO] phase=0 rollout/transitions=569344 safety/h_hard_min=4.47223 train/value_loss=763.535 train/grad_norm=264.165
[V25 PPO] phase=0 rollout/transitions=573440 safety/h_hard_min=4.47182 train/value_loss=810.944 train/grad_norm=278.434
[V25 PPO] phase=0 rollout/transitions=577536 safety/h_hard_min=4.47083 train/value_loss=815.918 train/grad_norm=276.507
[V25 PPO] phase=0 rollout/transitions=581632 safety/h_hard_min=4.46975 train/value_loss=821.048 train/grad_norm=277.172
[V25 PPO] phase=0 rollout/transitions=585728 safety/h_hard_min=4.47378 train/value_loss=818.129 train/grad_norm=274.613
[V25 PPO] phase=0 rollout/transitions=589824 safety/h_hard_min=4.47354 train/value_loss=714.507 train/grad_norm=251.391
[V25 PPO] phase=0 rollout/transitions=593920 safety/h_hard_min=4.47167 train/value_loss=776.373 train/grad_norm=269.342
[V25 PPO] phase=0 rollout/transitions=598016 safety/h_hard_min=4.46845 train/value_loss=838.543 train/grad_norm=286.318
[V25 PPO] phase=0 rollout/transitions=602112 safety/h_hard_min=4.47179 train/value_loss=776.708 train/grad_norm=263.359
[V25 PPO] phase=0 rollout/transitions=606208 safety/h_hard_min=4.47065 train/value_loss=741.089 train/grad_norm=257.279
[V25 PPO] phase=0 rollout/transitions=610304 safety/h_hard_min=4.47432 train/value_loss=842.311 train/grad_norm=275.129
[V25 PPO] phase=0 rollout/transitions=614400 safety/h_hard_min=4.47042 train/value_loss=797.043 train/grad_norm=264.997
[V25 PPO] phase=0 rollout/transitions=618496 safety/h_hard_min=4.4689 train/value_loss=769.676 train/grad_norm=260.658
[V25 PPO] phase=0 rollout/transitions=622592 safety/h_hard_min=4.47174 train/value_loss=664.114 train/grad_norm=240.765
[V25 PPO] phase=0 rollout/transitions=626688 safety/h_hard_min=4.47346 train/value_loss=699.628 train/grad_norm=238.964
[V25 PPO] phase=0 rollout/transitions=630784 safety/h_hard_min=4.46977 train/value_loss=751.787 train/grad_norm=257.421
[V25 PPO] phase=0 rollout/transitions=634880 safety/h_hard_min=4.47241 train/value_loss=606.669 train/grad_norm=227.511
[V25 PPO] phase=0 rollout/transitions=638976 safety/h_hard_min=4.47161 train/value_loss=719.006 train/grad_norm=253.344
[V25 PPO] phase=0 rollout/transitions=643072 safety/h_hard_min=4.47312 train/value_loss=766.228 train/grad_norm=262.711
[V25 PPO] phase=0 rollout/transitions=647168 safety/h_hard_min=4.47206 train/value_loss=802.746 train/grad_norm=268.52
[V25 PPO] phase=0 rollout/transitions=651264 safety/h_hard_min=4.4724 train/value_loss=720.737 train/grad_norm=244.896
[V25 PPO] phase=0 rollout/transitions=655360 safety/h_hard_min=4.47088 train/value_loss=798.959 train/grad_norm=271.127
[V25 PPO] phase=0 rollout/transitions=659456 safety/h_hard_min=4.47356 train/value_loss=703.72 train/grad_norm=238.462
[V25 PPO] phase=0 rollout/transitions=663552 safety/h_hard_min=4.47196 train/value_loss=643.41 train/grad_norm=226.269
[V25 PPO] phase=0 rollout/transitions=667648 safety/h_hard_min=4.47206 train/value_loss=726.923 train/grad_norm=248.027
[V25 PPO] phase=0 rollout/transitions=671744 safety/h_hard_min=4.47235 train/value_loss=722.951 train/grad_norm=255.038
[V25 PPO] phase=0 rollout/transitions=675840 safety/h_hard_min=4.47296 train/value_loss=779.332 train/grad_norm=260.154
[V25 PPO] phase=0 rollout/transitions=679936 safety/h_hard_min=4.47293 train/value_loss=699.638 train/grad_norm=250.9
[V25 PPO] phase=0 rollout/transitions=684032 safety/h_hard_min=4.46995 train/value_loss=753.054 train/grad_norm=257.101
[V25 PPO] phase=0 rollout/transitions=688128 safety/h_hard_min=4.47184 train/value_loss=662.047 train/grad_norm=220.92
[V25 PPO] phase=0 rollout/transitions=692224 safety/h_hard_min=4.47252 train/value_loss=691.412 train/grad_norm=244.029
[V25 PPO] phase=0 rollout/transitions=696320 safety/h_hard_min=4.47215 train/value_loss=696.092 train/grad_norm=241.231
[V25 PPO] phase=0 rollout/transitions=700416 safety/h_hard_min=4.47288 train/value_loss=758.388 train/grad_norm=249.134
[V25 PPO] phase=0 rollout/transitions=704512 safety/h_hard_min=4.46952 train/value_loss=675.527 train/grad_norm=237.708
[V25 PPO] phase=0 rollout/transitions=708608 safety/h_hard_min=4.47383 train/value_loss=705.397 train/grad_norm=237.75
[V25 PPO] phase=0 rollout/transitions=712704 safety/h_hard_min=4.47148 train/value_loss=625.927 train/grad_norm=228.955
[V25 PPO] phase=0 rollout/transitions=716800 safety/h_hard_min=4.47502 train/value_loss=730.416 train/grad_norm=243.66
[V25 PPO] phase=0 rollout/transitions=720896 safety/h_hard_min=4.47186 train/value_loss=779.8 train/grad_norm=270.136
[V25 PPO] phase=0 rollout/transitions=724992 safety/h_hard_min=4.4717 train/value_loss=666.791 train/grad_norm=220.713
[V25 PPO] phase=0 rollout/transitions=729088 safety/h_hard_min=4.46932 train/value_loss=671.741 train/grad_norm=237.807
[V25 PPO] phase=0 rollout/transitions=733184 safety/h_hard_min=4.47221 train/value_loss=686.255 train/grad_norm=249.672
[V25 PPO] phase=0 rollout/transitions=737280 safety/h_hard_min=4.47206 train/value_loss=694.414 train/grad_norm=219.681
[V25 PPO] phase=0 rollout/transitions=741376 safety/h_hard_min=4.47436 train/value_loss=617.804 train/grad_norm=217.342
[V25 PPO] phase=0 rollout/transitions=745472 safety/h_hard_min=4.47237 train/value_loss=745.082 train/grad_norm=259.605
[V25 PPO] phase=0 rollout/transitions=749568 safety/h_hard_min=4.47163 train/value_loss=657.497 train/grad_norm=227.766
[V25 PPO] phase=0 rollout/transitions=753664 safety/h_hard_min=4.47296 train/value_loss=580.755 train/grad_norm=202.975
[V25 PPO] phase=0 rollout/transitions=757760 safety/h_hard_min=4.47124 train/value_loss=570.665 train/grad_norm=204.324
[V25 PPO] phase=0 rollout/transitions=761856 safety/h_hard_min=4.47027 train/value_loss=647.921 train/grad_norm=234.761
[V25 PPO] phase=0 rollout/transitions=765952 safety/h_hard_min=4.47366 train/value_loss=596.063 train/grad_norm=216.107
[V25 PPO] phase=0 rollout/transitions=770048 safety/h_hard_min=4.47345 train/value_loss=617.404 train/grad_norm=213.192
[V25 PPO] phase=0 rollout/transitions=774144 safety/h_hard_min=4.47198 train/value_loss=599.324 train/grad_norm=220.172
[V25 PPO] phase=0 rollout/transitions=778240 safety/h_hard_min=4.4724 train/value_loss=680.649 train/grad_norm=238.521
[V25 PPO] phase=0 rollout/transitions=782336 safety/h_hard_min=4.47254 train/value_loss=639.712 train/grad_norm=222.947
[V25 PPO] phase=0 rollout/transitions=786432 safety/h_hard_min=4.47207 train/value_loss=633.877 train/grad_norm=221.375
[V25 PPO] phase=0 rollout/transitions=790528 safety/h_hard_min=4.4709 train/value_loss=614.16 train/grad_norm=209.72
[V25 PPO] phase=0 rollout/transitions=794624 safety/h_hard_min=4.47138 train/value_loss=631.714 train/grad_norm=217.458
[V25 PPO] phase=0 rollout/transitions=798720 safety/h_hard_min=4.47059 train/value_loss=556.632 train/grad_norm=198.995
[V25 PPO] phase=0 rollout/transitions=802816 safety/h_hard_min=4.47205 train/value_loss=577.91 train/grad_norm=211.348
[V25 PPO] phase=0 rollout/transitions=806912 safety/h_hard_min=4.47302 train/value_loss=618.369 train/grad_norm=213.222
[V25 PPO] phase=0 rollout/transitions=811008 safety/h_hard_min=4.4719 train/value_loss=635.919 train/grad_norm=214.508
[V25 PPO] phase=0 rollout/transitions=815104 safety/h_hard_min=4.47436 train/value_loss=593.383 train/grad_norm=207.178
[V25 PPO] phase=0 rollout/transitions=819200 safety/h_hard_min=4.47373 train/value_loss=619.628 train/grad_norm=203.715
[V25 PPO] phase=0 rollout/transitions=823296 safety/h_hard_min=4.47381 train/value_loss=561.853 train/grad_norm=198.019
[V25 PPO] phase=0 rollout/transitions=827392 safety/h_hard_min=4.47332 train/value_loss=598.752 train/grad_norm=204.709
[V25 PPO] phase=0 rollout/transitions=831488 safety/h_hard_min=4.47324 train/value_loss=596.027 train/grad_norm=198.738
[V25 PPO] phase=0 rollout/transitions=835584 safety/h_hard_min=4.47168 train/value_loss=617.191 train/grad_norm=212.211
[V25 PPO] phase=0 rollout/transitions=839680 safety/h_hard_min=4.47348 train/value_loss=609.087 train/grad_norm=212.233
[V25 PPO] phase=0 rollout/transitions=843776 safety/h_hard_min=4.47167 train/value_loss=553.714 train/grad_norm=184.359
[V25 PPO] phase=0 rollout/transitions=847872 safety/h_hard_min=4.4744 train/value_loss=553.086 train/grad_norm=199.299
[V25 PPO] phase=0 rollout/transitions=851968 safety/h_hard_min=4.47397 train/value_loss=560.268 train/grad_norm=202.183
[V25 PPO] phase=0 rollout/transitions=856064 safety/h_hard_min=4.47304 train/value_loss=577.018 train/grad_norm=201.704
[V25 PPO] phase=0 rollout/transitions=860160 safety/h_hard_min=4.47236 train/value_loss=568.729 train/grad_norm=193.263
[V25 PPO] phase=0 rollout/transitions=864256 safety/h_hard_min=4.47401 train/value_loss=611.971 train/grad_norm=201.677
[V25 PPO] phase=0 rollout/transitions=868352 safety/h_hard_min=4.47141 train/value_loss=580.548 train/grad_norm=202.707
[V25 PPO] phase=0 rollout/transitions=872448 safety/h_hard_min=4.47145 train/value_loss=544.532 train/grad_norm=185.885
[V25 PPO] phase=0 rollout/transitions=876544 safety/h_hard_min=4.47119 train/value_loss=541.89 train/grad_norm=194.315
[V25 PPO] phase=0 rollout/transitions=880640 safety/h_hard_min=4.47105 train/value_loss=489.569 train/grad_norm=172.2
[V25 PPO] phase=0 rollout/transitions=884736 safety/h_hard_min=4.47156 train/value_loss=603.418 train/grad_norm=200.04
[V25 PPO] phase=0 rollout/transitions=888832 safety/h_hard_min=4.47158 train/value_loss=509.253 train/grad_norm=167.152
[V25 PPO] phase=0 rollout/transitions=892928 safety/h_hard_min=4.47198 train/value_loss=523.169 train/grad_norm=185.272
[V25 PPO] phase=0 rollout/transitions=897024 safety/h_hard_min=4.47187 train/value_loss=520.024 train/grad_norm=172.075
[V25 PPO] phase=0 rollout/transitions=901120 safety/h_hard_min=4.46885 train/value_loss=534.299 train/grad_norm=193.109
[V25 PPO] phase=0 rollout/transitions=905216 safety/h_hard_min=4.47116 train/value_loss=578.446 train/grad_norm=200.966
[V25 PPO] phase=0 rollout/transitions=909312 safety/h_hard_min=4.47059 train/value_loss=586.143 train/grad_norm=198.268
[V25 PPO] phase=0 rollout/transitions=913408 safety/h_hard_min=4.47318 train/value_loss=515.742 train/grad_norm=184.368
[V25 PPO] phase=0 rollout/transitions=917504 safety/h_hard_min=4.47431 train/value_loss=578.414 train/grad_norm=198.595
[V25 PPO] phase=0 rollout/transitions=921600 safety/h_hard_min=4.47282 train/value_loss=493.931 train/grad_norm=166.025
[V25 PPO] phase=0 rollout/transitions=925696 safety/h_hard_min=4.46936 train/value_loss=473.807 train/grad_norm=168.266
[V25 PPO] phase=0 rollout/transitions=929792 safety/h_hard_min=4.47264 train/value_loss=475.082 train/grad_norm=166.842
[V25 PPO] phase=0 rollout/transitions=933888 safety/h_hard_min=4.47311 train/value_loss=567.396 train/grad_norm=186.488
[V25 PPO] phase=0 rollout/transitions=937984 safety/h_hard_min=4.46925 train/value_loss=528.335 train/grad_norm=178.791
[V25 PPO] phase=0 rollout/transitions=942080 safety/h_hard_min=4.47353 train/value_loss=544.848 train/grad_norm=179.816
[V25 PPO] phase=0 rollout/transitions=946176 safety/h_hard_min=4.47193 train/value_loss=538.506 train/grad_norm=185.211
[V25 PPO] phase=0 rollout/transitions=950272 safety/h_hard_min=4.47194 train/value_loss=528.358 train/grad_norm=182.396
[V25 PPO] phase=0 rollout/transitions=954368 safety/h_hard_min=4.47074 train/value_loss=468.664 train/grad_norm=159.554
[V25 PPO] phase=0 rollout/transitions=958464 safety/h_hard_min=4.47227 train/value_loss=465.93 train/grad_norm=152.568
[V25 PPO] phase=0 rollout/transitions=962560 safety/h_hard_min=4.4691 train/value_loss=468.06 train/grad_norm=169.837
[V25 PPO] phase=0 rollout/transitions=966656 safety/h_hard_min=4.47398 train/value_loss=436.993 train/grad_norm=146.972
[V25 PPO] phase=0 rollout/transitions=970752 safety/h_hard_min=4.47274 train/value_loss=496.784 train/grad_norm=165.819
[V25 PPO] phase=0 rollout/transitions=974848 safety/h_hard_min=4.47247 train/value_loss=513.432 train/grad_norm=173.723
[V25 PPO] phase=0 rollout/transitions=978944 safety/h_hard_min=4.4705 train/value_loss=447.871 train/grad_norm=157.509
[V25 PPO] phase=0 rollout/transitions=983040 safety/h_hard_min=4.47323 train/value_loss=453.919 train/grad_norm=158.66
[V25 PPO] phase=0 rollout/transitions=987136 safety/h_hard_min=4.47454 train/value_loss=497.627 train/grad_norm=174.565
[V25 PPO] phase=0 rollout/transitions=991232 safety/h_hard_min=4.47249 train/value_loss=456.288 train/grad_norm=147.29
[V25 PPO] phase=0 rollout/transitions=995328 safety/h_hard_min=4.47207 train/value_loss=450.083 train/grad_norm=154.717
[V25 PPO] phase=0 rollout/transitions=999424 safety/h_hard_min=4.47331 train/value_loss=513.948 train/grad_norm=177.025
[V25 PPO] phase=0 rollout/transitions=1003520 safety/h_hard_min=4.47104 train/value_loss=419.216 train/grad_norm=143.497
[V25 PPO] phase=0 rollout/transitions=1007616 safety/h_hard_min=4.47234 train/value_loss=427.013 train/grad_norm=140.887
[V25 PPO] phase=0 rollout/transitions=1011712 safety/h_hard_min=4.47272 train/value_loss=515.05 train/grad_norm=175.204
[V25 PPO] phase=0 rollout/transitions=1015808 safety/h_hard_min=4.47239 train/value_loss=414.191 train/grad_norm=146.973
[V25 PPO] phase=0 rollout/transitions=1019904 safety/h_hard_min=4.47071 train/value_loss=445.297 train/grad_norm=141.426
[V25 PPO] phase=0 rollout/transitions=1024000 safety/h_hard_min=4.47036 train/value_loss=476.757 train/grad_norm=152.333
[V25 PPO] phase=0 rollout/transitions=1028096 safety/h_hard_min=4.47278 train/value_loss=436.498 train/grad_norm=150.174
[V25 PPO] phase=0 rollout/transitions=1032192 safety/h_hard_min=4.47196 train/value_loss=439.204 train/grad_norm=143.86
[V25 PPO] phase=0 rollout/transitions=1036288 safety/h_hard_min=4.47278 train/value_loss=465.506 train/grad_norm=165.044
[V25 PPO] phase=0 rollout/transitions=1040384 safety/h_hard_min=4.47128 train/value_loss=426.041 train/grad_norm=169.233
[V25 PPO] phase=0 rollout/transitions=1044480 safety/h_hard_min=4.47114 train/value_loss=488.772 train/grad_norm=164.423
[V25 PPO] phase=0 rollout/transitions=1048576 safety/h_hard_min=4.47235 train/value_loss=420.205 train/grad_norm=135.863
[V25 PPO] phase=0 rollout/transitions=1052672 safety/h_hard_min=4.47148 train/value_loss=446.709 train/grad_norm=159.495
[V25 PPO] phase=0 rollout/transitions=1056768 safety/h_hard_min=4.47246 train/value_loss=426.324 train/grad_norm=135.152
[V25 PPO] phase=0 rollout/transitions=1060864 safety/h_hard_min=4.4748 train/value_loss=402.787 train/grad_norm=129.619
[V25 PPO] phase=0 rollout/transitions=1064960 safety/h_hard_min=4.46944 train/value_loss=470.323 train/grad_norm=150.205
[V25 PPO] phase=0 rollout/transitions=1069056 safety/h_hard_min=4.47014 train/value_loss=425.374 train/grad_norm=143.15
[V25 PPO] phase=0 rollout/transitions=1073152 safety/h_hard_min=4.47377 train/value_loss=405.229 train/grad_norm=138.091
[V25 PPO] phase=0 rollout/transitions=1077248 safety/h_hard_min=4.4721 train/value_loss=436.501 train/grad_norm=147.591
[V25 PPO] phase=0 rollout/transitions=1081344 safety/h_hard_min=4.47127 train/value_loss=390.032 train/grad_norm=118.125
[V25 PPO] phase=0 rollout/transitions=1085440 safety/h_hard_min=4.46954 train/value_loss=343.772 train/grad_norm=111.505
[V25 PPO] phase=0 rollout/transitions=1089536 safety/h_hard_min=4.46984 train/value_loss=401.95 train/grad_norm=128.292
[V25 PPO] phase=0 rollout/transitions=1093632 safety/h_hard_min=4.47006 train/value_loss=406.454 train/grad_norm=128.578
[V25 PPO] phase=0 rollout/transitions=1097728 safety/h_hard_min=4.473 train/value_loss=413.244 train/grad_norm=135.468
[V25 PPO] phase=0 rollout/transitions=1101824 safety/h_hard_min=4.47084 train/value_loss=394.836 train/grad_norm=153.819
[V25 PPO] phase=0 rollout/transitions=1105920 safety/h_hard_min=4.46865 train/value_loss=414.826 train/grad_norm=140.3
[V25 PPO] phase=0 rollout/transitions=1110016 safety/h_hard_min=4.46892 train/value_loss=395.522 train/grad_norm=138.248
[V25 PPO] phase=0 rollout/transitions=1114112 safety/h_hard_min=4.47275 train/value_loss=393.924 train/grad_norm=126.88
[V25 PPO] phase=0 rollout/transitions=1118208 safety/h_hard_min=4.47135 train/value_loss=381.68 train/grad_norm=127.481
[V25 PPO] phase=0 rollout/transitions=1122304 safety/h_hard_min=4.47161 train/value_loss=405.442 train/grad_norm=132.282
[V25 PPO] phase=0 rollout/transitions=1126400 safety/h_hard_min=4.47254 train/value_loss=398.238 train/grad_norm=127.708
[V25 PPO] phase=0 rollout/transitions=1130496 safety/h_hard_min=4.47215 train/value_loss=458.204 train/grad_norm=160.469
[V25 PPO] phase=0 rollout/transitions=1134592 safety/h_hard_min=4.47125 train/value_loss=364.574 train/grad_norm=104.867
[V25 PPO] phase=0 rollout/transitions=1138688 safety/h_hard_min=4.47194 train/value_loss=390.153 train/grad_norm=118.124
[V25 PPO] phase=0 rollout/transitions=1142784 safety/h_hard_min=4.47192 train/value_loss=363.163 train/grad_norm=128.297
[V25 PPO] phase=0 rollout/transitions=1146880 safety/h_hard_min=4.47213 train/value_loss=403.866 train/grad_norm=136.509
[V25 PPO] phase=0 rollout/transitions=1150976 safety/h_hard_min=4.47038 train/value_loss=351.037 train/grad_norm=128.809
[V25 PPO] phase=0 rollout/transitions=1155072 safety/h_hard_min=4.47235 train/value_loss=369.808 train/grad_norm=122.98
[V25 PPO] phase=0 rollout/transitions=1159168 safety/h_hard_min=4.47133 train/value_loss=375.369 train/grad_norm=114.109
[V25 PPO] phase=0 rollout/transitions=1163264 safety/h_hard_min=4.47269 train/value_loss=367.384 train/grad_norm=118.263
[V25 PPO] phase=0 rollout/transitions=1167360 safety/h_hard_min=4.4734 train/value_loss=329.118 train/grad_norm=114.111
[V25 PPO] phase=0 rollout/transitions=1171456 safety/h_hard_min=4.46807 train/value_loss=369.414 train/grad_norm=115.908
[V25 PPO] phase=0 rollout/transitions=1175552 safety/h_hard_min=4.47265 train/value_loss=331.187 train/grad_norm=100.399
[V25 PPO] phase=0 rollout/transitions=1179648 safety/h_hard_min=4.47045 train/value_loss=353.801 train/grad_norm=114.22
[V25 PPO] phase=0 rollout/transitions=1183744 safety/h_hard_min=4.47314 train/value_loss=357.707 train/grad_norm=116.753
[V25 PPO] phase=0 rollout/transitions=1187840 safety/h_hard_min=4.47201 train/value_loss=348.658 train/grad_norm=122.147
[V25 PPO] phase=0 rollout/transitions=1191936 safety/h_hard_min=4.47226 train/value_loss=368.595 train/grad_norm=103.225
[V25 PPO] phase=0 rollout/transitions=1196032 safety/h_hard_min=4.47227 train/value_loss=344.3 train/grad_norm=114.381
[V25 PPO] phase=0 rollout/transitions=1200128 safety/h_hard_min=4.47123 train/value_loss=354.922 train/grad_norm=110.473
[V25 PPO] phase=0 rollout/transitions=1204224 safety/h_hard_min=4.47198 train/value_loss=343.68 train/grad_norm=106.533
[V25 PPO] phase=0 rollout/transitions=1208320 safety/h_hard_min=4.47246 train/value_loss=373.131 train/grad_norm=113.022
[V25 PPO] phase=0 rollout/transitions=1212416 safety/h_hard_min=4.47166 train/value_loss=325.074 train/grad_norm=103.181
[V25 PPO] phase=0 rollout/transitions=1216512 safety/h_hard_min=4.46876 train/value_loss=351.104 train/grad_norm=104.649
[V25 PPO] phase=0 rollout/transitions=1220608 safety/h_hard_min=4.46746 train/value_loss=297.95 train/grad_norm=80.496
[V25 PPO] phase=0 rollout/transitions=1224704 safety/h_hard_min=4.47375 train/value_loss=328.355 train/grad_norm=101.754
[V25 PPO] phase=0 rollout/transitions=1228800 safety/h_hard_min=4.47074 train/value_loss=303.6 train/grad_norm=102.347
[V25 PPO] phase=0 rollout/transitions=1232896 safety/h_hard_min=4.47081 train/value_loss=319.7 train/grad_norm=97.0597
[V25 PPO] phase=0 rollout/transitions=1236992 safety/h_hard_min=4.47212 train/value_loss=287.302 train/grad_norm=87.2233
[V25 PPO] phase=0 rollout/transitions=1241088 safety/h_hard_min=4.47231 train/value_loss=304.423 train/grad_norm=106.992
[V25 PPO] phase=0 rollout/transitions=1245184 safety/h_hard_min=4.47257 train/value_loss=308.704 train/grad_norm=86.4005
[V25 PPO] phase=0 rollout/transitions=1249280 safety/h_hard_min=4.4738 train/value_loss=285.854 train/grad_norm=90.6491
[V25 PPO] phase=0 rollout/transitions=1253376 safety/h_hard_min=4.47342 train/value_loss=304.921 train/grad_norm=98.6854
[V25 PPO] phase=0 rollout/transitions=1257472 safety/h_hard_min=4.47237 train/value_loss=351.7 train/grad_norm=105.402
[V25 PPO] phase=0 rollout/transitions=1261568 safety/h_hard_min=4.47097 train/value_loss=290.859 train/grad_norm=87.5009
[V25 PPO] phase=0 rollout/transitions=1265664 safety/h_hard_min=4.47182 train/value_loss=319.095 train/grad_norm=95.796
[V25 PPO] phase=0 rollout/transitions=1269760 safety/h_hard_min=4.47165 train/value_loss=275.667 train/grad_norm=88.8024
[V25 PPO] phase=0 rollout/transitions=1273856 safety/h_hard_min=4.473 train/value_loss=302.291 train/grad_norm=102.019
[V25 PPO] phase=0 rollout/transitions=1277952 safety/h_hard_min=4.4706 train/value_loss=305.805 train/grad_norm=90.5204
[V25 PPO] phase=0 rollout/transitions=1282048 safety/h_hard_min=4.47267 train/value_loss=302.495 train/grad_norm=89.3647
[V25 PPO] phase=0 rollout/transitions=1286144 safety/h_hard_min=4.47039 train/value_loss=296.698 train/grad_norm=86.1311
[V25 PPO] phase=0 rollout/transitions=1290240 safety/h_hard_min=4.47094 train/value_loss=276.113 train/grad_norm=94.3443
[V25 PPO] phase=0 rollout/transitions=1294336 safety/h_hard_min=4.4729 train/value_loss=278.639 train/grad_norm=83.1553
[V25 PPO] phase=0 rollout/transitions=1298432 safety/h_hard_min=4.4724 train/value_loss=298.392 train/grad_norm=100.121
[V25 PPO] phase=0 rollout/transitions=1302528 safety/h_hard_min=4.47294 train/value_loss=301.441 train/grad_norm=89.1018
[V25 PPO] phase=0 rollout/transitions=1306624 safety/h_hard_min=4.47405 train/value_loss=266.48 train/grad_norm=76.3753
[V25 PPO] phase=0 rollout/transitions=1310720 safety/h_hard_min=4.4715 train/value_loss=315.719 train/grad_norm=96.1472
[V25 PPO] phase=0 rollout/transitions=1314816 safety/h_hard_min=4.46945 train/value_loss=285.05 train/grad_norm=85.818
[V25 PPO] phase=0 rollout/transitions=1318912 safety/h_hard_min=4.47256 train/value_loss=271.533 train/grad_norm=85.0758
[V25 PPO] phase=0 rollout/transitions=1323008 safety/h_hard_min=4.46999 train/value_loss=266.717 train/grad_norm=87.828
[V25 PPO] phase=0 rollout/transitions=1327104 safety/h_hard_min=4.47218 train/value_loss=236.364 train/grad_norm=83.9092
[V25 PPO] phase=0 rollout/transitions=1331200 safety/h_hard_min=4.47205 train/value_loss=263.912 train/grad_norm=78.0123
[V25 PPO] phase=0 rollout/transitions=1335296 safety/h_hard_min=4.47274 train/value_loss=266.238 train/grad_norm=74.3761
[V25 PPO] phase=0 rollout/transitions=1339392 safety/h_hard_min=4.46859 train/value_loss=239.165 train/grad_norm=81.0808
[V25 PPO] phase=0 rollout/transitions=1343488 safety/h_hard_min=4.4735 train/value_loss=267.691 train/grad_norm=83.123
[V25 PPO] phase=0 rollout/transitions=1347584 safety/h_hard_min=4.47331 train/value_loss=270.273 train/grad_norm=88.4409
[V25 PPO] phase=0 rollout/transitions=1351680 safety/h_hard_min=4.47145 train/value_loss=230.629 train/grad_norm=69.6444
[V25 PPO] phase=0 rollout/transitions=1355776 safety/h_hard_min=4.47328 train/value_loss=232.149 train/grad_norm=66.3645
[V25 PPO] phase=0 rollout/transitions=1359872 safety/h_hard_min=4.472 train/value_loss=231.284 train/grad_norm=70.5366
[V25 PPO] phase=0 rollout/transitions=1363968 safety/h_hard_min=4.47107 train/value_loss=235.962 train/grad_norm=71.9743
[V25 PPO] phase=0 rollout/transitions=1368064 safety/h_hard_min=4.47275 train/value_loss=258.744 train/grad_norm=82.7846
[V25 PPO] phase=0 rollout/transitions=1372160 safety/h_hard_min=4.47222 train/value_loss=232.978 train/grad_norm=72.9963
[V25 PPO] phase=0 rollout/transitions=1376256 safety/h_hard_min=4.47225 train/value_loss=219.664 train/grad_norm=69.5064
[V25 PPO] phase=0 rollout/transitions=1380352 safety/h_hard_min=4.46948 train/value_loss=239.778 train/grad_norm=81.0059
[V25 PPO] phase=0 rollout/transitions=1384448 safety/h_hard_min=4.47039 train/value_loss=199.639 train/grad_norm=72.7954
[V25 PPO] phase=0 rollout/transitions=1388544 safety/h_hard_min=4.47378 train/value_loss=242.033 train/grad_norm=87.4411
[V25 PPO] phase=0 rollout/transitions=1392640 safety/h_hard_min=4.47143 train/value_loss=254.936 train/grad_norm=80.9211
[V25 PPO] phase=0 rollout/transitions=1396736 safety/h_hard_min=4.47079 train/value_loss=210.371 train/grad_norm=68.7758
[V25 PPO] phase=0 rollout/transitions=1400832 safety/h_hard_min=4.47212 train/value_loss=237.28 train/grad_norm=68.1801
[V25 PPO] phase=0 rollout/transitions=1404928 safety/h_hard_min=4.47171 train/value_loss=239.323 train/grad_norm=77.7429
[V25 PPO] phase=0 rollout/transitions=1409024 safety/h_hard_min=4.47215 train/value_loss=205.796 train/grad_norm=59.2758
[V25 PPO] phase=0 rollout/transitions=1413120 safety/h_hard_min=4.47249 train/value_loss=212.663 train/grad_norm=67.8292
[V25 PPO] phase=0 rollout/transitions=1417216 safety/h_hard_min=4.47202 train/value_loss=193.184 train/grad_norm=63.0043
[V25 PPO] phase=0 rollout/transitions=1421312 safety/h_hard_min=4.47303 train/value_loss=193.107 train/grad_norm=56.7932
[V25 PPO] phase=0 rollout/transitions=1425408 safety/h_hard_min=4.47242 train/value_loss=231.574 train/grad_norm=75.593
[V25 PPO] phase=0 rollout/transitions=1429504 safety/h_hard_min=4.47226 train/value_loss=199.575 train/grad_norm=62.8529
[V25 PPO] phase=0 rollout/transitions=1433600 safety/h_hard_min=4.4737 train/value_loss=197.789 train/grad_norm=58.9484
[V25 PPO] phase=0 rollout/transitions=1437696 safety/h_hard_min=4.47114 train/value_loss=188.518 train/grad_norm=57.2226
[V25 PPO] phase=0 rollout/transitions=1441792 safety/h_hard_min=4.47266 train/value_loss=194.125 train/grad_norm=61.6707
[V25 PPO] phase=0 rollout/transitions=1445888 safety/h_hard_min=4.47335 train/value_loss=206.554 train/grad_norm=62.3581
[V25 PPO] phase=0 rollout/transitions=1449984 safety/h_hard_min=4.47228 train/value_loss=197.077 train/grad_norm=60.5592
[V25 PPO] phase=0 rollout/transitions=1454080 safety/h_hard_min=4.47135 train/value_loss=194.19 train/grad_norm=61.4795
[V25 PPO] phase=0 rollout/transitions=1458176 safety/h_hard_min=4.46964 train/value_loss=187.946 train/grad_norm=60.7657
[V25 PPO] phase=0 rollout/transitions=1462272 safety/h_hard_min=4.4725 train/value_loss=188.68 train/grad_norm=55.4832
[V25 PPO] phase=0 rollout/transitions=1466368 safety/h_hard_min=4.47171 train/value_loss=180.979 train/grad_norm=56.2017
[V25 PPO] phase=0 rollout/transitions=1470464 safety/h_hard_min=4.47276 train/value_loss=177.449 train/grad_norm=56.1929
[V25 PPO] phase=0 rollout/transitions=1474560 safety/h_hard_min=4.47426 train/value_loss=172.778 train/grad_norm=57.2496
[V25 PPO] phase=0 rollout/transitions=1478656 safety/h_hard_min=4.47165 train/value_loss=168.351 train/grad_norm=53.9675
[V25 PPO] phase=0 rollout/transitions=1482752 safety/h_hard_min=4.47071 train/value_loss=164.679 train/grad_norm=51.2372
[V25 PPO] phase=0 rollout/transitions=1486848 safety/h_hard_min=4.47284 train/value_loss=153.3 train/grad_norm=52.7976
[V25 PPO] phase=0 rollout/transitions=1490944 safety/h_hard_min=4.47181 train/value_loss=176.28 train/grad_norm=53.8244
[V25 PPO] phase=0 rollout/transitions=1495040 safety/h_hard_min=4.47205 train/value_loss=164.694 train/grad_norm=57.2091
[V25 PPO] phase=0 rollout/transitions=1499136 safety/h_hard_min=4.4717 train/value_loss=147.533 train/grad_norm=47.0839
[V25 PPO] phase=0 rollout/transitions=1503232 safety/h_hard_min=4.47263 train/value_loss=167.761 train/grad_norm=50.1306
[V25 PPO] phase=0 rollout/transitions=1507328 safety/h_hard_min=4.47034 train/value_loss=147.314 train/grad_norm=53.5919
[V25 PPO] phase=0 rollout/transitions=1511424 safety/h_hard_min=4.47223 train/value_loss=146.084 train/grad_norm=50.4672
[V25 PPO] phase=0 rollout/transitions=1515520 safety/h_hard_min=4.47269 train/value_loss=177.807 train/grad_norm=57.7841
[V25 PPO] phase=0 rollout/transitions=1519616 safety/h_hard_min=4.47155 train/value_loss=132.684 train/grad_norm=45.7189
[V25 PPO] phase=0 rollout/transitions=1523712 safety/h_hard_min=4.46806 train/value_loss=144.962 train/grad_norm=48.3051
[V25 PPO] phase=0 rollout/transitions=1527808 safety/h_hard_min=4.47271 train/value_loss=154.017 train/grad_norm=51.5194
[V25 PPO] phase=0 rollout/transitions=1531904 safety/h_hard_min=4.47336 train/value_loss=154.382 train/grad_norm=49.0489
[V25 PPO] phase=0 rollout/transitions=1536000 safety/h_hard_min=4.47028 train/value_loss=151.302 train/grad_norm=57.0945
[V25 PPO] phase=0 rollout/transitions=1540096 safety/h_hard_min=4.47331 train/value_loss=135.327 train/grad_norm=43.7142
[V25 PPO] phase=0 rollout/transitions=1544192 safety/h_hard_min=4.47095 train/value_loss=134.1 train/grad_norm=43.3578
[V25 PPO] phase=0 rollout/transitions=1548288 safety/h_hard_min=4.47374 train/value_loss=153.704 train/grad_norm=49.3479
[V25 PPO] phase=0 rollout/transitions=1552384 safety/h_hard_min=4.47227 train/value_loss=107.337 train/grad_norm=38.5358
[V25 PPO] phase=0 rollout/transitions=1556480 safety/h_hard_min=4.47174 train/value_loss=139.002 train/grad_norm=47.1813
[V25 PPO] phase=0 rollout/transitions=1560576 safety/h_hard_min=4.47221 train/value_loss=111.45 train/grad_norm=42.0808
[V25 PPO] phase=0 rollout/transitions=1564672 safety/h_hard_min=4.47394 train/value_loss=127.604 train/grad_norm=45.5164
[V25 PPO] phase=0 rollout/transitions=1568768 safety/h_hard_min=4.46824 train/value_loss=113.76 train/grad_norm=39.7681
[V25 PPO] phase=0 rollout/transitions=1572864 safety/h_hard_min=4.47242 train/value_loss=132.212 train/grad_norm=47.3431
[V25 PPO] phase=0 rollout/transitions=1576960 safety/h_hard_min=4.474 train/value_loss=127.399 train/grad_norm=45.0619
[V25 PPO] phase=0 rollout/transitions=1581056 safety/h_hard_min=4.4706 train/value_loss=121.161 train/grad_norm=48.5588
[V25 PPO] phase=0 rollout/transitions=1585152 safety/h_hard_min=4.47071 train/value_loss=119.231 train/grad_norm=42.0132
[V25 PPO] phase=0 rollout/transitions=1589248 safety/h_hard_min=4.46988 train/value_loss=106.691 train/grad_norm=38.3048
[V25 PPO] phase=0 rollout/transitions=1593344 safety/h_hard_min=4.47175 train/value_loss=102.374 train/grad_norm=38.2166
[V25 PPO] phase=0 rollout/transitions=1597440 safety/h_hard_min=4.47277 train/value_loss=85.9985 train/grad_norm=32.7732
[V25 PPO] phase=0 rollout/transitions=1601536 safety/h_hard_min=4.47229 train/value_loss=123.939 train/grad_norm=44.9703
[V25 PPO] phase=0 rollout/transitions=1605632 safety/h_hard_min=4.46856 train/value_loss=96.8638 train/grad_norm=35.7325
[V25 PPO] phase=0 rollout/transitions=1609728 safety/h_hard_min=4.47351 train/value_loss=99.6927 train/grad_norm=37.4737
[V25 PPO] phase=0 rollout/transitions=1613824 safety/h_hard_min=4.47558 train/value_loss=98.9406 train/grad_norm=35.6247
[V25 PPO] phase=0 rollout/transitions=1617920 safety/h_hard_min=4.47153 train/value_loss=124.137 train/grad_norm=45.7607
[V25 PPO] phase=0 rollout/transitions=1622016 safety/h_hard_min=4.47119 train/value_loss=84.946 train/grad_norm=33.124
[V25 PPO] phase=0 rollout/transitions=1626112 safety/h_hard_min=4.47099 train/value_loss=111.486 train/grad_norm=41.6451
[V25 PPO] phase=0 rollout/transitions=1630208 safety/h_hard_min=4.47302 train/value_loss=82.9086 train/grad_norm=32.2308
[V25 PPO] phase=0 rollout/transitions=1634304 safety/h_hard_min=4.47096 train/value_loss=94.7859 train/grad_norm=37.4161
[V25 PPO] phase=0 rollout/transitions=1638400 safety/h_hard_min=4.47425 train/value_loss=76.8374 train/grad_norm=31.2759
[V25 PPO] phase=0 rollout/transitions=1642496 safety/h_hard_min=4.47207 train/value_loss=91.8864 train/grad_norm=37.506
[V25 PPO] phase=0 rollout/transitions=1646592 safety/h_hard_min=4.47054 train/value_loss=84.9153 train/grad_norm=33.3472
[V25 PPO] phase=0 rollout/transitions=1650688 safety/h_hard_min=4.47072 train/value_loss=80.5186 train/grad_norm=34.194
[V25 PPO] phase=0 rollout/transitions=1654784 safety/h_hard_min=4.47194 train/value_loss=71.4265 train/grad_norm=28.5123
[V25 PPO] phase=0 rollout/transitions=1658880 safety/h_hard_min=4.46997 train/value_loss=85.5799 train/grad_norm=33.8748
[V25 PPO] phase=0 rollout/transitions=1662976 safety/h_hard_min=4.4719 train/value_loss=78.3972 train/grad_norm=31.984
[V25 PPO] phase=0 rollout/transitions=1667072 safety/h_hard_min=4.47079 train/value_loss=77.7334 train/grad_norm=33.3946
[V25 PPO] phase=0 rollout/transitions=1671168 safety/h_hard_min=4.47125 train/value_loss=75.4714 train/grad_norm=32.508
[V25 PPO] phase=0 rollout/transitions=1675264 safety/h_hard_min=4.47053 train/value_loss=66.6854 train/grad_norm=28.437
[V25 PPO] phase=0 rollout/transitions=1679360 safety/h_hard_min=4.4713 train/value_loss=71.932 train/grad_norm=31.4331
[V25 PPO] phase=0 rollout/transitions=1683456 safety/h_hard_min=4.47073 train/value_loss=68.8414 train/grad_norm=29.3723
[V25 PPO] phase=0 rollout/transitions=1687552 safety/h_hard_min=4.47341 train/value_loss=64.907 train/grad_norm=28.35
[V25 PPO] phase=0 rollout/transitions=1691648 safety/h_hard_min=4.473 train/value_loss=72.0734 train/grad_norm=30.5037
[V25 PPO] phase=0 rollout/transitions=1695744 safety/h_hard_min=4.47056 train/value_loss=64.4458 train/grad_norm=28.5436
[V25 PPO] phase=0 rollout/transitions=1699840 safety/h_hard_min=4.47179 train/value_loss=54.3588 train/grad_norm=25.532
[V25 PPO] phase=0 rollout/transitions=1703936 safety/h_hard_min=4.47097 train/value_loss=61.9667 train/grad_norm=27.9426
[V25 PPO] phase=0 rollout/transitions=1708032 safety/h_hard_min=4.47093 train/value_loss=56.1288 train/grad_norm=25.3175
[V25 PPO] phase=0 rollout/transitions=1712128 safety/h_hard_min=4.47119 train/value_loss=60.6344 train/grad_norm=27.4315
[V25 PPO] phase=0 rollout/transitions=1716224 safety/h_hard_min=4.47124 train/value_loss=46.8431 train/grad_norm=21.9523
[V25 PPO] phase=0 rollout/transitions=1720320 safety/h_hard_min=4.47235 train/value_loss=51.8457 train/grad_norm=25.7755
[V25 PPO] phase=0 rollout/transitions=1724416 safety/h_hard_min=4.47062 train/value_loss=55.0783 train/grad_norm=26.4552
[V25 PPO] phase=0 rollout/transitions=1728512 safety/h_hard_min=4.47169 train/value_loss=56.8389 train/grad_norm=26.2702
[V25 PPO] phase=0 rollout/transitions=1732608 safety/h_hard_min=4.47216 train/value_loss=47.3903 train/grad_norm=23.6425
[V25 PPO] phase=0 rollout/transitions=1736704 safety/h_hard_min=4.47181 train/value_loss=47.8919 train/grad_norm=22.0727
[V25 PPO] phase=0 rollout/transitions=1740800 safety/h_hard_min=4.47137 train/value_loss=49.3244 train/grad_norm=24.4459
[V25 PPO] phase=0 rollout/transitions=1744896 safety/h_hard_min=4.4701 train/value_loss=49.9438 train/grad_norm=22.3826
[V25 PPO] phase=0 rollout/transitions=1748992 safety/h_hard_min=4.4717 train/value_loss=47.6384 train/grad_norm=23.7043
[V25 PPO] phase=0 rollout/transitions=1753088 safety/h_hard_min=4.4745 train/value_loss=43.7661 train/grad_norm=21.622
[V25 PPO] phase=0 rollout/transitions=1757184 safety/h_hard_min=4.47339 train/value_loss=40.7855 train/grad_norm=21.4522
[V25 PPO] phase=0 rollout/transitions=1761280 safety/h_hard_min=4.47321 train/value_loss=43.6489 train/grad_norm=21.9833
[V25 PPO] phase=0 rollout/transitions=1765376 safety/h_hard_min=4.47088 train/value_loss=38.664 train/grad_norm=19.7093
[V25 PPO] phase=0 rollout/transitions=1769472 safety/h_hard_min=4.4715 train/value_loss=40.0676 train/grad_norm=19.1783
[V25 PPO] phase=0 rollout/transitions=1773568 safety/h_hard_min=4.46957 train/value_loss=33.5632 train/grad_norm=17.8619
[V25 PPO] phase=0 rollout/transitions=1777664 safety/h_hard_min=4.47079 train/value_loss=38.1707 train/grad_norm=19.605
[V25 PPO] phase=0 rollout/transitions=1781760 safety/h_hard_min=4.46975 train/value_loss=38.2172 train/grad_norm=19.9261
[V25 PPO] phase=0 rollout/transitions=1785856 safety/h_hard_min=4.47286 train/value_loss=31.038 train/grad_norm=17.7763
[V25 PPO] phase=0 rollout/transitions=1789952 safety/h_hard_min=4.4684 train/value_loss=38.1043 train/grad_norm=19.033
[V25 PPO] phase=0 rollout/transitions=1794048 safety/h_hard_min=4.47083 train/value_loss=34.0449 train/grad_norm=16.1638
[V25 PPO] phase=0 rollout/transitions=1798144 safety/h_hard_min=4.47323 train/value_loss=32.2079 train/grad_norm=15.708
[V25 PPO] phase=0 rollout/transitions=1802240 safety/h_hard_min=4.47259 train/value_loss=29.1713 train/grad_norm=14.2859
[V25 PPO] phase=0 rollout/transitions=1806336 safety/h_hard_min=4.47159 train/value_loss=26.3145 train/grad_norm=15.5419
[V25 PPO] phase=0 rollout/transitions=1810432 safety/h_hard_min=4.47041 train/value_loss=30.8064 train/grad_norm=15.5127
[V25 PPO] phase=0 rollout/transitions=1814528 safety/h_hard_min=4.47411 train/value_loss=29.04 train/grad_norm=14.6019
[V25 PPO] phase=0 rollout/transitions=1818624 safety/h_hard_min=4.47007 train/value_loss=25.4207 train/grad_norm=14.222
[V25 PPO] phase=0 rollout/transitions=1822720 safety/h_hard_min=4.4741 train/value_loss=25.9273 train/grad_norm=14.4344
[V25 PPO] phase=0 rollout/transitions=1826816 safety/h_hard_min=4.46998 train/value_loss=26.3994 train/grad_norm=17.2788
[V25 PPO] phase=0 rollout/transitions=1830912 safety/h_hard_min=4.47189 train/value_loss=22.5248 train/grad_norm=11.6015
[V25 PPO] phase=0 rollout/transitions=1835008 safety/h_hard_min=4.47319 train/value_loss=25.637 train/grad_norm=10.9552
[V25 PPO] phase=0 rollout/transitions=1839104 safety/h_hard_min=4.4722 train/value_loss=22.4084 train/grad_norm=12.2154
[V25 PPO] phase=0 rollout/transitions=1843200 safety/h_hard_min=4.47251 train/value_loss=22.519 train/grad_norm=10.4737
[V25 PPO] phase=0 rollout/transitions=1847296 safety/h_hard_min=4.46997 train/value_loss=19.8405 train/grad_norm=8.65885
[V25 PPO] phase=0 rollout/transitions=1851392 safety/h_hard_min=4.46968 train/value_loss=23.5636 train/grad_norm=10.8311
[V25 PPO] phase=0 rollout/transitions=1855488 safety/h_hard_min=4.47269 train/value_loss=21.6976 train/grad_norm=10.3573
[V25 PPO] phase=0 rollout/transitions=1859584 safety/h_hard_min=4.47085 train/value_loss=19.2223 train/grad_norm=8.40967
[V25 PPO] phase=0 rollout/transitions=1863680 safety/h_hard_min=4.47389 train/value_loss=22.3626 train/grad_norm=11.9133
[V25 PPO] phase=0 rollout/transitions=1867776 safety/h_hard_min=4.47412 train/value_loss=18.6018 train/grad_norm=8.22573
[V25 PPO] phase=0 rollout/transitions=1871872 safety/h_hard_min=4.47025 train/value_loss=17.1119 train/grad_norm=5.82356
[V25 PPO] phase=0 rollout/transitions=1875968 safety/h_hard_min=4.47199 train/value_loss=20.1377 train/grad_norm=7.55463
[V25 PPO] phase=0 rollout/transitions=1880064 safety/h_hard_min=4.47344 train/value_loss=19.2483 train/grad_norm=6.91249
[V25 PPO] phase=0 rollout/transitions=1884160 safety/h_hard_min=4.47278 train/value_loss=19.847 train/grad_norm=6.47059
[V25 PPO] phase=0 rollout/transitions=1888256 safety/h_hard_min=4.47375 train/value_loss=15.8428 train/grad_norm=7.38856
[V25 PPO] phase=0 rollout/transitions=1892352 safety/h_hard_min=4.47318 train/value_loss=16.8254 train/grad_norm=4.95988
[V25 PPO] phase=0 rollout/transitions=1896448 safety/h_hard_min=4.47262 train/value_loss=16.7529 train/grad_norm=5.08097
[V25 PPO] phase=0 rollout/transitions=1900544 safety/h_hard_min=4.47161 train/value_loss=14.649 train/grad_norm=4.24645
[V25 PPO] phase=0 rollout/transitions=1904640 safety/h_hard_min=4.47067 train/value_loss=18.3812 train/grad_norm=5.50222
[V25 PPO] phase=0 rollout/transitions=1908736 safety/h_hard_min=4.46709 train/value_loss=15.0166 train/grad_norm=4.95769
[V25 PPO] phase=0 rollout/transitions=1912832 safety/h_hard_min=4.4728 train/value_loss=15.2951 train/grad_norm=5.94758
[V25 PPO] phase=0 rollout/transitions=1916928 safety/h_hard_min=4.47319 train/value_loss=13.8874 train/grad_norm=5.07689
[V25 PPO] phase=0 rollout/transitions=1921024 safety/h_hard_min=4.47195 train/value_loss=15.6655 train/grad_norm=3.99928
[V25 PPO] phase=0 rollout/transitions=1925120 safety/h_hard_min=4.47227 train/value_loss=16.1226 train/grad_norm=5.88892
[V25 PPO] phase=0 rollout/transitions=1929216 safety/h_hard_min=4.47382 train/value_loss=12.9674 train/grad_norm=2.99225
[V25 PPO] phase=0 rollout/transitions=1933312 safety/h_hard_min=4.47323 train/value_loss=13.0186 train/grad_norm=5.15445
[V25 PPO] phase=0 rollout/transitions=1937408 safety/h_hard_min=4.46983 train/value_loss=13.566 train/grad_norm=3.61502
[V25 PPO] phase=0 rollout/transitions=1941504 safety/h_hard_min=4.47118 train/value_loss=16.1283 train/grad_norm=5.0678
[V25 PPO] phase=0 rollout/transitions=1945600 safety/h_hard_min=4.47166 train/value_loss=13.6669 train/grad_norm=4.21055
[V25 PPO] phase=0 rollout/transitions=1949696 safety/h_hard_min=4.47077 train/value_loss=12.8384 train/grad_norm=3.47562
[V25 PPO] phase=0 rollout/transitions=1953792 safety/h_hard_min=4.47316 train/value_loss=13.8075 train/grad_norm=3.85646
[V25 PPO] phase=0 rollout/transitions=1957888 safety/h_hard_min=4.47256 train/value_loss=12.8894 train/grad_norm=3.04659
[V25 PPO] phase=0 rollout/transitions=1961984 safety/h_hard_min=4.47208 train/value_loss=13.5946 train/grad_norm=3.5694
[V25 PPO] phase=0 rollout/transitions=1966080 safety/h_hard_min=4.47247 train/value_loss=12.1129 train/grad_norm=3.73104
[V25 PPO] phase=0 rollout/transitions=1970176 safety/h_hard_min=4.4685 train/value_loss=12.0459 train/grad_norm=2.69253
[V25 PPO] phase=0 rollout/transitions=1974272 safety/h_hard_min=4.47262 train/value_loss=12.0695 train/grad_norm=4.59382
[V25 PPO] phase=0 rollout/transitions=1978368 safety/h_hard_min=4.4728 train/value_loss=12.3596 train/grad_norm=2.67303
[V25 PPO] phase=0 rollout/transitions=1982464 safety/h_hard_min=4.47225 train/value_loss=12.2058 train/grad_norm=4.48991
[V25 PPO] phase=0 rollout/transitions=1986560 safety/h_hard_min=4.47285 train/value_loss=11.9862 train/grad_norm=3.31878
[V25 PPO] phase=0 rollout/transitions=1990656 safety/h_hard_min=4.46919 train/value_loss=12.8351 train/grad_norm=2.92178
[V25 PPO] phase=0 rollout/transitions=1994752 safety/h_hard_min=4.47238 train/value_loss=11.7919 train/grad_norm=4.65417
[V25 PPO] phase=0 rollout/transitions=1998848 safety/h_hard_min=4.46918 train/value_loss=10.6709 train/grad_norm=3.10213
[V25 PPO] phase=0 rollout/transitions=2002944 safety/h_hard_min=4.4724 train/value_loss=11.6016 train/grad_norm=4.01209
[V25 PPO] phase=0 rollout/transitions=2007040 safety/h_hard_min=4.47454 train/value_loss=9.88038 train/grad_norm=3.86712
[V25 PPO] phase=0 rollout/transitions=2011136 safety/h_hard_min=4.47233 train/value_loss=11.3087 train/grad_norm=2.69887
[V25 PPO] phase=0 rollout/transitions=2015232 safety/h_hard_min=4.47451 train/value_loss=10.1479 train/grad_norm=2.41819
[V25 PPO] phase=0 rollout/transitions=2019328 safety/h_hard_min=4.47231 train/value_loss=11.6713 train/grad_norm=2.76742
[V25 PPO] phase=0 rollout/transitions=2023424 safety/h_hard_min=4.46955 train/value_loss=10.7984 train/grad_norm=2.33108
[V25 PPO] phase=0 rollout/transitions=2027520 safety/h_hard_min=4.47244 train/value_loss=9.9968 train/grad_norm=4.45646
[V25 PPO] phase=0 rollout/transitions=2031616 safety/h_hard_min=4.4712 train/value_loss=11.9039 train/grad_norm=3.10642
[V25 PPO] phase=0 rollout/transitions=2035712 safety/h_hard_min=4.47069 train/value_loss=9.24511 train/grad_norm=2.47447
[V25 PPO] phase=0 rollout/transitions=2039808 safety/h_hard_min=4.47439 train/value_loss=9.23755 train/grad_norm=1.96211
[V25 PPO] phase=0 rollout/transitions=2043904 safety/h_hard_min=4.47195 train/value_loss=10.2429 train/grad_norm=2.48503
[V25 PPO] phase=0 rollout/transitions=2048000 safety/h_hard_min=4.47155 train/value_loss=10.0894 train/grad_norm=3.90138
[V25 PPO] phase=0 rollout/transitions=2052096 safety/h_hard_min=4.47283 train/value_loss=10.6969 train/grad_norm=2.75525
[V25 PPO] phase=0 rollout/transitions=2056192 safety/h_hard_min=4.47375 train/value_loss=9.22735 train/grad_norm=3.56041
[V25 PPO] phase=0 rollout/transitions=2060288 safety/h_hard_min=4.46938 train/value_loss=9.47037 train/grad_norm=2.95339
[V25 PPO] phase=0 rollout/transitions=2064384 safety/h_hard_min=4.46974 train/value_loss=9.18326 train/grad_norm=3.72116
[V25 PPO] phase=0 rollout/transitions=2068480 safety/h_hard_min=4.47051 train/value_loss=11.2917 train/grad_norm=2.3391
[V25 PPO] phase=0 rollout/transitions=2072576 safety/h_hard_min=4.47403 train/value_loss=8.68 train/grad_norm=3.48875
[V25 PPO] phase=0 rollout/transitions=2076672 safety/h_hard_min=4.47189 train/value_loss=9.29532 train/grad_norm=3.58353
[V25 PPO] phase=0 rollout/transitions=2080768 safety/h_hard_min=4.47228 train/value_loss=9.7855 train/grad_norm=4.23376
[V25 PPO] phase=0 rollout/transitions=2084864 safety/h_hard_min=4.47287 train/value_loss=9.9999 train/grad_norm=2.76458
[V25 PPO] phase=0 rollout/transitions=2088960 safety/h_hard_min=4.47346 train/value_loss=9.83255 train/grad_norm=1.92856
[V25 PPO] phase=0 rollout/transitions=2093056 safety/h_hard_min=4.47333 train/value_loss=9.11537 train/grad_norm=2.02633
[V25 PPO] phase=0 rollout/transitions=2097152 safety/h_hard_min=4.47391 train/value_loss=8.59344 train/grad_norm=3.00817
[V25 PPO] phase=0 rollout/transitions=2101248 safety/h_hard_min=4.47425 train/value_loss=9.75615 train/grad_norm=2.33503
[V25 PPO] phase=0 rollout/transitions=2105344 safety/h_hard_min=4.47354 train/value_loss=10.1387 train/grad_norm=3.03339
[V25 PPO] phase=0 rollout/transitions=2109440 safety/h_hard_min=4.47409 train/value_loss=9.7363 train/grad_norm=2.76942
[V25 PPO] phase=0 rollout/transitions=2113536 safety/h_hard_min=4.47086 train/value_loss=10.6676 train/grad_norm=2.64335
[V25 PPO] phase=0 rollout/transitions=2117632 safety/h_hard_min=4.4708 train/value_loss=9.04761 train/grad_norm=2.32312
[V25 PPO] phase=0 rollout/transitions=2121728 safety/h_hard_min=4.47123 train/value_loss=9.45022 train/grad_norm=3.98832
[V25 PPO] phase=0 rollout/transitions=2125824 safety/h_hard_min=4.4716 train/value_loss=7.90464 train/grad_norm=1.67522
[V25 PPO] phase=0 rollout/transitions=2129920 safety/h_hard_min=4.47036 train/value_loss=9.01575 train/grad_norm=3.84634
[V25 PPO] phase=0 rollout/transitions=2134016 safety/h_hard_min=4.47099 train/value_loss=10.2185 train/grad_norm=3.49267
[V25 PPO] phase=0 rollout/transitions=2138112 safety/h_hard_min=4.47147 train/value_loss=8.64051 train/grad_norm=2.78724
[V25 PPO] phase=0 rollout/transitions=2142208 safety/h_hard_min=4.4711 train/value_loss=8.48268 train/grad_norm=1.64028
[V25 PPO] phase=0 rollout/transitions=2146304 safety/h_hard_min=4.47364 train/value_loss=8.88502 train/grad_norm=1.50067
[V25 PPO] phase=0 rollout/transitions=2150400 safety/h_hard_min=4.47232 train/value_loss=9.03899 train/grad_norm=2.23913
[V25 PPO] phase=0 rollout/transitions=2154496 safety/h_hard_min=4.47176 train/value_loss=7.21481 train/grad_norm=2.31919
[V25 PPO] phase=0 rollout/transitions=2158592 safety/h_hard_min=4.47253 train/value_loss=8.02751 train/grad_norm=1.70238
[V25 PPO] phase=0 rollout/transitions=2162688 safety/h_hard_min=4.47367 train/value_loss=8.28733 train/grad_norm=1.74721
[V25 PPO] phase=0 rollout/transitions=2166784 safety/h_hard_min=4.47198 train/value_loss=9.22038 train/grad_norm=2.63961
[V25 PPO] phase=0 rollout/transitions=2170880 safety/h_hard_min=4.47406 train/value_loss=8.84062 train/grad_norm=1.94991
[V25 PPO] phase=0 rollout/transitions=2174976 safety/h_hard_min=4.47117 train/value_loss=8.02649 train/grad_norm=3.8547
[V25 PPO] phase=0 rollout/transitions=2179072 safety/h_hard_min=4.47215 train/value_loss=8.60148 train/grad_norm=1.72769
[V25 PPO] phase=0 rollout/transitions=2183168 safety/h_hard_min=4.47135 train/value_loss=9.30246 train/grad_norm=4.58664
[V25 PPO] phase=0 rollout/transitions=2187264 safety/h_hard_min=4.46999 train/value_loss=8.72509 train/grad_norm=1.6764
[V25 PPO] phase=0 rollout/transitions=2191360 safety/h_hard_min=4.4722 train/value_loss=8.32678 train/grad_norm=1.5398
[V25 PPO] phase=0 rollout/transitions=2195456 safety/h_hard_min=4.4711 train/value_loss=7.63143 train/grad_norm=2.1236
[V25 PPO] phase=0 rollout/transitions=2199552 safety/h_hard_min=4.46977 train/value_loss=7.4934 train/grad_norm=2.08483
[V25 PPO] phase=0 rollout/transitions=2203648 safety/h_hard_min=4.47077 train/value_loss=7.30865 train/grad_norm=1.45723
[V25 PPO] phase=0 rollout/transitions=2207744 safety/h_hard_min=4.47162 train/value_loss=7.04045 train/grad_norm=1.53346
[V25 PPO] phase=0 rollout/transitions=2211840 safety/h_hard_min=4.47306 train/value_loss=8.04755 train/grad_norm=2.91359
[V25 PPO] phase=0 rollout/transitions=2215936 safety/h_hard_min=4.46817 train/value_loss=7.66855 train/grad_norm=1.88926
[V25 PPO] phase=0 rollout/transitions=2220032 safety/h_hard_min=4.47193 train/value_loss=8.1077 train/grad_norm=1.81204
[V25 PPO] phase=0 rollout/transitions=2224128 safety/h_hard_min=4.47127 train/value_loss=8.40424 train/grad_norm=2.38924
[V25 PPO] phase=0 rollout/transitions=2228224 safety/h_hard_min=4.47125 train/value_loss=6.68812 train/grad_norm=1.25152
[V25 PPO] phase=0 rollout/transitions=2232320 safety/h_hard_min=4.47422 train/value_loss=7.09243 train/grad_norm=4.64193
[V25 PPO] phase=0 rollout/transitions=2236416 safety/h_hard_min=4.47204 train/value_loss=8.11908 train/grad_norm=2.03539
[V25 PPO] phase=0 rollout/transitions=2240512 safety/h_hard_min=4.47232 train/value_loss=7.24135 train/grad_norm=1.88538
[V25 PPO] phase=0 rollout/transitions=2244608 safety/h_hard_min=4.46898 train/value_loss=7.02919 train/grad_norm=1.30654
[V25 PPO] phase=0 rollout/transitions=2248704 safety/h_hard_min=4.47069 train/value_loss=6.99688 train/grad_norm=1.54455
[V25 PPO] phase=0 rollout/transitions=2252800 safety/h_hard_min=4.47291 train/value_loss=7.30874 train/grad_norm=1.72166
[V25 PPO] phase=0 rollout/transitions=2256896 safety/h_hard_min=4.46972 train/value_loss=7.89468 train/grad_norm=1.31182
[V25 PPO] phase=0 rollout/transitions=2260992 safety/h_hard_min=4.47319 train/value_loss=7.21862 train/grad_norm=1.40414
[V25 PPO] phase=0 rollout/transitions=2265088 safety/h_hard_min=4.47085 train/value_loss=6.98144 train/grad_norm=1.39568
[V25 PPO] phase=0 rollout/transitions=2269184 safety/h_hard_min=4.47281 train/value_loss=7.82412 train/grad_norm=4.34641
[V25 PPO] phase=0 rollout/transitions=2273280 safety/h_hard_min=4.47424 train/value_loss=6.87346 train/grad_norm=1.77422
[V25 PPO] phase=0 rollout/transitions=2277376 safety/h_hard_min=4.47109 train/value_loss=7.1519 train/grad_norm=1.69515
[V25 PPO] phase=0 rollout/transitions=2281472 safety/h_hard_min=4.4731 train/value_loss=7.1157 train/grad_norm=2.30032
[V25 PPO] phase=0 rollout/transitions=2285568 safety/h_hard_min=4.47061 train/value_loss=7.90615 train/grad_norm=2.72143
[V25 PPO] phase=0 rollout/transitions=2289664 safety/h_hard_min=4.47112 train/value_loss=6.31832 train/grad_norm=4.26039
[V25 PPO] phase=0 rollout/transitions=2293760 safety/h_hard_min=4.47018 train/value_loss=6.69523 train/grad_norm=1.51163
[V25 PPO] phase=0 rollout/transitions=2297856 safety/h_hard_min=4.47162 train/value_loss=8.01573 train/grad_norm=2.24197
[V25 PPO] phase=0 rollout/transitions=2301952 safety/h_hard_min=4.47392 train/value_loss=6.91375 train/grad_norm=1.16803
[V25 PPO] phase=0 rollout/transitions=2306048 safety/h_hard_min=4.47394 train/value_loss=7.85381 train/grad_norm=2.24382
[V25 PPO] phase=0 rollout/transitions=2310144 safety/h_hard_min=4.47046 train/value_loss=6.50928 train/grad_norm=3.29372
[V25 PPO] phase=0 rollout/transitions=2314240 safety/h_hard_min=4.47271 train/value_loss=6.31495 train/grad_norm=1.10852
[V25 PPO] phase=0 rollout/transitions=2318336 safety/h_hard_min=4.47053 train/value_loss=6.63276 train/grad_norm=2.054
[V25 PPO] phase=0 rollout/transitions=2322432 safety/h_hard_min=4.4728 train/value_loss=7.06634 train/grad_norm=2.22321
[V25 PPO] phase=0 rollout/transitions=2326528 safety/h_hard_min=4.47315 train/value_loss=6.8259 train/grad_norm=3.33219
[V25 PPO] phase=0 rollout/transitions=2330624 safety/h_hard_min=4.4722 train/value_loss=6.25249 train/grad_norm=3.9776
[V25 PPO] phase=0 rollout/transitions=2334720 safety/h_hard_min=4.47254 train/value_loss=6.45126 train/grad_norm=3.22323
[V25 PPO] phase=0 rollout/transitions=2338816 safety/h_hard_min=4.47358 train/value_loss=6.63961 train/grad_norm=3.35221
[V25 PPO] phase=0 rollout/transitions=2342912 safety/h_hard_min=4.47257 train/value_loss=6.06951 train/grad_norm=1.78632
[V25 PPO] phase=0 rollout/transitions=2347008 safety/h_hard_min=4.47098 train/value_loss=7.01807 train/grad_norm=2.16222
[V25 PPO] phase=0 rollout/transitions=2351104 safety/h_hard_min=4.47197 train/value_loss=6.65063 train/grad_norm=1.77627
[V25 PPO] phase=0 rollout/transitions=2355200 safety/h_hard_min=4.47334 train/value_loss=6.95124 train/grad_norm=1.45195
[V25 PPO] phase=0 rollout/transitions=2359296 safety/h_hard_min=4.47224 train/value_loss=7.13049 train/grad_norm=1.67669
[V25 PPO] phase=0 rollout/transitions=2363392 safety/h_hard_min=4.47105 train/value_loss=5.88536 train/grad_norm=1.92893
[V25 PPO] phase=0 rollout/transitions=2367488 safety/h_hard_min=4.47193 train/value_loss=6.44743 train/grad_norm=2.68724
[V25 PPO] phase=0 rollout/transitions=2371584 safety/h_hard_min=4.4731 train/value_loss=6.20303 train/grad_norm=5.35421
[V25 PPO] phase=0 rollout/transitions=2375680 safety/h_hard_min=4.47308 train/value_loss=5.77162 train/grad_norm=0.780618
[V25 PPO] phase=0 rollout/transitions=2379776 safety/h_hard_min=4.4724 train/value_loss=6.62472 train/grad_norm=1.16543
[V25 PPO] phase=0 rollout/transitions=2383872 safety/h_hard_min=4.47217 train/value_loss=6.268 train/grad_norm=2.45836
[V25 PPO] phase=0 rollout/transitions=2387968 safety/h_hard_min=4.4712 train/value_loss=5.62575 train/grad_norm=0.993665
[V25 PPO] phase=0 rollout/transitions=2392064 safety/h_hard_min=4.47119 train/value_loss=6.54665 train/grad_norm=1.30882
[V25 PPO] phase=0 rollout/transitions=2396160 safety/h_hard_min=4.47182 train/value_loss=6.67232 train/grad_norm=1.39883
[V25 PPO] phase=0 rollout/transitions=2400256 safety/h_hard_min=4.47139 train/value_loss=6.09571 train/grad_norm=1.53851
[V25 PPO] phase=0 rollout/transitions=2404352 safety/h_hard_min=4.47196 train/value_loss=6.66446 train/grad_norm=1.77625
[V25 PPO] phase=0 rollout/transitions=2408448 safety/h_hard_min=4.47285 train/value_loss=7.11475 train/grad_norm=4.50279
[V25 PPO] phase=0 rollout/transitions=2412544 safety/h_hard_min=4.4731 train/value_loss=5.54552 train/grad_norm=0.92361
[V25 PPO] phase=0 rollout/transitions=2416640 safety/h_hard_min=4.47268 train/value_loss=5.95453 train/grad_norm=1.221
[V25 PPO] phase=0 rollout/transitions=2420736 safety/h_hard_min=4.47196 train/value_loss=6.16957 train/grad_norm=1.58129
[V25 PPO] phase=0 rollout/transitions=2424832 safety/h_hard_min=4.4731 train/value_loss=6.28887 train/grad_norm=1.77835
[V25 PPO] phase=0 rollout/transitions=2428928 safety/h_hard_min=4.47176 train/value_loss=6.01344 train/grad_norm=0.871428
[V25 PPO] phase=0 rollout/transitions=2433024 safety/h_hard_min=4.47328 train/value_loss=6.54494 train/grad_norm=3.43427
[V25 PPO] phase=0 rollout/transitions=2437120 safety/h_hard_min=4.47142 train/value_loss=5.91539 train/grad_norm=2.70268
[V25 PPO] phase=0 rollout/transitions=2441216 safety/h_hard_min=4.47271 train/value_loss=6.54278 train/grad_norm=1.10476
[V25 PPO] phase=0 rollout/transitions=2445312 safety/h_hard_min=4.47059 train/value_loss=6.92514 train/grad_norm=1.2641
[V25 PPO] phase=0 rollout/transitions=2449408 safety/h_hard_min=4.47055 train/value_loss=6.43797 train/grad_norm=3.59758
[V25 PPO] phase=0 rollout/transitions=2453504 safety/h_hard_min=4.47417 train/value_loss=5.94895 train/grad_norm=1.57593
[V25 PPO] phase=0 rollout/transitions=2457600 safety/h_hard_min=4.47141 train/value_loss=5.09456 train/grad_norm=1.94836
[V25 PPO] phase=0 rollout/transitions=2461696 safety/h_hard_min=4.47079 train/value_loss=6.0479 train/grad_norm=0.806739
[V25 PPO] phase=0 rollout/transitions=2465792 safety/h_hard_min=4.47322 train/value_loss=6.764 train/grad_norm=2.04775
[V25 PPO] phase=0 rollout/transitions=2469888 safety/h_hard_min=4.47119 train/value_loss=5.49679 train/grad_norm=1.44797
[V25 PPO] phase=0 rollout/transitions=2473984 safety/h_hard_min=4.47144 train/value_loss=5.75328 train/grad_norm=0.986627
[V25 PPO] phase=0 rollout/transitions=2478080 safety/h_hard_min=4.473 train/value_loss=5.66778 train/grad_norm=1.42044
[V25 PPO] phase=0 rollout/transitions=2482176 safety/h_hard_min=4.46909 train/value_loss=4.87976 train/grad_norm=1.3983
[V25 PPO] phase=0 rollout/transitions=2486272 safety/h_hard_min=4.46903 train/value_loss=5.18077 train/grad_norm=2.41259
[V25 PPO] phase=0 rollout/transitions=2490368 safety/h_hard_min=4.47152 train/value_loss=5.85351 train/grad_norm=4.2375
[V25 PPO] phase=0 rollout/transitions=2494464 safety/h_hard_min=4.4717 train/value_loss=6.19896 train/grad_norm=2.12845
[V25 PPO] phase=0 rollout/transitions=2498560 safety/h_hard_min=4.46973 train/value_loss=5.97863 train/grad_norm=1.32365
[V25 PPO] phase=0 rollout/transitions=2502656 safety/h_hard_min=4.47138 train/value_loss=5.71294 train/grad_norm=1.4406
[V25 PPO] phase=0 rollout/transitions=2506752 safety/h_hard_min=4.47143 train/value_loss=6.03147 train/grad_norm=1.85242
[V25 PPO] phase=0 rollout/transitions=2510848 safety/h_hard_min=4.46892 train/value_loss=5.81224 train/grad_norm=1.6471
[V25 PPO] phase=0 rollout/transitions=2514944 safety/h_hard_min=4.47253 train/value_loss=5.53515 train/grad_norm=2.89138
[V25 PPO] phase=0 rollout/transitions=2519040 safety/h_hard_min=4.47009 train/value_loss=5.84633 train/grad_norm=0.735035
[V25 PPO] phase=0 rollout/transitions=2523136 safety/h_hard_min=4.47264 train/value_loss=5.33681 train/grad_norm=1.27982
[V25 PPO] phase=0 rollout/transitions=2527232 safety/h_hard_min=4.47153 train/value_loss=5.50905 train/grad_norm=0.944402
[V25 PPO] phase=0 rollout/transitions=2531328 safety/h_hard_min=4.47225 train/value_loss=6.34969 train/grad_norm=1.19472
[V25 PPO] phase=0 rollout/transitions=2535424 safety/h_hard_min=4.47234 train/value_loss=5.58457 train/grad_norm=0.874684
[V25 PPO] phase=0 rollout/transitions=2539520 safety/h_hard_min=4.4674 train/value_loss=5.90156 train/grad_norm=1.56359
[V25 PPO] phase=0 rollout/transitions=2543616 safety/h_hard_min=4.47079 train/value_loss=5.55716 train/grad_norm=2.27025
[V25 PPO] phase=0 rollout/transitions=2547712 safety/h_hard_min=4.46875 train/value_loss=5.15918 train/grad_norm=0.84217
[V25 PPO] phase=0 rollout/transitions=2551808 safety/h_hard_min=4.47122 train/value_loss=5.49898 train/grad_norm=1.68642
[V25 PPO] phase=0 rollout/transitions=2555904 safety/h_hard_min=4.47271 train/value_loss=4.73098 train/grad_norm=1.95276
[V25 PPO] phase=0 rollout/transitions=2560000 safety/h_hard_min=4.47355 train/value_loss=5.3872 train/grad_norm=1.57262
[V25 PPO] phase=0 rollout/transitions=2564096 safety/h_hard_min=4.46642 train/value_loss=5.92618 train/grad_norm=1.47638
[V25 PPO] phase=0 rollout/transitions=2568192 safety/h_hard_min=4.47313 train/value_loss=6.09141 train/grad_norm=1.764
[V25 PPO] phase=0 rollout/transitions=2572288 safety/h_hard_min=4.47329 train/value_loss=5.46205 train/grad_norm=2.70355
[V25 PPO] phase=0 rollout/transitions=2576384 safety/h_hard_min=4.47274 train/value_loss=4.81157 train/grad_norm=0.777258
[V25 PPO] phase=0 rollout/transitions=2580480 safety/h_hard_min=4.46863 train/value_loss=5.25358 train/grad_norm=1.44055
[V25 PPO] phase=0 rollout/transitions=2584576 safety/h_hard_min=4.46927 train/value_loss=4.87332 train/grad_norm=1.11007
[V25 PPO] phase=0 rollout/transitions=2588672 safety/h_hard_min=4.47096 train/value_loss=4.82078 train/grad_norm=0.825816
[V25 PPO] phase=0 rollout/transitions=2592768 safety/h_hard_min=4.47137 train/value_loss=5.28232 train/grad_norm=1.31805
[V25 PPO] phase=0 rollout/transitions=2596864 safety/h_hard_min=4.47204 train/value_loss=5.71824 train/grad_norm=1.93214
[V25 PPO] phase=0 rollout/transitions=2600960 safety/h_hard_min=4.47339 train/value_loss=5.21516 train/grad_norm=1.25805
[V25 PPO] phase=0 rollout/transitions=2605056 safety/h_hard_min=4.47292 train/value_loss=5.34326 train/grad_norm=2.61193
[V25 PPO] phase=0 rollout/transitions=2609152 safety/h_hard_min=4.47115 train/value_loss=5.48528 train/grad_norm=1.08759
[V25 PPO] phase=0 rollout/transitions=2613248 safety/h_hard_min=4.47131 train/value_loss=5.80946 train/grad_norm=1.14491
[V25 PPO] phase=0 rollout/transitions=2617344 safety/h_hard_min=4.47088 train/value_loss=4.91769 train/grad_norm=1.3108
[V25 PPO] phase=0 rollout/transitions=2621440 safety/h_hard_min=4.46942 train/value_loss=5.20214 train/grad_norm=2.8234
[V25 PPO] phase=0 rollout/transitions=2625536 safety/h_hard_min=4.47225 train/value_loss=5.04265 train/grad_norm=0.867013
[V25 PPO] phase=0 rollout/transitions=2629632 safety/h_hard_min=4.47267 train/value_loss=5.59834 train/grad_norm=1.38114
[V25 PPO] phase=0 rollout/transitions=2633728 safety/h_hard_min=4.47031 train/value_loss=5.67042 train/grad_norm=1.29867
[V25 PPO] phase=0 rollout/transitions=2637824 safety/h_hard_min=4.47061 train/value_loss=5.18335 train/grad_norm=2.11916
[V25 PPO] phase=0 rollout/transitions=2641920 safety/h_hard_min=4.47478 train/value_loss=5.36207 train/grad_norm=2.618
[V25 PPO] phase=0 rollout/transitions=2646016 safety/h_hard_min=4.46959 train/value_loss=5.20943 train/grad_norm=1.89644
[V25 PPO] phase=0 rollout/transitions=2650112 safety/h_hard_min=4.46833 train/value_loss=4.73154 train/grad_norm=1.94332
[V25 PPO] phase=0 rollout/transitions=2654208 safety/h_hard_min=4.47273 train/value_loss=5.36202 train/grad_norm=1.61332
[V25 PPO] phase=0 rollout/transitions=2658304 safety/h_hard_min=4.47169 train/value_loss=4.83771 train/grad_norm=1.01063
[V25 PPO] phase=0 rollout/transitions=2662400 safety/h_hard_min=4.47315 train/value_loss=5.45853 train/grad_norm=3.29973
[V25 PPO] phase=0 rollout/transitions=2666496 safety/h_hard_min=4.47058 train/value_loss=5.0705 train/grad_norm=1.76049
[V25 PPO] phase=0 rollout/transitions=2670592 safety/h_hard_min=4.47277 train/value_loss=5.23783 train/grad_norm=1.18924
[V25 PPO] phase=0 rollout/transitions=2674688 safety/h_hard_min=4.4724 train/value_loss=5.49181 train/grad_norm=1.23172
[V25 PPO] phase=0 rollout/transitions=2678784 safety/h_hard_min=4.47339 train/value_loss=5.26459 train/grad_norm=2.54738
[V25 PPO] phase=0 rollout/transitions=2682880 safety/h_hard_min=4.47246 train/value_loss=5.28138 train/grad_norm=1.18525
[V25 PPO] phase=0 rollout/transitions=2686976 safety/h_hard_min=4.47171 train/value_loss=5.22756 train/grad_norm=1.06737
[V25 PPO] phase=0 rollout/transitions=2691072 safety/h_hard_min=4.47097 train/value_loss=5.75505 train/grad_norm=3.20502
[V25 PPO] phase=0 rollout/transitions=2695168 safety/h_hard_min=4.47102 train/value_loss=4.55421 train/grad_norm=1.09564
[V25 PPO] phase=0 rollout/transitions=2699264 safety/h_hard_min=4.47075 train/value_loss=4.46033 train/grad_norm=1.77672
[V25 PPO] phase=0 rollout/transitions=2703360 safety/h_hard_min=4.47266 train/value_loss=4.98422 train/grad_norm=2.72542
[V25 PPO] phase=0 rollout/transitions=2707456 safety/h_hard_min=4.4717 train/value_loss=4.94018 train/grad_norm=1.44829
[V25 PPO] phase=0 rollout/transitions=2711552 safety/h_hard_min=4.4736 train/value_loss=4.42893 train/grad_norm=1.39195
[V25 PPO] phase=0 rollout/transitions=2715648 safety/h_hard_min=4.47392 train/value_loss=5.12803 train/grad_norm=1.50258
[V25 PPO] phase=0 rollout/transitions=2719744 safety/h_hard_min=4.47112 train/value_loss=5.39088 train/grad_norm=1.97471
[V25 PPO] phase=0 rollout/transitions=2723840 safety/h_hard_min=4.47178 train/value_loss=5.17042 train/grad_norm=1.11708
[V25 PPO] phase=0 rollout/transitions=2727936 safety/h_hard_min=4.47172 train/value_loss=4.415 train/grad_norm=1.45276
[V25 PPO] phase=0 rollout/transitions=2732032 safety/h_hard_min=4.47063 train/value_loss=4.60171 train/grad_norm=0.780694
[V25 PPO] phase=0 rollout/transitions=2736128 safety/h_hard_min=4.47156 train/value_loss=4.84108 train/grad_norm=0.85943
[V25 PPO] phase=0 rollout/transitions=2740224 safety/h_hard_min=4.46756 train/value_loss=4.58415 train/grad_norm=1.26824
[V25 PPO] phase=0 rollout/transitions=2744320 safety/h_hard_min=4.47209 train/value_loss=4.5657 train/grad_norm=2.46403
[V25 PPO] phase=0 rollout/transitions=2748416 safety/h_hard_min=4.47096 train/value_loss=5.0623 train/grad_norm=0.89406
[V25 PPO] phase=0 rollout/transitions=2752512 safety/h_hard_min=4.47348 train/value_loss=5.19335 train/grad_norm=1.42269
[V25 PPO] phase=0 rollout/transitions=2756608 safety/h_hard_min=4.47161 train/value_loss=4.40733 train/grad_norm=0.940773
[V25 PPO] phase=0 rollout/transitions=2760704 safety/h_hard_min=4.47035 train/value_loss=5.16763 train/grad_norm=1.00108
[V25 PPO] phase=0 rollout/transitions=2764800 safety/h_hard_min=4.47209 train/value_loss=4.39945 train/grad_norm=1.60972
[V25 PPO] phase=0 rollout/transitions=2768896 safety/h_hard_min=4.47225 train/value_loss=4.57625 train/grad_norm=2.02015
[V25 PPO] phase=0 rollout/transitions=2772992 safety/h_hard_min=4.46897 train/value_loss=4.57072 train/grad_norm=0.960433
[V25 PPO] phase=0 rollout/transitions=2777088 safety/h_hard_min=4.47249 train/value_loss=4.71547 train/grad_norm=1.08483
[V25 PPO] phase=0 rollout/transitions=2781184 safety/h_hard_min=4.47372 train/value_loss=5.12626 train/grad_norm=1.57566
[V25 PPO] phase=0 rollout/transitions=2785280 safety/h_hard_min=4.47155 train/value_loss=4.86346 train/grad_norm=1.22776
[V25 PPO] phase=0 rollout/transitions=2789376 safety/h_hard_min=4.47296 train/value_loss=4.70222 train/grad_norm=1.19449
[V25 PPO] phase=0 rollout/transitions=2793472 safety/h_hard_min=4.47252 train/value_loss=4.72654 train/grad_norm=3.34328
[V25 PPO] phase=0 rollout/transitions=2797568 safety/h_hard_min=4.4702 train/value_loss=4.29463 train/grad_norm=1.85555
[V25 PPO] phase=0 rollout/transitions=2801664 safety/h_hard_min=4.47067 train/value_loss=4.72354 train/grad_norm=2.1204
[V25 PPO] phase=0 rollout/transitions=2805760 safety/h_hard_min=4.47316 train/value_loss=4.42015 train/grad_norm=2.47048
[V25 PPO] phase=0 rollout/transitions=2809856 safety/h_hard_min=4.47119 train/value_loss=4.25461 train/grad_norm=3.05905
[V25 PPO] phase=0 rollout/transitions=2813952 safety/h_hard_min=4.47204 train/value_loss=5.20636 train/grad_norm=1.699
[V25 PPO] phase=0 rollout/transitions=2818048 safety/h_hard_min=4.4699 train/value_loss=4.71393 train/grad_norm=3.17517
[V25 PPO] phase=0 rollout/transitions=2822144 safety/h_hard_min=4.46942 train/value_loss=4.9001 train/grad_norm=3.79177
[V25 PPO] phase=0 rollout/transitions=2826240 safety/h_hard_min=4.47022 train/value_loss=4.51494 train/grad_norm=0.678905
[V25 PPO] phase=0 rollout/transitions=2830336 safety/h_hard_min=4.47232 train/value_loss=4.15926 train/grad_norm=1.21885
[V25 PPO] phase=0 rollout/transitions=2834432 safety/h_hard_min=4.47287 train/value_loss=4.56815 train/grad_norm=1.9212
[V25 PPO] phase=0 rollout/transitions=2838528 safety/h_hard_min=4.47183 train/value_loss=4.38072 train/grad_norm=0.557272
[V25 PPO] phase=0 rollout/transitions=2842624 safety/h_hard_min=4.47374 train/value_loss=5.05357 train/grad_norm=2.1267
[V25 PPO] phase=0 rollout/transitions=2846720 safety/h_hard_min=4.46972 train/value_loss=4.63864 train/grad_norm=1.86597
[V25 PPO] phase=0 rollout/transitions=2850816 safety/h_hard_min=4.47278 train/value_loss=4.35616 train/grad_norm=0.80624
[V25 PPO] phase=0 rollout/transitions=2854912 safety/h_hard_min=4.47124 train/value_loss=4.65858 train/grad_norm=1.29129
[V25 PPO] phase=0 rollout/transitions=2859008 safety/h_hard_min=4.47362 train/value_loss=4.71487 train/grad_norm=1.05952
[V25 PPO] phase=0 rollout/transitions=2863104 safety/h_hard_min=4.47404 train/value_loss=4.55336 train/grad_norm=1.7869
[V25 PPO] phase=0 rollout/transitions=2867200 safety/h_hard_min=4.46683 train/value_loss=4.4635 train/grad_norm=0.838176
[V25 PPO] phase=0 rollout/transitions=2871296 safety/h_hard_min=4.46823 train/value_loss=4.26437 train/grad_norm=1.54397
[V25 PPO] phase=0 rollout/transitions=2875392 safety/h_hard_min=4.47168 train/value_loss=4.48189 train/grad_norm=1.20102
[V25 PPO] phase=0 rollout/transitions=2879488 safety/h_hard_min=4.47314 train/value_loss=5.3016 train/grad_norm=2.24835
[V25 PPO] phase=0 rollout/transitions=2883584 safety/h_hard_min=4.47025 train/value_loss=4.67965 train/grad_norm=4.10815
[V25 PPO] phase=0 rollout/transitions=2887680 safety/h_hard_min=4.47276 train/value_loss=4.57866 train/grad_norm=1.30455
[V25 PPO] phase=0 rollout/transitions=2891776 safety/h_hard_min=4.47328 train/value_loss=3.84007 train/grad_norm=1.51963
[V25 PPO] phase=0 rollout/transitions=2895872 safety/h_hard_min=4.4729 train/value_loss=4.33473 train/grad_norm=1.76137
[V25 PPO] phase=0 rollout/transitions=2899968 safety/h_hard_min=4.4707 train/value_loss=4.66481 train/grad_norm=0.74969
[V25 PPO] phase=0 rollout/transitions=2904064 safety/h_hard_min=4.47255 train/value_loss=5.07194 train/grad_norm=2.02559
[V25 PPO] phase=0 rollout/transitions=2908160 safety/h_hard_min=4.46934 train/value_loss=4.29675 train/grad_norm=1.34207
[V25 PPO] phase=0 rollout/transitions=2912256 safety/h_hard_min=4.47062 train/value_loss=4.36904 train/grad_norm=2.49496
[V25 PPO] phase=0 rollout/transitions=2916352 safety/h_hard_min=4.472 train/value_loss=4.41435 train/grad_norm=1.70779
[V25 PPO] phase=0 rollout/transitions=2920448 safety/h_hard_min=4.47351 train/value_loss=4.17103 train/grad_norm=1.70323
[V25 PPO] phase=0 rollout/transitions=2924544 safety/h_hard_min=4.46629 train/value_loss=4.33454 train/grad_norm=0.94434
[V25 PPO] phase=0 rollout/transitions=2928640 safety/h_hard_min=4.4734 train/value_loss=4.22809 train/grad_norm=2.13201
[V25 PPO] phase=0 rollout/transitions=2932736 safety/h_hard_min=4.47223 train/value_loss=4.55944 train/grad_norm=0.704828
[V25 PPO] phase=0 rollout/transitions=2936832 safety/h_hard_min=4.46862 train/value_loss=3.98909 train/grad_norm=1.02553
[V25 PPO] phase=0 rollout/transitions=2940928 safety/h_hard_min=4.47421 train/value_loss=4.35846 train/grad_norm=0.835073
[V25 PPO] phase=0 rollout/transitions=2945024 safety/h_hard_min=4.47308 train/value_loss=4.29885 train/grad_norm=1.26661
[V25 PPO] phase=0 rollout/transitions=2949120 safety/h_hard_min=4.47243 train/value_loss=4.47834 train/grad_norm=1.69694
[V25 PPO] phase=0 rollout/transitions=2953216 safety/h_hard_min=4.47186 train/value_loss=4.28901 train/grad_norm=1.33212
[V25 PPO] phase=0 rollout/transitions=2957312 safety/h_hard_min=4.47341 train/value_loss=4.65764 train/grad_norm=2.09168
[V25 PPO] phase=0 rollout/transitions=2961408 safety/h_hard_min=4.47091 train/value_loss=3.85819 train/grad_norm=2.6146
[V25 PPO] phase=0 rollout/transitions=2965504 safety/h_hard_min=4.47279 train/value_loss=4.62752 train/grad_norm=2.50281
[V25 PPO] phase=0 rollout/transitions=2969600 safety/h_hard_min=4.4745 train/value_loss=4.37981 train/grad_norm=1.12545
[V25 PPO] phase=0 rollout/transitions=2973696 safety/h_hard_min=4.47352 train/value_loss=4.4233 train/grad_norm=3.88801
[V25 PPO] phase=0 rollout/transitions=2977792 safety/h_hard_min=4.47043 train/value_loss=4.21588 train/grad_norm=0.886293
[V25 PPO] phase=0 rollout/transitions=2981888 safety/h_hard_min=4.47402 train/value_loss=4.32008 train/grad_norm=1.65952
[V25 PPO] phase=0 rollout/transitions=2985984 safety/h_hard_min=4.4727 train/value_loss=4.33908 train/grad_norm=2.02046
[V25 PPO] phase=0 rollout/transitions=2990080 safety/h_hard_min=4.46852 train/value_loss=3.83801 train/grad_norm=2.24616
[V25 PPO] phase=0 rollout/transitions=2994176 safety/h_hard_min=4.47088 train/value_loss=3.73033 train/grad_norm=1.3419
[V25 PPO] phase=0 rollout/transitions=2998272 safety/h_hard_min=4.47019 train/value_loss=4.24008 train/grad_norm=2.36671
[V25 PPO] phase=0 rollout/transitions=3002368 safety/h_hard_min=4.47266 train/value_loss=4.36729 train/grad_norm=0.488608
[V25 PPO] phase=0 rollout/transitions=3006464 safety/h_hard_min=4.47025 train/value_loss=5.02208 train/grad_norm=0.794961
[V25 PPO] phase=0 rollout/transitions=3010560 safety/h_hard_min=4.47086 train/value_loss=4.52828 train/grad_norm=1.0521
[V25 PPO] phase=0 rollout/transitions=3014656 safety/h_hard_min=4.47266 train/value_loss=3.62051 train/grad_norm=1.07143
[V25 PPO] phase=0 rollout/transitions=3018752 safety/h_hard_min=4.47298 train/value_loss=4.60391 train/grad_norm=0.716523
[V25 PPO] phase=0 rollout/transitions=3022848 safety/h_hard_min=4.4729 train/value_loss=4.65721 train/grad_norm=1.20647
[V25 PPO] phase=0 rollout/transitions=3026944 safety/h_hard_min=4.47177 train/value_loss=4.2389 train/grad_norm=0.943242
[V25 PPO] phase=0 rollout/transitions=3031040 safety/h_hard_min=4.47128 train/value_loss=4.76204 train/grad_norm=0.575867
[V25 PPO] phase=0 rollout/transitions=3035136 safety/h_hard_min=4.47162 train/value_loss=4.03482 train/grad_norm=2.20258
[V25 PPO] phase=0 rollout/transitions=3039232 safety/h_hard_min=4.47422 train/value_loss=3.54071 train/grad_norm=3.01414
[V25 PPO] phase=0 rollout/transitions=3043328 safety/h_hard_min=4.47274 train/value_loss=3.75884 train/grad_norm=0.455091
[V25 PPO] phase=0 rollout/transitions=3047424 safety/h_hard_min=4.47212 train/value_loss=4.32273 train/grad_norm=2.70295
[V25 PPO] phase=0 rollout/transitions=3051520 safety/h_hard_min=4.47171 train/value_loss=3.85442 train/grad_norm=1.54763
[V25 PPO] phase=0 rollout/transitions=3055616 safety/h_hard_min=4.47241 train/value_loss=4.56225 train/grad_norm=0.88583
[V25 PPO] phase=0 rollout/transitions=3059712 safety/h_hard_min=4.46912 train/value_loss=4.59176 train/grad_norm=1.01845
[V25 PPO] phase=0 rollout/transitions=3063808 safety/h_hard_min=4.4724 train/value_loss=3.66145 train/grad_norm=1.10491
[V25 PPO] phase=0 rollout/transitions=3067904 safety/h_hard_min=4.47142 train/value_loss=4.07785 train/grad_norm=0.587291
[V25 PPO] phase=0 rollout/transitions=3072000 safety/h_hard_min=4.47004 train/value_loss=4.35926 train/grad_norm=1.07053
[V25 PPO] phase=0 rollout/transitions=3076096 safety/h_hard_min=4.47176 train/value_loss=3.77681 train/grad_norm=1.23228
[V25 PPO] phase=0 rollout/transitions=3080192 safety/h_hard_min=4.47457 train/value_loss=3.98017 train/grad_norm=1.51395
[V25 PPO] phase=0 rollout/transitions=3084288 safety/h_hard_min=4.46988 train/value_loss=3.98596 train/grad_norm=1.79091
[V25 PPO] phase=0 rollout/transitions=3088384 safety/h_hard_min=4.47272 train/value_loss=4.56036 train/grad_norm=1.87277
[V25 PPO] phase=0 rollout/transitions=3092480 safety/h_hard_min=4.47292 train/value_loss=4.58162 train/grad_norm=0.850249
[V25 PPO] phase=0 rollout/transitions=3096576 safety/h_hard_min=4.46859 train/value_loss=3.60167 train/grad_norm=0.632898
[V25 PPO] phase=0 rollout/transitions=3100672 safety/h_hard_min=4.46862 train/value_loss=3.98531 train/grad_norm=1.19002
[V25 PPO] phase=0 rollout/transitions=3104768 safety/h_hard_min=4.47305 train/value_loss=4.02955 train/grad_norm=1.60067
[V25 PPO] phase=0 rollout/transitions=3108864 safety/h_hard_min=4.47007 train/value_loss=4.07425 train/grad_norm=0.927416
[V25 PPO] phase=0 rollout/transitions=3112960 safety/h_hard_min=4.47212 train/value_loss=3.50288 train/grad_norm=1.40972
[V25 PPO] phase=0 rollout/transitions=3117056 safety/h_hard_min=4.47271 train/value_loss=3.71382 train/grad_norm=2.11
[V25 PPO] phase=0 rollout/transitions=3121152 safety/h_hard_min=4.47129 train/value_loss=4.13738 train/grad_norm=3.54677
[V25 PPO] phase=0 rollout/transitions=3125248 safety/h_hard_min=4.47071 train/value_loss=3.64901 train/grad_norm=0.560836
[V25 PPO] phase=0 rollout/transitions=3129344 safety/h_hard_min=4.47169 train/value_loss=3.60462 train/grad_norm=0.888634
[V25 PPO] phase=0 rollout/transitions=3133440 safety/h_hard_min=4.472 train/value_loss=3.89963 train/grad_norm=0.700125
[V25 PPO] phase=0 rollout/transitions=3137536 safety/h_hard_min=4.47191 train/value_loss=4.0073 train/grad_norm=1.32435
[V25 PPO] phase=0 rollout/transitions=3141632 safety/h_hard_min=4.47145 train/value_loss=3.6073 train/grad_norm=0.852265
[V25 PPO] phase=0 rollout/transitions=3145728 safety/h_hard_min=4.47216 train/value_loss=4.0388 train/grad_norm=0.911699
[V25 PPO] phase=0 rollout/transitions=3149824 safety/h_hard_min=4.47123 train/value_loss=3.78086 train/grad_norm=2.05451
[V25 PPO] phase=0 rollout/transitions=3153920 safety/h_hard_min=4.47237 train/value_loss=3.91005 train/grad_norm=1.26444
[V25 PPO] phase=0 rollout/transitions=3158016 safety/h_hard_min=4.4719 train/value_loss=4.10511 train/grad_norm=2.98302
[V25 PPO] phase=0 rollout/transitions=3162112 safety/h_hard_min=4.47278 train/value_loss=3.64599 train/grad_norm=3.15725
[V25 PPO] phase=0 rollout/transitions=3166208 safety/h_hard_min=4.4713 train/value_loss=3.50062 train/grad_norm=0.993221
[V25 PPO] phase=0 rollout/transitions=3170304 safety/h_hard_min=4.47351 train/value_loss=3.68482 train/grad_norm=1.63032
[V25 PPO] phase=0 rollout/transitions=3174400 safety/h_hard_min=4.47365 train/value_loss=3.91502 train/grad_norm=0.949829
[V25 PPO] phase=0 rollout/transitions=3178496 safety/h_hard_min=4.47161 train/value_loss=3.6135 train/grad_norm=0.665252
[V25 PPO] phase=0 rollout/transitions=3182592 safety/h_hard_min=4.47356 train/value_loss=4.34584 train/grad_norm=0.796168
[V25 PPO] phase=0 rollout/transitions=3186688 safety/h_hard_min=4.47047 train/value_loss=3.64756 train/grad_norm=1.44438
[V25 PPO] phase=0 rollout/transitions=3190784 safety/h_hard_min=4.47002 train/value_loss=4.28722 train/grad_norm=1.48093
[V25 PPO] phase=0 rollout/transitions=3194880 safety/h_hard_min=4.47062 train/value_loss=3.91389 train/grad_norm=1.1289
[V25 PPO] phase=0 rollout/transitions=3198976 safety/h_hard_min=4.47124 train/value_loss=4.21673 train/grad_norm=0.777747
[V25 PPO] phase=0 rollout/transitions=3203072 safety/h_hard_min=4.47355 train/value_loss=3.53527 train/grad_norm=0.593206
[V25 PPO] phase=0 rollout/transitions=3207168 safety/h_hard_min=4.47229 train/value_loss=3.91473 train/grad_norm=0.969524
[V25 PPO] phase=0 rollout/transitions=3211264 safety/h_hard_min=4.47165 train/value_loss=4.35957 train/grad_norm=1.25632
[V25 PPO] phase=0 rollout/transitions=3215360 safety/h_hard_min=4.46621 train/value_loss=3.89623 train/grad_norm=0.793106
[V25 PPO] phase=0 rollout/transitions=3219456 safety/h_hard_min=4.47181 train/value_loss=4.18095 train/grad_norm=4.63046
[V25 PPO] phase=0 rollout/transitions=3223552 safety/h_hard_min=4.47292 train/value_loss=3.81494 train/grad_norm=1.01399
[V25 PPO] phase=0 rollout/transitions=3227648 safety/h_hard_min=4.47213 train/value_loss=3.9373 train/grad_norm=2.10917
[V25 PPO] phase=0 rollout/transitions=3231744 safety/h_hard_min=4.47267 train/value_loss=3.9809 train/grad_norm=0.867855
[V25 PPO] phase=0 rollout/transitions=3235840 safety/h_hard_min=4.47063 train/value_loss=3.70671 train/grad_norm=0.691261
[V25 PPO] phase=0 rollout/transitions=3239936 safety/h_hard_min=4.47242 train/value_loss=3.68872 train/grad_norm=1.02481
[V25 PPO] phase=0 rollout/transitions=3244032 safety/h_hard_min=4.47393 train/value_loss=3.4471 train/grad_norm=2.89496
[V25 PPO] phase=0 rollout/transitions=3248128 safety/h_hard_min=4.473 train/value_loss=3.77855 train/grad_norm=0.956218
[V25 PPO] phase=0 rollout/transitions=3252224 safety/h_hard_min=4.47475 train/value_loss=4.1219 train/grad_norm=2.96534
[V25 PPO] phase=0 rollout/transitions=3256320 safety/h_hard_min=4.46983 train/value_loss=4.33918 train/grad_norm=0.886637
[V25 PPO] phase=0 rollout/transitions=3260416 safety/h_hard_min=4.47341 train/value_loss=3.6678 train/grad_norm=0.562552
[V25 PPO] phase=0 rollout/transitions=3264512 safety/h_hard_min=4.47309 train/value_loss=3.62995 train/grad_norm=0.703754
[V25 PPO] phase=0 rollout/transitions=3268608 safety/h_hard_min=4.47278 train/value_loss=3.67073 train/grad_norm=0.992122
[V25 PPO] phase=0 rollout/transitions=3272704 safety/h_hard_min=4.47449 train/value_loss=3.81018 train/grad_norm=1.20941
[V25 PPO] phase=0 rollout/transitions=3276800 safety/h_hard_min=4.47354 train/value_loss=3.33118 train/grad_norm=1.28667
[V25 PPO] phase=0 rollout/transitions=3280896 safety/h_hard_min=4.46922 train/value_loss=3.8281 train/grad_norm=1.31369
[V25 PPO] phase=0 rollout/transitions=3284992 safety/h_hard_min=4.47186 train/value_loss=4.006 train/grad_norm=1.68265
[V25 PPO] phase=0 rollout/transitions=3289088 safety/h_hard_min=4.47284 train/value_loss=4.20733 train/grad_norm=1.39694
[V25 PPO] phase=0 rollout/transitions=3293184 safety/h_hard_min=4.47185 train/value_loss=3.87682 train/grad_norm=0.461934
[V25 PPO] phase=0 rollout/transitions=3297280 safety/h_hard_min=4.47131 train/value_loss=3.59889 train/grad_norm=0.708443
[V25 PPO] phase=0 rollout/transitions=3301376 safety/h_hard_min=4.4699 train/value_loss=3.04004 train/grad_norm=1.46652
[V25 PPO] phase=0 rollout/transitions=3305472 safety/h_hard_min=4.47509 train/value_loss=3.76933 train/grad_norm=0.963485
[V25 PPO] phase=0 rollout/transitions=3309568 safety/h_hard_min=4.46907 train/value_loss=3.5352 train/grad_norm=0.438359
[V25 PPO] phase=0 rollout/transitions=3313664 safety/h_hard_min=4.47318 train/value_loss=4.21585 train/grad_norm=1.26963
[V25 PPO] phase=0 rollout/transitions=3317760 safety/h_hard_min=4.46987 train/value_loss=3.35762 train/grad_norm=0.917277
[V25 PPO] phase=0 rollout/transitions=3321856 safety/h_hard_min=4.47235 train/value_loss=4.44733 train/grad_norm=0.781263
[V25 PPO] phase=0 rollout/transitions=3325952 safety/h_hard_min=4.47066 train/value_loss=3.46099 train/grad_norm=1.57077
[V25 PPO] phase=0 rollout/transitions=3330048 safety/h_hard_min=4.47193 train/value_loss=3.80599 train/grad_norm=1.44061
[V25 PPO] phase=0 rollout/transitions=3334144 safety/h_hard_min=4.4697 train/value_loss=3.77144 train/grad_norm=1.29759
[V25 PPO] phase=0 rollout/transitions=3338240 safety/h_hard_min=4.47206 train/value_loss=3.92823 train/grad_norm=0.931193
[V25 PPO] phase=0 rollout/transitions=3342336 safety/h_hard_min=4.46998 train/value_loss=3.32195 train/grad_norm=0.566785
[V25 PPO] phase=0 rollout/transitions=3346432 safety/h_hard_min=4.47076 train/value_loss=4.25765 train/grad_norm=0.750617
[V25 PPO] phase=0 rollout/transitions=3350528 safety/h_hard_min=4.47 train/value_loss=3.40968 train/grad_norm=0.929882
[V25 PPO] phase=0 rollout/transitions=3354624 safety/h_hard_min=4.47098 train/value_loss=3.23721 train/grad_norm=1.06523
[V25 PPO] phase=0 rollout/transitions=3358720 safety/h_hard_min=4.47228 train/value_loss=3.86429 train/grad_norm=1.21335
[V25 PPO] phase=0 rollout/transitions=3362816 safety/h_hard_min=4.46983 train/value_loss=4.04622 train/grad_norm=1.71308
[V25 PPO] phase=0 rollout/transitions=3366912 safety/h_hard_min=4.47247 train/value_loss=3.70113 train/grad_norm=1.90531
[V25 PPO] phase=0 rollout/transitions=3371008 safety/h_hard_min=4.46982 train/value_loss=3.43837 train/grad_norm=1.41165
[V25 PPO] phase=0 rollout/transitions=3375104 safety/h_hard_min=4.4718 train/value_loss=4.02062 train/grad_norm=2.9846
[V25 PPO] phase=0 rollout/transitions=3379200 safety/h_hard_min=4.47404 train/value_loss=4.361 train/grad_norm=2.28489
[V25 PPO] phase=0 rollout/transitions=3383296 safety/h_hard_min=4.47296 train/value_loss=3.83942 train/grad_norm=1.42583
[V25 PPO] phase=0 rollout/transitions=3387392 safety/h_hard_min=4.47388 train/value_loss=3.90911 train/grad_norm=0.404898
[V25 PPO] phase=0 rollout/transitions=3391488 safety/h_hard_min=4.47114 train/value_loss=3.94293 train/grad_norm=2.73646
[V25 PPO] phase=0 rollout/transitions=3395584 safety/h_hard_min=4.47296 train/value_loss=3.87403 train/grad_norm=1.61914
[V25 PPO] phase=0 rollout/transitions=3399680 safety/h_hard_min=4.47277 train/value_loss=3.40367 train/grad_norm=0.611526
[V25 PPO] phase=0 rollout/transitions=3403776 safety/h_hard_min=4.46875 train/value_loss=3.73751 train/grad_norm=1.18864
[V25 PPO] phase=0 rollout/transitions=3407872 safety/h_hard_min=4.47106 train/value_loss=3.76026 train/grad_norm=2.20288
[V25 PPO] phase=0 rollout/transitions=3411968 safety/h_hard_min=4.47193 train/value_loss=3.4297 train/grad_norm=1.23364
[V25 PPO] phase=0 rollout/transitions=3416064 safety/h_hard_min=4.47323 train/value_loss=2.87185 train/grad_norm=0.681069
[V25 PPO] phase=0 rollout/transitions=3420160 safety/h_hard_min=4.469 train/value_loss=3.19556 train/grad_norm=0.737448
[V25 PPO] phase=0 rollout/transitions=3424256 safety/h_hard_min=4.47188 train/value_loss=3.52498 train/grad_norm=2.04359
[V25 PPO] phase=0 rollout/transitions=3428352 safety/h_hard_min=4.4674 train/value_loss=3.41611 train/grad_norm=0.63178
[V25 PPO] phase=0 rollout/transitions=3432448 safety/h_hard_min=4.47067 train/value_loss=3.73493 train/grad_norm=1.37231
[V25 PPO] phase=0 rollout/transitions=3436544 safety/h_hard_min=4.47215 train/value_loss=3.74287 train/grad_norm=0.67099
[V25 PPO] phase=0 rollout/transitions=3440640 safety/h_hard_min=4.47288 train/value_loss=4.06456 train/grad_norm=2.3972
[V25 PPO] phase=0 rollout/transitions=3444736 safety/h_hard_min=4.47201 train/value_loss=3.79858 train/grad_norm=0.975747
[V25 PPO] phase=0 rollout/transitions=3448832 safety/h_hard_min=4.47273 train/value_loss=3.42911 train/grad_norm=0.750788
[V25 PPO] phase=0 rollout/transitions=3452928 safety/h_hard_min=4.47134 train/value_loss=4.21034 train/grad_norm=3.17178
[V25 PPO] phase=0 rollout/transitions=3457024 safety/h_hard_min=4.471 train/value_loss=3.56761 train/grad_norm=0.61697
[V25 PPO] phase=0 rollout/transitions=3461120 safety/h_hard_min=4.47047 train/value_loss=3.47413 train/grad_norm=0.982681
[V25 PPO] phase=0 rollout/transitions=3465216 safety/h_hard_min=4.47078 train/value_loss=3.86173 train/grad_norm=0.875416
[V25 PPO] phase=0 rollout/transitions=3469312 safety/h_hard_min=4.47192 train/value_loss=3.63396 train/grad_norm=1.81673
[V25 PPO] phase=0 rollout/transitions=3473408 safety/h_hard_min=4.4718 train/value_loss=3.00798 train/grad_norm=1.71481
[V25 PPO] phase=0 rollout/transitions=3477504 safety/h_hard_min=4.4712 train/value_loss=3.99348 train/grad_norm=3.14173
[V25 PPO] phase=0 rollout/transitions=3481600 safety/h_hard_min=4.47302 train/value_loss=2.98719 train/grad_norm=1.4951
[V25 PPO] phase=0 rollout/transitions=3485696 safety/h_hard_min=4.47225 train/value_loss=4.05398 train/grad_norm=1.5233
[V25 PPO] phase=0 rollout/transitions=3489792 safety/h_hard_min=4.47234 train/value_loss=3.16464 train/grad_norm=1.18608
[V25 PPO] phase=0 rollout/transitions=3493888 safety/h_hard_min=4.47285 train/value_loss=3.64832 train/grad_norm=1.05799
[V25 PPO] phase=0 rollout/transitions=3497984 safety/h_hard_min=4.47294 train/value_loss=3.04347 train/grad_norm=1.5534
[V25 PPO] phase=0 rollout/transitions=3502080 safety/h_hard_min=4.47211 train/value_loss=4.11524 train/grad_norm=1.70418
[V25 PPO] phase=0 rollout/transitions=3506176 safety/h_hard_min=4.47331 train/value_loss=3.27688 train/grad_norm=1.1304
[V25 PPO] phase=0 rollout/transitions=3510272 safety/h_hard_min=4.47312 train/value_loss=3.81249 train/grad_norm=1.23023
[V25 PPO] phase=0 rollout/transitions=3514368 safety/h_hard_min=4.47253 train/value_loss=3.45089 train/grad_norm=2.79629
[V25 PPO] phase=0 rollout/transitions=3518464 safety/h_hard_min=4.47036 train/value_loss=3.79906 train/grad_norm=1.82632
[V25 PPO] phase=0 rollout/transitions=3522560 safety/h_hard_min=4.47335 train/value_loss=3.43256 train/grad_norm=2.09477
[V25 PPO] phase=0 rollout/transitions=3526656 safety/h_hard_min=4.46957 train/value_loss=3.67952 train/grad_norm=1.91842
[V25 PPO] phase=0 rollout/transitions=3530752 safety/h_hard_min=4.46973 train/value_loss=3.85257 train/grad_norm=0.60959
[V25 PPO] phase=0 rollout/transitions=3534848 safety/h_hard_min=4.47198 train/value_loss=3.83164 train/grad_norm=0.31476
[V25 PPO] phase=0 rollout/transitions=3538944 safety/h_hard_min=4.4729 train/value_loss=3.86266 train/grad_norm=0.83991
[V25 PPO] phase=0 rollout/transitions=3543040 safety/h_hard_min=4.46974 train/value_loss=3.24712 train/grad_norm=0.496649
[V25 PPO] phase=0 rollout/transitions=3547136 safety/h_hard_min=4.47388 train/value_loss=3.57976 train/grad_norm=0.485137
[V25 PPO] phase=0 rollout/transitions=3551232 safety/h_hard_min=4.46969 train/value_loss=3.21173 train/grad_norm=1.02463
[V25 PPO] phase=0 rollout/transitions=3555328 safety/h_hard_min=4.47264 train/value_loss=3.21503 train/grad_norm=0.848397
[V25 PPO] phase=0 rollout/transitions=3559424 safety/h_hard_min=4.4708 train/value_loss=3.79619 train/grad_norm=0.915029
[V25 PPO] phase=0 rollout/transitions=3563520 safety/h_hard_min=4.4727 train/value_loss=3.65655 train/grad_norm=2.43141
[V25 PPO] phase=0 rollout/transitions=3567616 safety/h_hard_min=4.47249 train/value_loss=3.76162 train/grad_norm=0.619821
[V25 PPO] phase=0 rollout/transitions=3571712 safety/h_hard_min=4.47357 train/value_loss=3.73199 train/grad_norm=1.43685
[V25 PPO] phase=0 rollout/transitions=3575808 safety/h_hard_min=4.47208 train/value_loss=3.39159 train/grad_norm=1.10271
[V25 PPO] phase=0 rollout/transitions=3579904 safety/h_hard_min=4.47274 train/value_loss=4.29888 train/grad_norm=3.72053
[V25 PPO] phase=0 rollout/transitions=3584000 safety/h_hard_min=4.47396 train/value_loss=3.64252 train/grad_norm=1.01209
[V25 PPO] phase=0 rollout/transitions=3588096 safety/h_hard_min=4.46827 train/value_loss=4.17297 train/grad_norm=0.514937
[V25 PPO] phase=0 rollout/transitions=3592192 safety/h_hard_min=4.47157 train/value_loss=3.35588 train/grad_norm=1.31207
[V25 PPO] phase=0 rollout/transitions=3596288 safety/h_hard_min=4.47029 train/value_loss=3.38296 train/grad_norm=0.510625
[V25 PPO] phase=0 rollout/transitions=3600384 safety/h_hard_min=4.47351 train/value_loss=3.61932 train/grad_norm=0.474226
[V25 PPO] phase=0 rollout/transitions=3604480 safety/h_hard_min=4.47293 train/value_loss=3.39043 train/grad_norm=1.82956
[V25 PPO] phase=0 rollout/transitions=3608576 safety/h_hard_min=4.47306 train/value_loss=3.79012 train/grad_norm=0.559566
[V25 PPO] phase=0 rollout/transitions=3612672 safety/h_hard_min=4.47274 train/value_loss=3.38954 train/grad_norm=0.528654
[V25 PPO] phase=0 rollout/transitions=3616768 safety/h_hard_min=4.47374 train/value_loss=3.44844 train/grad_norm=0.644376
[V25 PPO] phase=0 rollout/transitions=3620864 safety/h_hard_min=4.47252 train/value_loss=3.72345 train/grad_norm=2.52517
[V25 PPO] phase=0 rollout/transitions=3624960 safety/h_hard_min=4.4713 train/value_loss=3.35987 train/grad_norm=1.14833
[V25 PPO] phase=0 rollout/transitions=3629056 safety/h_hard_min=4.47371 train/value_loss=3.15607 train/grad_norm=0.717914
[V25 PPO] phase=0 rollout/transitions=3633152 safety/h_hard_min=4.47357 train/value_loss=3.72339 train/grad_norm=1.75692
[V25 PPO] phase=0 rollout/transitions=3637248 safety/h_hard_min=4.46963 train/value_loss=3.561 train/grad_norm=0.774938
[V25 PPO] phase=0 rollout/transitions=3641344 safety/h_hard_min=4.47141 train/value_loss=3.11711 train/grad_norm=0.732813
[V25 PPO] phase=0 rollout/transitions=3645440 safety/h_hard_min=4.47206 train/value_loss=3.43776 train/grad_norm=1.26241
[V25 PPO] phase=0 rollout/transitions=3649536 safety/h_hard_min=4.47092 train/value_loss=3.27497 train/grad_norm=1.60749
[V25 PPO] phase=0 rollout/transitions=3653632 safety/h_hard_min=4.47453 train/value_loss=3.36521 train/grad_norm=1.55386
[V25 PPO] phase=0 rollout/transitions=3657728 safety/h_hard_min=4.4699 train/value_loss=3.39347 train/grad_norm=0.767009
[V25 PPO] phase=0 rollout/transitions=3661824 safety/h_hard_min=4.47223 train/value_loss=3.61592 train/grad_norm=1.81759
[V25 PPO] phase=0 rollout/transitions=3665920 safety/h_hard_min=4.47286 train/value_loss=3.64265 train/grad_norm=0.867172
[V25 PPO] phase=0 rollout/transitions=3670016 safety/h_hard_min=4.47098 train/value_loss=3.1739 train/grad_norm=1.11576
[V25 PPO] phase=0 rollout/transitions=3674112 safety/h_hard_min=4.47201 train/value_loss=3.57267 train/grad_norm=2.77333
[V25 PPO] phase=0 rollout/transitions=3678208 safety/h_hard_min=4.469 train/value_loss=3.76068 train/grad_norm=0.371012
[V25 PPO] phase=0 rollout/transitions=3682304 safety/h_hard_min=4.47214 train/value_loss=3.82322 train/grad_norm=1.38861
[V25 PPO] phase=0 rollout/transitions=3686400 safety/h_hard_min=4.47244 train/value_loss=3.41111 train/grad_norm=1.11814
[V25 PPO] phase=0 rollout/transitions=3690496 safety/h_hard_min=4.4713 train/value_loss=3.25328 train/grad_norm=1.28175
[V25 PPO] phase=0 rollout/transitions=3694592 safety/h_hard_min=4.47433 train/value_loss=3.14014 train/grad_norm=0.921187
[V25 PPO] phase=0 rollout/transitions=3698688 safety/h_hard_min=4.47077 train/value_loss=3.74209 train/grad_norm=1.07253
[V25 PPO] phase=0 rollout/transitions=3702784 safety/h_hard_min=4.47054 train/value_loss=3.61303 train/grad_norm=2.07632
[V25 PPO] phase=0 rollout/transitions=3706880 safety/h_hard_min=4.47309 train/value_loss=3.14833 train/grad_norm=1.23732
[V25 PPO] phase=0 rollout/transitions=3710976 safety/h_hard_min=4.47115 train/value_loss=3.68024 train/grad_norm=0.793813
[V25 PPO] phase=0 rollout/transitions=3715072 safety/h_hard_min=4.47334 train/value_loss=2.7367 train/grad_norm=0.363878
[V25 PPO] phase=0 rollout/transitions=3719168 safety/h_hard_min=4.46941 train/value_loss=3.06843 train/grad_norm=0.588171
[V25 PPO] phase=0 rollout/transitions=3723264 safety/h_hard_min=4.47216 train/value_loss=3.84725 train/grad_norm=1.33028
[V25 PPO] phase=0 rollout/transitions=3727360 safety/h_hard_min=4.47213 train/value_loss=3.72027 train/grad_norm=0.960976
[V25 PPO] phase=0 rollout/transitions=3731456 safety/h_hard_min=4.47182 train/value_loss=3.47274 train/grad_norm=0.984759
[V25 PPO] phase=0 rollout/transitions=3735552 safety/h_hard_min=4.47228 train/value_loss=3.58451 train/grad_norm=0.919953
[V25 PPO] phase=0 rollout/transitions=3739648 safety/h_hard_min=4.47153 train/value_loss=3.57898 train/grad_norm=3.05258
[V25 PPO] phase=0 rollout/transitions=3743744 safety/h_hard_min=4.47479 train/value_loss=4.67328 train/grad_norm=2.10415
[V25 PPO] phase=0 rollout/transitions=3747840 safety/h_hard_min=4.47122 train/value_loss=2.95811 train/grad_norm=1.36744
[V25 PPO] phase=0 rollout/transitions=3751936 safety/h_hard_min=4.46834 train/value_loss=2.68676 train/grad_norm=0.649242
[V25 PPO] phase=0 rollout/transitions=3756032 safety/h_hard_min=4.47442 train/value_loss=3.66158 train/grad_norm=0.61219
[V25 PPO] phase=0 rollout/transitions=3760128 safety/h_hard_min=4.46839 train/value_loss=3.1931 train/grad_norm=1.83759
[V25 PPO] phase=0 rollout/transitions=3764224 safety/h_hard_min=4.47043 train/value_loss=3.1185 train/grad_norm=0.835518
[V25 PPO] phase=0 rollout/transitions=3768320 safety/h_hard_min=4.47372 train/value_loss=3.67846 train/grad_norm=0.528812
[V25 PPO] phase=0 rollout/transitions=3772416 safety/h_hard_min=4.47141 train/value_loss=3.43924 train/grad_norm=0.925975
[V25 PPO] phase=0 rollout/transitions=3776512 safety/h_hard_min=4.4733 train/value_loss=3.28324 train/grad_norm=2.0596
[V25 PPO] phase=0 rollout/transitions=3780608 safety/h_hard_min=4.47098 train/value_loss=3.04436 train/grad_norm=1.0317
[V25 PPO] phase=0 rollout/transitions=3784704 safety/h_hard_min=4.47274 train/value_loss=3.15602 train/grad_norm=0.322423
[V25 PPO] phase=0 rollout/transitions=3788800 safety/h_hard_min=4.47294 train/value_loss=3.30948 train/grad_norm=1.65407
[V25 PPO] phase=0 rollout/transitions=3792896 safety/h_hard_min=4.47164 train/value_loss=3.60004 train/grad_norm=0.620118
[V25 PPO] phase=0 rollout/transitions=3796992 safety/h_hard_min=4.4729 train/value_loss=2.72795 train/grad_norm=0.459358
[V25 PPO] phase=0 rollout/transitions=3801088 safety/h_hard_min=4.4714 train/value_loss=3.52329 train/grad_norm=0.945516
[V25 PPO] phase=0 rollout/transitions=3805184 safety/h_hard_min=4.47142 train/value_loss=3.65106 train/grad_norm=2.77217
[V25 PPO] phase=0 rollout/transitions=3809280 safety/h_hard_min=4.46922 train/value_loss=3.35871 train/grad_norm=1.3238
[V25 PPO] phase=0 rollout/transitions=3813376 safety/h_hard_min=4.47155 train/value_loss=3.88313 train/grad_norm=2.2802
[V25 PPO] phase=0 rollout/transitions=3817472 safety/h_hard_min=4.47029 train/value_loss=3.27541 train/grad_norm=1.31149
[V25 PPO] phase=0 rollout/transitions=3821568 safety/h_hard_min=4.47055 train/value_loss=4.23089 train/grad_norm=2.23005
[V25 PPO] phase=0 rollout/transitions=3825664 safety/h_hard_min=4.47328 train/value_loss=3.55077 train/grad_norm=1.04978
[V25 PPO] phase=0 rollout/transitions=3829760 safety/h_hard_min=4.47248 train/value_loss=4.07593 train/grad_norm=0.890488
[V25 PPO] phase=0 rollout/transitions=3833856 safety/h_hard_min=4.4683 train/value_loss=3.09039 train/grad_norm=2.63456
[V25 PPO] phase=0 rollout/transitions=3837952 safety/h_hard_min=4.47162 train/value_loss=3.80436 train/grad_norm=2.5296
[V25 PPO] phase=0 rollout/transitions=3842048 safety/h_hard_min=4.47019 train/value_loss=3.83128 train/grad_norm=3.66034
[V25 PPO] phase=0 rollout/transitions=3846144 safety/h_hard_min=4.4722 train/value_loss=3.5166 train/grad_norm=2.28952
[V25 PPO] phase=0 rollout/transitions=3850240 safety/h_hard_min=4.47327 train/value_loss=3.09947 train/grad_norm=1.32525
[V25 PPO] phase=0 rollout/transitions=3854336 safety/h_hard_min=4.47094 train/value_loss=3.57106 train/grad_norm=0.380244
[V25 PPO] phase=0 rollout/transitions=3858432 safety/h_hard_min=4.46832 train/value_loss=3.75149 train/grad_norm=0.721696
[V25 PPO] phase=0 rollout/transitions=3862528 safety/h_hard_min=4.47108 train/value_loss=3.2813 train/grad_norm=1.84831
[V25 PPO] phase=0 rollout/transitions=3866624 safety/h_hard_min=4.47474 train/value_loss=3.953 train/grad_norm=1.48154
[V25 PPO] phase=0 rollout/transitions=3870720 safety/h_hard_min=4.47171 train/value_loss=4.15146 train/grad_norm=1.89197
[V25 PPO] phase=0 rollout/transitions=3874816 safety/h_hard_min=4.47314 train/value_loss=3.63193 train/grad_norm=1.79288
[V25 PPO] phase=0 rollout/transitions=3878912 safety/h_hard_min=4.47278 train/value_loss=3.44669 train/grad_norm=2.70671
[V25 PPO] phase=0 rollout/transitions=3883008 safety/h_hard_min=4.47322 train/value_loss=3.69061 train/grad_norm=0.71672
[V25 PPO] phase=0 rollout/transitions=3887104 safety/h_hard_min=4.47121 train/value_loss=3.32355 train/grad_norm=1.07064
[V25 PPO] phase=0 rollout/transitions=3891200 safety/h_hard_min=4.47118 train/value_loss=3.12938 train/grad_norm=1.20983
[V25 PPO] phase=0 rollout/transitions=3895296 safety/h_hard_min=4.47246 train/value_loss=3.23794 train/grad_norm=0.550904
[V25 PPO] phase=0 rollout/transitions=3899392 safety/h_hard_min=4.46786 train/value_loss=3.20393 train/grad_norm=0.910083
[V25 PPO] phase=0 rollout/transitions=3903488 safety/h_hard_min=4.46819 train/value_loss=3.6786 train/grad_norm=0.696454
[V25 PPO] phase=0 rollout/transitions=3907584 safety/h_hard_min=4.46669 train/value_loss=3.19139 train/grad_norm=2.44998
[V25 PPO] phase=0 rollout/transitions=3911680 safety/h_hard_min=4.47317 train/value_loss=3.31546 train/grad_norm=1.32804
[V25 PPO] phase=0 rollout/transitions=3915776 safety/h_hard_min=4.47171 train/value_loss=3.6251 train/grad_norm=3.43464
[V25 PPO] phase=0 rollout/transitions=3919872 safety/h_hard_min=4.47186 train/value_loss=3.66135 train/grad_norm=0.397646
[V25 PPO] phase=0 rollout/transitions=3923968 safety/h_hard_min=4.46873 train/value_loss=3.66708 train/grad_norm=1.17116
[V25 PPO] phase=0 rollout/transitions=3928064 safety/h_hard_min=4.47304 train/value_loss=3.72357 train/grad_norm=1.16914
[V25 PPO] phase=0 rollout/transitions=3932160 safety/h_hard_min=4.4699 train/value_loss=3.90383 train/grad_norm=1.70121
[V25 PPO] phase=0 rollout/transitions=3936256 safety/h_hard_min=4.46792 train/value_loss=3.61394 train/grad_norm=0.784221
[V25 PPO] phase=0 rollout/transitions=3940352 safety/h_hard_min=4.47407 train/value_loss=3.57398 train/grad_norm=1.59863
[V25 PPO] phase=0 rollout/transitions=3944448 safety/h_hard_min=4.47183 train/value_loss=3.62338 train/grad_norm=0.323523
[V25 PPO] phase=0 rollout/transitions=3948544 safety/h_hard_min=4.47095 train/value_loss=3.12675 train/grad_norm=0.596725
[V25 PPO] phase=0 rollout/transitions=3952640 safety/h_hard_min=4.46947 train/value_loss=3.6982 train/grad_norm=1.39059
[V25 PPO] phase=0 rollout/transitions=3956736 safety/h_hard_min=4.47083 train/value_loss=4.39208 train/grad_norm=2.52969
[V25 PPO] phase=0 rollout/transitions=3960832 safety/h_hard_min=4.47176 train/value_loss=3.63963 train/grad_norm=3.08306
[V25 PPO] phase=0 rollout/transitions=3964928 safety/h_hard_min=4.47411 train/value_loss=3.74817 train/grad_norm=3.21759
[V25 PPO] phase=0 rollout/transitions=3969024 safety/h_hard_min=4.47209 train/value_loss=3.24006 train/grad_norm=0.547866
[V25 PPO] phase=0 rollout/transitions=3973120 safety/h_hard_min=4.47049 train/value_loss=3.82515 train/grad_norm=1.78899
[V25 PPO] phase=0 rollout/transitions=3977216 safety/h_hard_min=4.47139 train/value_loss=3.15388 train/grad_norm=0.515873
[V25 PPO] phase=0 rollout/transitions=3981312 safety/h_hard_min=4.47168 train/value_loss=3.68807 train/grad_norm=1.68576
[V25 PPO] phase=0 rollout/transitions=3985408 safety/h_hard_min=4.47181 train/value_loss=3.05375 train/grad_norm=0.560412
[V25 PPO] phase=0 rollout/transitions=3989504 safety/h_hard_min=4.47277 train/value_loss=3.58703 train/grad_norm=1.04366
[V25 PPO] phase=0 rollout/transitions=3993600 safety/h_hard_min=4.47467 train/value_loss=3.8881 train/grad_norm=2.03096
[V25 PPO] phase=0 rollout/transitions=3997696 safety/h_hard_min=4.4699 train/value_loss=3.54663 train/grad_norm=1.26938
[V25 PPO] phase=0 rollout/transitions=4001792 safety/h_hard_min=4.47052 train/value_loss=3.24178 train/grad_norm=1.50702
[V25 PPO] phase=0 rollout/transitions=4005888 safety/h_hard_min=4.47432 train/value_loss=3.8781 train/grad_norm=2.70409
[V25 PPO] phase=0 rollout/transitions=4009984 safety/h_hard_min=4.4699 train/value_loss=3.89355 train/grad_norm=1.57212
[V25 PPO] phase=0 rollout/transitions=4014080 safety/h_hard_min=4.47297 train/value_loss=3.83309 train/grad_norm=1.66696
[V25 PPO] phase=0 rollout/transitions=4018176 safety/h_hard_min=4.47191 train/value_loss=3.16762 train/grad_norm=0.594013
[V25 PPO] phase=0 rollout/transitions=4022272 safety/h_hard_min=4.47329 train/value_loss=3.39623 train/grad_norm=1.58727
[V25 PPO] phase=0 rollout/transitions=4026368 safety/h_hard_min=4.47444 train/value_loss=3.30813 train/grad_norm=0.461063
[V25 PPO] phase=0 rollout/transitions=4030464 safety/h_hard_min=4.47101 train/value_loss=3.07736 train/grad_norm=1.09002
[V25 PPO] phase=0 rollout/transitions=4034560 safety/h_hard_min=4.47362 train/value_loss=3.97001 train/grad_norm=0.86811
[V25 PPO] phase=0 rollout/transitions=4038656 safety/h_hard_min=4.46883 train/value_loss=2.82939 train/grad_norm=0.695923
[V25 PPO] phase=0 rollout/transitions=4042752 safety/h_hard_min=4.4724 train/value_loss=3.35266 train/grad_norm=1.67042
[V25 PPO] phase=0 rollout/transitions=4046848 safety/h_hard_min=4.47189 train/value_loss=3.7654 train/grad_norm=0.381429
[V25 PPO] phase=0 rollout/transitions=4050944 safety/h_hard_min=4.47408 train/value_loss=3.3046 train/grad_norm=0.691629
[V25 PPO] phase=0 rollout/transitions=4055040 safety/h_hard_min=4.47378 train/value_loss=3.42384 train/grad_norm=2.70202
[V25 PPO] phase=0 rollout/transitions=4059136 safety/h_hard_min=4.47158 train/value_loss=3.31956 train/grad_norm=0.677123
[V25 PPO] phase=0 rollout/transitions=4063232 safety/h_hard_min=4.47199 train/value_loss=3.42251 train/grad_norm=0.636002
[V25 PPO] phase=0 rollout/transitions=4067328 safety/h_hard_min=4.47147 train/value_loss=3.61729 train/grad_norm=1.84694
[V25 PPO] phase=0 rollout/transitions=4071424 safety/h_hard_min=4.4689 train/value_loss=3.61369 train/grad_norm=0.928059
[V25 PPO] phase=0 rollout/transitions=4075520 safety/h_hard_min=4.46959 train/value_loss=3.12603 train/grad_norm=1.66918
[V25 PPO] phase=0 rollout/transitions=4079616 safety/h_hard_min=4.47121 train/value_loss=3.48432 train/grad_norm=2.60483
[V25 PPO] phase=0 rollout/transitions=4083712 safety/h_hard_min=4.47081 train/value_loss=3.55359 train/grad_norm=1.09669
[V25 PPO] phase=0 rollout/transitions=4087808 safety/h_hard_min=4.47318 train/value_loss=3.9074 train/grad_norm=2.93565
[V25 PPO] phase=0 rollout/transitions=4091904 safety/h_hard_min=4.47259 train/value_loss=3.46344 train/grad_norm=1.84817
[V25 PPO] phase=0 rollout/transitions=4096000 safety/h_hard_min=4.47145 train/value_loss=3.37948 train/grad_norm=1.39879
[V25 PPO] phase=0 rollout/transitions=4100096 safety/h_hard_min=4.47285 train/value_loss=3.86445 train/grad_norm=3.1949
[V25 PPO] phase=0 rollout/transitions=4104192 safety/h_hard_min=4.47081 train/value_loss=3.08002 train/grad_norm=2.02773
[V25 PPO] phase=0 rollout/transitions=4108288 safety/h_hard_min=4.47154 train/value_loss=3.74571 train/grad_norm=1.36445
[V25 PPO] phase=0 rollout/transitions=4112384 safety/h_hard_min=4.47502 train/value_loss=3.49625 train/grad_norm=1.34396
[V25 PPO] phase=0 rollout/transitions=4116480 safety/h_hard_min=4.47291 train/value_loss=3.82441 train/grad_norm=0.350546
[V25 PPO] phase=0 rollout/transitions=4120576 safety/h_hard_min=4.4727 train/value_loss=3.69293 train/grad_norm=0.9012
[V25 PPO] phase=0 rollout/transitions=4124672 safety/h_hard_min=4.47339 train/value_loss=3.23635 train/grad_norm=2.62172
[V25 PPO] phase=0 rollout/transitions=4128768 safety/h_hard_min=4.47008 train/value_loss=3.30758 train/grad_norm=1.8377
[V25 PPO] phase=0 rollout/transitions=4132864 safety/h_hard_min=4.47258 train/value_loss=3.3857 train/grad_norm=1.26166
[V25 PPO] phase=0 rollout/transitions=4136960 safety/h_hard_min=4.47333 train/value_loss=3.36993 train/grad_norm=1.18623
[V25 PPO] phase=0 rollout/transitions=4141056 safety/h_hard_min=4.47297 train/value_loss=3.02615 train/grad_norm=0.532233
[V25 PPO] phase=0 rollout/transitions=4145152 safety/h_hard_min=4.47 train/value_loss=3.15455 train/grad_norm=1.93145
[V25 PPO] phase=0 rollout/transitions=4149248 safety/h_hard_min=4.4721 train/value_loss=3.46676 train/grad_norm=1.32004
[V25 PPO] phase=0 rollout/transitions=4153344 safety/h_hard_min=4.4731 train/value_loss=3.27203 train/grad_norm=0.839397
[V25 PPO] phase=0 rollout/transitions=4157440 safety/h_hard_min=4.46611 train/value_loss=4.17984 train/grad_norm=2.49725
[V25 PPO] phase=0 rollout/transitions=4161536 safety/h_hard_min=4.47317 train/value_loss=3.06618 train/grad_norm=0.825757
[V25 PPO] phase=0 rollout/transitions=4165632 safety/h_hard_min=4.47043 train/value_loss=3.0518 train/grad_norm=1.71672
[V25 PPO] phase=0 rollout/transitions=4169728 safety/h_hard_min=4.46905 train/value_loss=3.51813 train/grad_norm=1.07308
[V25 PPO] phase=0 rollout/transitions=4173824 safety/h_hard_min=4.47033 train/value_loss=3.48924 train/grad_norm=0.84419
[V25 PPO] phase=0 rollout/transitions=4177920 safety/h_hard_min=4.47113 train/value_loss=3.33116 train/grad_norm=0.983364
[V25 PPO] phase=0 rollout/transitions=4182016 safety/h_hard_min=4.47023 train/value_loss=3.07406 train/grad_norm=1.45343
[V25 PPO] phase=0 rollout/transitions=4186112 safety/h_hard_min=4.47157 train/value_loss=3.12055 train/grad_norm=1.55664
[V25 PPO] phase=0 rollout/transitions=4190208 safety/h_hard_min=4.47109 train/value_loss=3.93441 train/grad_norm=1.49862
[V25 PPO] phase=0 rollout/transitions=4194304 safety/h_hard_min=4.4729 train/value_loss=3.80144 train/grad_norm=0.480099
[V25 PPO] phase=0 rollout/transitions=4198400 safety/h_hard_min=4.47073 train/value_loss=3.44246 train/grad_norm=0.401112
[V25 PPO] phase=0 rollout/transitions=4202496 safety/h_hard_min=4.47421 train/value_loss=3.74008 train/grad_norm=0.693096
[V25 PPO] phase=0 rollout/transitions=4206592 safety/h_hard_min=4.47207 train/value_loss=3.62089 train/grad_norm=1.71969
[V25 PPO] phase=0 rollout/transitions=4210688 safety/h_hard_min=4.47237 train/value_loss=3.3582 train/grad_norm=3.24404
[V25 PPO] phase=0 rollout/transitions=4214784 safety/h_hard_min=4.47181 train/value_loss=3.10864 train/grad_norm=0.453432
[V25 PPO] phase=0 rollout/transitions=4218880 safety/h_hard_min=4.47304 train/value_loss=3.6683 train/grad_norm=0.616763
[V25 PPO] phase=0 rollout/transitions=4222976 safety/h_hard_min=4.47032 train/value_loss=3.62925 train/grad_norm=2.02124
[V25 PPO] phase=0 rollout/transitions=4227072 safety/h_hard_min=4.47502 train/value_loss=3.35888 train/grad_norm=1.75207
[V25 PPO] phase=0 rollout/transitions=4231168 safety/h_hard_min=4.46998 train/value_loss=4.08711 train/grad_norm=0.851165
[V25 PPO] phase=0 rollout/transitions=4235264 safety/h_hard_min=4.47258 train/value_loss=3.60252 train/grad_norm=0.743713
[V25 PPO] phase=0 rollout/transitions=4239360 safety/h_hard_min=4.47135 train/value_loss=2.45122 train/grad_norm=0.77731
[V25 PPO] phase=0 rollout/transitions=4243456 safety/h_hard_min=4.47103 train/value_loss=3.71424 train/grad_norm=0.837948
[V25 PPO] phase=0 rollout/transitions=4247552 safety/h_hard_min=4.47154 train/value_loss=3.6263 train/grad_norm=1.96079
[V25 PPO] phase=0 rollout/transitions=4251648 safety/h_hard_min=4.47173 train/value_loss=3.80257 train/grad_norm=0.444004
[V25 PPO] phase=0 rollout/transitions=4255744 safety/h_hard_min=4.47243 train/value_loss=3.28021 train/grad_norm=0.549866
[V25 PPO] phase=0 rollout/transitions=4259840 safety/h_hard_min=4.47364 train/value_loss=3.50436 train/grad_norm=3.35833
[V25 PPO] phase=0 rollout/transitions=4263936 safety/h_hard_min=4.47228 train/value_loss=3.10496 train/grad_norm=1.26908
[V25 PPO] phase=0 rollout/transitions=4268032 safety/h_hard_min=4.47199 train/value_loss=3.87266 train/grad_norm=1.50585
[V25 PPO] phase=0 rollout/transitions=4272128 safety/h_hard_min=4.47195 train/value_loss=4.41591 train/grad_norm=1.36792
[V25 PPO] phase=0 rollout/transitions=4276224 safety/h_hard_min=4.47154 train/value_loss=3.53827 train/grad_norm=0.612706
[V25 PPO] phase=0 rollout/transitions=4280320 safety/h_hard_min=4.46982 train/value_loss=3.84947 train/grad_norm=2.38917
[V25 PPO] phase=0 rollout/transitions=4284416 safety/h_hard_min=4.47304 train/value_loss=3.30268 train/grad_norm=2.22116
[V25 PPO] phase=0 rollout/transitions=4288512 safety/h_hard_min=4.46886 train/value_loss=3.35212 train/grad_norm=1.07449
[V25 PPO] phase=0 rollout/transitions=4292608 safety/h_hard_min=4.47288 train/value_loss=3.00143 train/grad_norm=1.56213
[V25 PPO] phase=0 rollout/transitions=4296704 safety/h_hard_min=4.47064 train/value_loss=3.81413 train/grad_norm=0.526909
[V25 PPO] phase=0 rollout/transitions=4300800 safety/h_hard_min=4.46893 train/value_loss=3.58295 train/grad_norm=0.873308
[V25 PPO] phase=0 rollout/transitions=4304896 safety/h_hard_min=4.47422 train/value_loss=3.0317 train/grad_norm=1.1311
[V25 PPO] phase=0 rollout/transitions=4308992 safety/h_hard_min=4.47225 train/value_loss=3.65781 train/grad_norm=0.443553
[V25 PPO] phase=0 rollout/transitions=4313088 safety/h_hard_min=4.47115 train/value_loss=3.28997 train/grad_norm=2.3158
[V25 PPO] phase=0 rollout/transitions=4317184 safety/h_hard_min=4.47346 train/value_loss=3.37126 train/grad_norm=2.40073
[V25 PPO] phase=0 rollout/transitions=4321280 safety/h_hard_min=4.4706 train/value_loss=3.55917 train/grad_norm=0.654829
[V25 PPO] phase=0 rollout/transitions=4325376 safety/h_hard_min=4.47233 train/value_loss=3.58802 train/grad_norm=0.626657
[V25 PPO] phase=0 rollout/transitions=4329472 safety/h_hard_min=4.47192 train/value_loss=3.02738 train/grad_norm=1.8935
[V25 PPO] phase=0 rollout/transitions=4333568 safety/h_hard_min=4.47027 train/value_loss=4.22695 train/grad_norm=0.512305
[V25 PPO] phase=0 rollout/transitions=4337664 safety/h_hard_min=4.47319 train/value_loss=3.27161 train/grad_norm=0.488944
[V25 PPO] phase=0 rollout/transitions=4341760 safety/h_hard_min=4.47242 train/value_loss=3.30234 train/grad_norm=2.50671
[V25 PPO] phase=0 rollout/transitions=4345856 safety/h_hard_min=4.46913 train/value_loss=3.13779 train/grad_norm=2.71647
[V25 PPO] phase=0 rollout/transitions=4349952 safety/h_hard_min=4.47331 train/value_loss=3.46394 train/grad_norm=0.525118
[V25 PPO] phase=0 rollout/transitions=4354048 safety/h_hard_min=4.47434 train/value_loss=3.71767 train/grad_norm=2.44838
[V25 PPO] phase=0 rollout/transitions=4358144 safety/h_hard_min=4.47141 train/value_loss=3.35755 train/grad_norm=1.18526
[V25 PPO] phase=0 rollout/transitions=4362240 safety/h_hard_min=4.47099 train/value_loss=3.32396 train/grad_norm=0.77046
[V25 PPO] phase=0 rollout/transitions=4366336 safety/h_hard_min=4.46935 train/value_loss=3.34816 train/grad_norm=0.762222
[V25 PPO] phase=0 rollout/transitions=4370432 safety/h_hard_min=4.47156 train/value_loss=3.30187 train/grad_norm=0.267929
[V25 PPO] phase=0 rollout/transitions=4374528 safety/h_hard_min=4.47204 train/value_loss=3.25521 train/grad_norm=2.14642
[V25 PPO] phase=0 rollout/transitions=4378624 safety/h_hard_min=4.47332 train/value_loss=3.21653 train/grad_norm=2.40968
[V25 PPO] phase=0 rollout/transitions=4382720 safety/h_hard_min=4.47198 train/value_loss=3.48759 train/grad_norm=1.19157
[V25 PPO] phase=0 rollout/transitions=4386816 safety/h_hard_min=4.47244 train/value_loss=3.53668 train/grad_norm=0.936334
[V25 PPO] phase=0 rollout/transitions=4390912 safety/h_hard_min=4.47237 train/value_loss=3.54504 train/grad_norm=1.09439
[V25 PPO] phase=0 rollout/transitions=4395008 safety/h_hard_min=4.46967 train/value_loss=3.13208 train/grad_norm=0.83915
[V25 PPO] phase=0 rollout/transitions=4399104 safety/h_hard_min=4.47197 train/value_loss=3.51184 train/grad_norm=1.85002
[V25 PPO] phase=0 rollout/transitions=4403200 safety/h_hard_min=4.47344 train/value_loss=3.48261 train/grad_norm=1.82805
[V25 PPO] phase=0 rollout/transitions=4407296 safety/h_hard_min=4.47192 train/value_loss=3.87796 train/grad_norm=0.82155
[V25 PPO] phase=0 rollout/transitions=4411392 safety/h_hard_min=4.47102 train/value_loss=3.08404 train/grad_norm=0.343144
[V25 PPO] phase=0 rollout/transitions=4415488 safety/h_hard_min=4.46863 train/value_loss=3.11271 train/grad_norm=0.307914
[V25 PPO] phase=0 rollout/transitions=4419584 safety/h_hard_min=4.47071 train/value_loss=3.28405 train/grad_norm=0.675682
[V25 PPO] phase=0 rollout/transitions=4423680 safety/h_hard_min=4.47275 train/value_loss=3.35451 train/grad_norm=1.72193
[V25 PPO] phase=0 rollout/transitions=4427776 safety/h_hard_min=4.4714 train/value_loss=3.371 train/grad_norm=1.41104
[V25 PPO] phase=0 rollout/transitions=4431872 safety/h_hard_min=4.47173 train/value_loss=3.53655 train/grad_norm=1.46067
[V25 PPO] phase=0 rollout/transitions=4435968 safety/h_hard_min=4.47155 train/value_loss=3.60647 train/grad_norm=1.85573
[V25 PPO] phase=0 rollout/transitions=4440064 safety/h_hard_min=4.47185 train/value_loss=3.67284 train/grad_norm=0.659024
[V25 PPO] phase=0 rollout/transitions=4444160 safety/h_hard_min=4.47079 train/value_loss=4.22271 train/grad_norm=1.90743
[V25 PPO] phase=0 rollout/transitions=4448256 safety/h_hard_min=4.47379 train/value_loss=3.68255 train/grad_norm=1.02431
[V25 PPO] phase=0 rollout/transitions=4452352 safety/h_hard_min=4.47327 train/value_loss=3.9199 train/grad_norm=3.31104
[V25 PPO] phase=0 rollout/transitions=4456448 safety/h_hard_min=4.47197 train/value_loss=3.77416 train/grad_norm=1.72595
[V25 PPO] phase=0 rollout/transitions=4460544 safety/h_hard_min=4.46971 train/value_loss=4.2681 train/grad_norm=2.52877
[V25 PPO] phase=0 rollout/transitions=4464640 safety/h_hard_min=4.47395 train/value_loss=2.98458 train/grad_norm=1.84111
[V25 PPO] phase=0 rollout/transitions=4468736 safety/h_hard_min=4.47135 train/value_loss=3.5676 train/grad_norm=1.57694
[V25 PPO] phase=0 rollout/transitions=4472832 safety/h_hard_min=4.47285 train/value_loss=3.64438 train/grad_norm=0.342593
[V25 PPO] phase=0 rollout/transitions=4476928 safety/h_hard_min=4.47285 train/value_loss=3.24658 train/grad_norm=1.17761
[V25 PPO] phase=0 rollout/transitions=4481024 safety/h_hard_min=4.47166 train/value_loss=3.52694 train/grad_norm=2.41663
[V25 PPO] phase=0 rollout/transitions=4485120 safety/h_hard_min=4.47537 train/value_loss=3.32479 train/grad_norm=0.507852
[V25 PPO] phase=0 rollout/transitions=4489216 safety/h_hard_min=4.47243 train/value_loss=3.22828 train/grad_norm=1.15513
[V25 PPO] phase=0 rollout/transitions=4493312 safety/h_hard_min=4.47411 train/value_loss=3.70554 train/grad_norm=1.97181
[V25 PPO] phase=0 rollout/transitions=4497408 safety/h_hard_min=4.46795 train/value_loss=3.21426 train/grad_norm=1.84114
[V25 PPO] phase=0 rollout/transitions=4501504 safety/h_hard_min=4.47251 train/value_loss=3.5756 train/grad_norm=1.14358
[V25 PPO] phase=0 rollout/transitions=4505600 safety/h_hard_min=4.47107 train/value_loss=3.617 train/grad_norm=0.601288
[V25 PPO] phase=0 rollout/transitions=4509696 safety/h_hard_min=4.47292 train/value_loss=3.7547 train/grad_norm=1.73421
[V25 PPO] phase=0 rollout/transitions=4513792 safety/h_hard_min=4.47309 train/value_loss=3.40402 train/grad_norm=0.346456
[V25 PPO] phase=0 rollout/transitions=4517888 safety/h_hard_min=4.47247 train/value_loss=3.76341 train/grad_norm=1.63038
[V25 PPO] phase=0 rollout/transitions=4521984 safety/h_hard_min=4.47108 train/value_loss=3.55295 train/grad_norm=2.42794
[V25 PPO] phase=0 rollout/transitions=4526080 safety/h_hard_min=4.46918 train/value_loss=3.25796 train/grad_norm=0.722094
[V25 PPO] phase=0 rollout/transitions=4530176 safety/h_hard_min=4.47412 train/value_loss=2.72944 train/grad_norm=0.981107
[V25 PPO] phase=0 rollout/transitions=4534272 safety/h_hard_min=4.47077 train/value_loss=4.23576 train/grad_norm=1.03231
[V25 PPO] phase=0 rollout/transitions=4538368 safety/h_hard_min=4.47329 train/value_loss=4.00579 train/grad_norm=0.524489
[V25 PPO] phase=0 rollout/transitions=4542464 safety/h_hard_min=4.47148 train/value_loss=3.94317 train/grad_norm=1.26779
[V25 PPO] phase=0 rollout/transitions=4546560 safety/h_hard_min=4.46785 train/value_loss=3.74845 train/grad_norm=2.60206
[V25 PPO] phase=0 rollout/transitions=4550656 safety/h_hard_min=4.4731 train/value_loss=3.38727 train/grad_norm=1.71228
[V25 PPO] phase=0 rollout/transitions=4554752 safety/h_hard_min=4.47279 train/value_loss=3.21646 train/grad_norm=0.578194
[V25 PPO] phase=0 rollout/transitions=4558848 safety/h_hard_min=4.47332 train/value_loss=3.33043 train/grad_norm=0.578225
[V25 PPO] phase=0 rollout/transitions=4562944 safety/h_hard_min=4.47029 train/value_loss=3.17956 train/grad_norm=0.363381
[V25 PPO] phase=0 rollout/transitions=4567040 safety/h_hard_min=4.47338 train/value_loss=3.28317 train/grad_norm=0.689175
[V25 PPO] phase=0 rollout/transitions=4571136 safety/h_hard_min=4.47216 train/value_loss=3.87356 train/grad_norm=1.87302
[V25 PPO] phase=0 rollout/transitions=4575232 safety/h_hard_min=4.47339 train/value_loss=2.864 train/grad_norm=1.74781
[V25 PPO] phase=0 rollout/transitions=4579328 safety/h_hard_min=4.47194 train/value_loss=3.61146 train/grad_norm=0.354063
[V25 PPO] phase=0 rollout/transitions=4583424 safety/h_hard_min=4.47128 train/value_loss=3.26362 train/grad_norm=3.04665
[V25 PPO] phase=0 rollout/transitions=4587520 safety/h_hard_min=4.4718 train/value_loss=3.09521 train/grad_norm=1.96803
[V25 PPO] phase=0 rollout/transitions=4591616 safety/h_hard_min=4.4737 train/value_loss=3.11347 train/grad_norm=1.25014
[V25 PPO] phase=0 rollout/transitions=4595712 safety/h_hard_min=4.47101 train/value_loss=3.97546 train/grad_norm=0.681328
[V25 PPO] phase=0 rollout/transitions=4599808 safety/h_hard_min=4.46942 train/value_loss=3.94816 train/grad_norm=0.723719
[V25 PPO] phase=0 rollout/transitions=4603904 safety/h_hard_min=4.47175 train/value_loss=3.602 train/grad_norm=2.81263
[V25 PPO] phase=0 rollout/transitions=4608000 safety/h_hard_min=4.47199 train/value_loss=3.79229 train/grad_norm=1.24485
[V25 PPO] phase=0 rollout/transitions=4612096 safety/h_hard_min=4.4721 train/value_loss=3.37664 train/grad_norm=1.26365
[V25 PPO] phase=0 rollout/transitions=4616192 safety/h_hard_min=4.46819 train/value_loss=4.26082 train/grad_norm=2.54662
[V25 PPO] phase=0 rollout/transitions=4620288 safety/h_hard_min=4.46861 train/value_loss=3.76248 train/grad_norm=3.52882
[V25 PPO] phase=0 rollout/transitions=4624384 safety/h_hard_min=4.47057 train/value_loss=3.88773 train/grad_norm=0.479583
[V25 PPO] phase=0 rollout/transitions=4628480 safety/h_hard_min=4.47196 train/value_loss=3.5708 train/grad_norm=1.04043
[V25 PPO] phase=0 rollout/transitions=4632576 safety/h_hard_min=4.47452 train/value_loss=3.72756 train/grad_norm=1.96957
[V25 PPO] phase=0 rollout/transitions=4636672 safety/h_hard_min=4.47297 train/value_loss=3.81104 train/grad_norm=1.40734
[V25 PPO] phase=0 rollout/transitions=4640768 safety/h_hard_min=4.472 train/value_loss=4.42211 train/grad_norm=0.14593
[V25 PPO] phase=0 rollout/transitions=4644864 safety/h_hard_min=4.47116 train/value_loss=2.98899 train/grad_norm=0.58235
[V25 PPO] phase=0 rollout/transitions=4648960 safety/h_hard_min=4.47354 train/value_loss=3.59413 train/grad_norm=0.705129
[V25 PPO] phase=0 rollout/transitions=4653056 safety/h_hard_min=4.46999 train/value_loss=3.74075 train/grad_norm=1.24834
[V25 PPO] phase=0 rollout/transitions=4657152 safety/h_hard_min=4.46834 train/value_loss=3.53442 train/grad_norm=2.36544
[V25 PPO] phase=0 rollout/transitions=4661248 safety/h_hard_min=4.47429 train/value_loss=3.89449 train/grad_norm=0.882709
[V25 PPO] phase=0 rollout/transitions=4665344 safety/h_hard_min=4.47328 train/value_loss=3.34995 train/grad_norm=0.638292
[V25 PPO] phase=0 rollout/transitions=4669440 safety/h_hard_min=4.46993 train/value_loss=3.74627 train/grad_norm=0.630293
[V25 PPO] phase=0 rollout/transitions=4673536 safety/h_hard_min=4.47018 train/value_loss=3.53475 train/grad_norm=1.36149
[V25 PPO] phase=0 rollout/transitions=4677632 safety/h_hard_min=4.47368 train/value_loss=3.21301 train/grad_norm=0.773846
[V25 PPO] phase=0 rollout/transitions=4681728 safety/h_hard_min=4.47208 train/value_loss=3.53147 train/grad_norm=2.34699
[V25 PPO] phase=0 rollout/transitions=4685824 safety/h_hard_min=4.47331 train/value_loss=4.3652 train/grad_norm=0.284903
[V25 PPO] phase=0 rollout/transitions=4689920 safety/h_hard_min=4.47307 train/value_loss=4.0125 train/grad_norm=1.07986
[V25 PPO] phase=0 rollout/transitions=4694016 safety/h_hard_min=4.47288 train/value_loss=3.71354 train/grad_norm=0.972417
[V25 PPO] phase=0 rollout/transitions=4698112 safety/h_hard_min=4.47357 train/value_loss=3.62613 train/grad_norm=1.32729
[V25 PPO] phase=0 rollout/transitions=4702208 safety/h_hard_min=4.47178 train/value_loss=3.36819 train/grad_norm=2.07164
[V25 PPO] phase=0 rollout/transitions=4706304 safety/h_hard_min=4.47332 train/value_loss=3.53301 train/grad_norm=1.00496
[V25 PPO] phase=0 rollout/transitions=4710400 safety/h_hard_min=4.47131 train/value_loss=2.85312 train/grad_norm=1.59478
[V25 PPO] phase=0 rollout/transitions=4714496 safety/h_hard_min=4.47108 train/value_loss=3.75663 train/grad_norm=3.37109
[V25 PPO] phase=0 rollout/transitions=4718592 safety/h_hard_min=4.47399 train/value_loss=3.52187 train/grad_norm=0.358045
[V25 PPO] phase=0 rollout/transitions=4722688 safety/h_hard_min=4.47023 train/value_loss=3.36542 train/grad_norm=0.379002
[V25 PPO] phase=0 rollout/transitions=4726784 safety/h_hard_min=4.46973 train/value_loss=3.5028 train/grad_norm=1.66542
[V25 PPO] phase=0 rollout/transitions=4730880 safety/h_hard_min=4.47335 train/value_loss=3.4593 train/grad_norm=2.69924
[V25 PPO] phase=0 rollout/transitions=4734976 safety/h_hard_min=4.47351 train/value_loss=3.7256 train/grad_norm=1.31045
[V25 PPO] phase=0 rollout/transitions=4739072 safety/h_hard_min=4.47121 train/value_loss=3.50354 train/grad_norm=1.46364
[V25 PPO] phase=0 rollout/transitions=4743168 safety/h_hard_min=4.47169 train/value_loss=3.18118 train/grad_norm=0.633855
[V25 PPO] phase=0 rollout/transitions=4747264 safety/h_hard_min=4.47283 train/value_loss=4.08186 train/grad_norm=2.19949
[V25 PPO] phase=0 rollout/transitions=4751360 safety/h_hard_min=4.47197 train/value_loss=3.49221 train/grad_norm=0.567655
[V25 PPO] phase=0 rollout/transitions=4755456 safety/h_hard_min=4.47303 train/value_loss=3.43045 train/grad_norm=3.25024
[V25 PPO] phase=0 rollout/transitions=4759552 safety/h_hard_min=4.47218 train/value_loss=3.0798 train/grad_norm=1.10419
[V25 PPO] phase=0 rollout/transitions=4763648 safety/h_hard_min=4.47359 train/value_loss=3.69422 train/grad_norm=0.316809
[V25 PPO] phase=0 rollout/transitions=4767744 safety/h_hard_min=4.47065 train/value_loss=3.24669 train/grad_norm=1.29745
[V25 PPO] phase=0 rollout/transitions=4771840 safety/h_hard_min=4.473 train/value_loss=4.21804 train/grad_norm=0.2219
[V25 PPO] phase=0 rollout/transitions=4775936 safety/h_hard_min=4.47236 train/value_loss=3.86485 train/grad_norm=1.1475
[V25 PPO] phase=0 rollout/transitions=4780032 safety/h_hard_min=4.47273 train/value_loss=3.64802 train/grad_norm=0.580265
[V25 PPO] phase=0 rollout/transitions=4784128 safety/h_hard_min=4.47302 train/value_loss=3.41696 train/grad_norm=0.328076
[V25 PPO] phase=0 rollout/transitions=4788224 safety/h_hard_min=4.46758 train/value_loss=3.49046 train/grad_norm=2.27327
[V25 PPO] phase=0 rollout/transitions=4792320 safety/h_hard_min=4.47096 train/value_loss=3.7247 train/grad_norm=2.95212
[V25 PPO] phase=0 rollout/transitions=4796416 safety/h_hard_min=4.47355 train/value_loss=3.43146 train/grad_norm=1.95937
[V25 PPO] phase=0 rollout/transitions=4800512 safety/h_hard_min=4.47255 train/value_loss=3.81592 train/grad_norm=1.55802
[V25 PPO] phase=0 rollout/transitions=4804608 safety/h_hard_min=4.4709 train/value_loss=4.37865 train/grad_norm=3.16789
[V25 PPO] phase=0 rollout/transitions=4808704 safety/h_hard_min=4.4695 train/value_loss=3.54707 train/grad_norm=2.98214
[V25 PPO] phase=0 rollout/transitions=4812800 safety/h_hard_min=4.47238 train/value_loss=3.09999 train/grad_norm=2.54401
[V25 PPO] phase=0 rollout/transitions=4816896 safety/h_hard_min=4.47125 train/value_loss=3.34681 train/grad_norm=1.13112
[V25 PPO] phase=0 rollout/transitions=4820992 safety/h_hard_min=4.46994 train/value_loss=3.27897 train/grad_norm=1.84458
[V25 PPO] phase=0 rollout/transitions=4825088 safety/h_hard_min=4.47152 train/value_loss=3.55081 train/grad_norm=0.780713
[V25 PPO] phase=0 rollout/transitions=4829184 safety/h_hard_min=4.47134 train/value_loss=3.45587 train/grad_norm=0.466337
[V25 PPO] phase=0 rollout/transitions=4833280 safety/h_hard_min=4.46944 train/value_loss=3.7718 train/grad_norm=1.09854
[V25 PPO] phase=0 rollout/transitions=4837376 safety/h_hard_min=4.46985 train/value_loss=3.15543 train/grad_norm=1.65321
[V25 PPO] phase=0 rollout/transitions=4841472 safety/h_hard_min=4.47371 train/value_loss=3.77449 train/grad_norm=1.01054
[V25 PPO] phase=0 rollout/transitions=4845568 safety/h_hard_min=4.47218 train/value_loss=3.39173 train/grad_norm=0.304053
[V25 PPO] phase=0 rollout/transitions=4849664 safety/h_hard_min=4.47131 train/value_loss=3.42692 train/grad_norm=4.84898
[V25 PPO] phase=0 rollout/transitions=4853760 safety/h_hard_min=4.4731 train/value_loss=3.22793 train/grad_norm=1.26891
[V25 PPO] phase=0 rollout/transitions=4857856 safety/h_hard_min=4.47252 train/value_loss=3.34338 train/grad_norm=1.26917
[V25 PPO] phase=0 rollout/transitions=4861952 safety/h_hard_min=4.47076 train/value_loss=3.46937 train/grad_norm=1.1866
[V25 PPO] phase=0 rollout/transitions=4866048 safety/h_hard_min=4.47283 train/value_loss=4.11247 train/grad_norm=1.31645
[V25 PPO] phase=0 rollout/transitions=4870144 safety/h_hard_min=4.47316 train/value_loss=3.92774 train/grad_norm=1.55825
[V25 PPO] phase=0 rollout/transitions=4874240 safety/h_hard_min=4.4682 train/value_loss=3.01443 train/grad_norm=0.271396
[V25 PPO] phase=0 rollout/transitions=4878336 safety/h_hard_min=4.47143 train/value_loss=3.3353 train/grad_norm=0.261491
[V25 PPO] phase=0 rollout/transitions=4882432 safety/h_hard_min=4.46798 train/value_loss=3.4574 train/grad_norm=0.980909
[V25 PPO] phase=0 rollout/transitions=4886528 safety/h_hard_min=4.47149 train/value_loss=3.57108 train/grad_norm=2.46405
[V25 PPO] phase=0 rollout/transitions=4890624 safety/h_hard_min=4.47364 train/value_loss=3.78237 train/grad_norm=2.22596
[V25 PPO] phase=0 rollout/transitions=4894720 safety/h_hard_min=4.47401 train/value_loss=3.61894 train/grad_norm=0.367251
[V25 PPO] phase=0 rollout/transitions=4898816 safety/h_hard_min=4.47375 train/value_loss=3.56067 train/grad_norm=0.667749
[V25 PPO] phase=0 rollout/transitions=4902912 safety/h_hard_min=4.47112 train/value_loss=3.66426 train/grad_norm=1.21372
[V25 PPO] phase=0 rollout/transitions=4907008 safety/h_hard_min=4.4741 train/value_loss=3.22081 train/grad_norm=1.95163
[V25 PPO] phase=0 rollout/transitions=4911104 safety/h_hard_min=4.47356 train/value_loss=3.2941 train/grad_norm=0.479687
[V25 PPO] phase=0 rollout/transitions=4915200 safety/h_hard_min=4.4719 train/value_loss=2.82052 train/grad_norm=1.78115
[V25 PPO] phase=0 rollout/transitions=4919296 safety/h_hard_min=4.47245 train/value_loss=3.28536 train/grad_norm=0.848463
[V25 PPO] phase=0 rollout/transitions=4923392 safety/h_hard_min=4.47375 train/value_loss=3.24586 train/grad_norm=0.775009
[V25 PPO] phase=0 rollout/transitions=4927488 safety/h_hard_min=4.47122 train/value_loss=3.53506 train/grad_norm=0.605854
[V25 PPO] phase=0 rollout/transitions=4931584 safety/h_hard_min=4.47332 train/value_loss=4.27305 train/grad_norm=0.976985
[V25 PPO] phase=0 rollout/transitions=4935680 safety/h_hard_min=4.47324 train/value_loss=3.07139 train/grad_norm=0.344814
[V25 PPO] phase=0 rollout/transitions=4939776 safety/h_hard_min=4.47161 train/value_loss=3.85929 train/grad_norm=1.88065
[V25 PPO] phase=0 rollout/transitions=4943872 safety/h_hard_min=4.47219 train/value_loss=3.54982 train/grad_norm=0.253565
[V25 PPO] phase=0 rollout/transitions=4947968 safety/h_hard_min=4.47217 train/value_loss=4.00724 train/grad_norm=1.70961
[V25 PPO] phase=0 rollout/transitions=4952064 safety/h_hard_min=4.47131 train/value_loss=3.61793 train/grad_norm=0.579208
[V25 PPO] phase=0 rollout/transitions=4956160 safety/h_hard_min=4.47191 train/value_loss=3.16817 train/grad_norm=1.71476
[V25 PPO] phase=0 rollout/transitions=4960256 safety/h_hard_min=4.46932 train/value_loss=3.48099 train/grad_norm=1.65304
[V25 PPO] phase=0 rollout/transitions=4964352 safety/h_hard_min=4.47129 train/value_loss=3.38079 train/grad_norm=1.62874
[V25 PPO] phase=0 rollout/transitions=4968448 safety/h_hard_min=4.47196 train/value_loss=3.4379 train/grad_norm=0.370448
[V25 PPO] phase=0 rollout/transitions=4972544 safety/h_hard_min=4.47186 train/value_loss=4.03887 train/grad_norm=3.88138
[V25 PPO] phase=0 rollout/transitions=4976640 safety/h_hard_min=4.47333 train/value_loss=3.11281 train/grad_norm=1.17633
[V25 PPO] phase=0 rollout/transitions=4980736 safety/h_hard_min=4.47278 train/value_loss=3.51112 train/grad_norm=0.767165
[V25 PPO] phase=0 rollout/transitions=4984832 safety/h_hard_min=4.47028 train/value_loss=3.22633 train/grad_norm=0.791008
[V25 PPO] phase=0 rollout/transitions=4988928 safety/h_hard_min=4.47301 train/value_loss=3.35983 train/grad_norm=1.86258
[V25 PPO] phase=0 rollout/transitions=4993024 safety/h_hard_min=4.47229 train/value_loss=3.3111 train/grad_norm=2.42214
[V25 PPO] phase=0 rollout/transitions=4997120 safety/h_hard_min=4.47295 train/value_loss=4.11446 train/grad_norm=3.07728
[V25 PPO] phase=0 rollout/transitions=5001216 safety/h_hard_min=4.4693 train/value_loss=3.91657 train/grad_norm=1.00414
[V25 PPO] phase=0 rollout/transitions=5005312 safety/h_hard_min=4.47154 train/value_loss=3.79524 train/grad_norm=1.59358
[V25 PPO] phase=0 rollout/transitions=5009408 safety/h_hard_min=4.47161 train/value_loss=3.22306 train/grad_norm=1.5439
[V25 PPO] phase=0 rollout/transitions=5013504 safety/h_hard_min=4.47241 train/value_loss=4.01047 train/grad_norm=1.02592
[V25 PPO] phase=0 rollout/transitions=5017600 safety/h_hard_min=4.4707 train/value_loss=3.44265 train/grad_norm=2.40192
[V25 PPO] phase=0 rollout/transitions=5021696 safety/h_hard_min=4.4709 train/value_loss=3.42248 train/grad_norm=1.72856
[V25 PPO] phase=0 rollout/transitions=5025792 safety/h_hard_min=4.47152 train/value_loss=3.99501 train/grad_norm=2.26112
[V25 PPO] phase=0 rollout/transitions=5029888 safety/h_hard_min=4.47254 train/value_loss=3.66025 train/grad_norm=1.6686
[V25 PPO] phase=0 rollout/transitions=5033984 safety/h_hard_min=4.47041 train/value_loss=3.09281 train/grad_norm=1.1448
[V25 PPO] phase=0 rollout/transitions=5038080 safety/h_hard_min=4.47225 train/value_loss=3.201 train/grad_norm=1.69902
[V25 PPO] phase=0 rollout/transitions=5042176 safety/h_hard_min=4.47133 train/value_loss=3.55649 train/grad_norm=1.35865
[V25 PPO] phase=0 rollout/transitions=5046272 safety/h_hard_min=4.47173 train/value_loss=3.67585 train/grad_norm=3.2203
[V25 PPO] phase=0 rollout/transitions=5050368 safety/h_hard_min=4.46994 train/value_loss=3.63533 train/grad_norm=1.83396
[V25 PPO] phase=0 rollout/transitions=5054464 safety/h_hard_min=4.47323 train/value_loss=3.21745 train/grad_norm=1.78391
[V25 PPO] phase=0 rollout/transitions=5058560 safety/h_hard_min=4.47314 train/value_loss=3.18 train/grad_norm=1.18702
[V25 PPO] phase=0 rollout/transitions=5062656 safety/h_hard_min=4.47273 train/value_loss=2.98155 train/grad_norm=1.01817
[V25 PPO] phase=0 rollout/transitions=5066752 safety/h_hard_min=4.47321 train/value_loss=3.16826 train/grad_norm=2.15245
[V25 PPO] phase=0 rollout/transitions=5070848 safety/h_hard_min=4.47282 train/value_loss=4.25051 train/grad_norm=0.994294
[V25 PPO] phase=0 rollout/transitions=5074944 safety/h_hard_min=4.47018 train/value_loss=3.01415 train/grad_norm=1.97944
[V25 PPO] phase=0 rollout/transitions=5079040 safety/h_hard_min=4.47302 train/value_loss=3.95716 train/grad_norm=2.58451
[V25 PPO] phase=0 rollout/transitions=5083136 safety/h_hard_min=4.47443 train/value_loss=3.45603 train/grad_norm=0.908575
[V25 PPO] phase=0 rollout/transitions=5087232 safety/h_hard_min=4.47044 train/value_loss=3.72906 train/grad_norm=2.21808
[V25 PPO] phase=0 rollout/transitions=5091328 safety/h_hard_min=4.47198 train/value_loss=4.01941 train/grad_norm=0.505086
[V25 PPO] phase=0 rollout/transitions=5095424 safety/h_hard_min=4.4716 train/value_loss=3.35007 train/grad_norm=2.11752
[V25 PPO] phase=0 rollout/transitions=5099520 safety/h_hard_min=4.47516 train/value_loss=3.00388 train/grad_norm=1.71686
[V25 PPO] phase=0 rollout/transitions=5103616 safety/h_hard_min=4.47335 train/value_loss=3.47344 train/grad_norm=0.457624
[V25 PPO] phase=0 rollout/transitions=5107712 safety/h_hard_min=4.46916 train/value_loss=3.50476 train/grad_norm=1.37916
[V25 PPO] phase=0 rollout/transitions=5111808 safety/h_hard_min=4.47139 train/value_loss=3.41604 train/grad_norm=0.858983
[V25 PPO] phase=0 rollout/transitions=5115904 safety/h_hard_min=4.47211 train/value_loss=3.24683 train/grad_norm=3.74091
[V25 PPO] phase=0 rollout/transitions=5120000 safety/h_hard_min=4.47407 train/value_loss=3.35675 train/grad_norm=0.720759
[V25 PPO] phase=0 rollout/transitions=5124096 safety/h_hard_min=4.47283 train/value_loss=3.61838 train/grad_norm=2.52696
[V25 PPO] phase=0 rollout/transitions=5128192 safety/h_hard_min=4.47192 train/value_loss=3.84453 train/grad_norm=0.68383
[V25 PPO] phase=0 rollout/transitions=5132288 safety/h_hard_min=4.47086 train/value_loss=3.71616 train/grad_norm=1.05797
[V25 PPO] phase=0 rollout/transitions=5136384 safety/h_hard_min=4.47289 train/value_loss=3.20153 train/grad_norm=1.00222
[V25 PPO] phase=0 rollout/transitions=5140480 safety/h_hard_min=4.46979 train/value_loss=4.46924 train/grad_norm=2.06793
[V25 PPO] phase=0 rollout/transitions=5144576 safety/h_hard_min=4.47298 train/value_loss=3.56537 train/grad_norm=1.38342
[V25 PPO] phase=0 rollout/transitions=5148672 safety/h_hard_min=4.47116 train/value_loss=3.63981 train/grad_norm=1.40039
[V25 PPO] phase=0 rollout/transitions=5152768 safety/h_hard_min=4.4736 train/value_loss=3.28408 train/grad_norm=1.69751
[V25 PPO] phase=0 rollout/transitions=5156864 safety/h_hard_min=4.47131 train/value_loss=4.22117 train/grad_norm=1.06978
[V25 PPO] phase=0 rollout/transitions=5160960 safety/h_hard_min=4.46966 train/value_loss=3.95506 train/grad_norm=1.49719
[V25 PPO] phase=0 rollout/transitions=5165056 safety/h_hard_min=4.47332 train/value_loss=3.73039 train/grad_norm=1.05184
[V25 PPO] phase=0 rollout/transitions=5169152 safety/h_hard_min=4.47293 train/value_loss=3.64625 train/grad_norm=1.11571
[V25 PPO] phase=0 rollout/transitions=5173248 safety/h_hard_min=4.47287 train/value_loss=3.10493 train/grad_norm=2.98026
[V25 PPO] phase=0 rollout/transitions=5177344 safety/h_hard_min=4.47268 train/value_loss=3.21447 train/grad_norm=3.18628
[V25 PPO] phase=0 rollout/transitions=5181440 safety/h_hard_min=4.47155 train/value_loss=3.56137 train/grad_norm=4.48796
[V25 PPO] phase=0 rollout/transitions=5185536 safety/h_hard_min=4.47198 train/value_loss=3.59668 train/grad_norm=2.99849
[V25 PPO] phase=0 rollout/transitions=5189632 safety/h_hard_min=4.47163 train/value_loss=3.64768 train/grad_norm=1.4367
[V25 PPO] phase=0 rollout/transitions=5193728 safety/h_hard_min=4.47132 train/value_loss=3.70733 train/grad_norm=1.58599
[V25 PPO] phase=0 rollout/transitions=5197824 safety/h_hard_min=4.4674 train/value_loss=3.82782 train/grad_norm=5.32859
[V25 PPO] phase=0 rollout/transitions=5201920 safety/h_hard_min=4.46947 train/value_loss=3.93883 train/grad_norm=2.14648
[V25 PPO] phase=0 rollout/transitions=5206016 safety/h_hard_min=4.47218 train/value_loss=3.26176 train/grad_norm=1.11286
[V25 PPO] phase=0 rollout/transitions=5210112 safety/h_hard_min=4.47124 train/value_loss=3.49681 train/grad_norm=1.79329
[V25 PPO] phase=0 rollout/transitions=5214208 safety/h_hard_min=4.47196 train/value_loss=3.72398 train/grad_norm=0.762562
[V25 PPO] phase=0 rollout/transitions=5218304 safety/h_hard_min=4.46998 train/value_loss=3.87939 train/grad_norm=1.14686
[V25 PPO] phase=0 rollout/transitions=5222400 safety/h_hard_min=4.47258 train/value_loss=3.40105 train/grad_norm=0.913708
[V25 PPO] phase=0 rollout/transitions=5226496 safety/h_hard_min=4.47075 train/value_loss=3.50045 train/grad_norm=0.35112
[V25 PPO] phase=0 rollout/transitions=5230592 safety/h_hard_min=4.47062 train/value_loss=3.67334 train/grad_norm=1.19943
[V25 PPO] phase=0 rollout/transitions=5234688 safety/h_hard_min=4.47223 train/value_loss=3.73434 train/grad_norm=0.339163
[V25 PPO] phase=0 rollout/transitions=5238784 safety/h_hard_min=4.47384 train/value_loss=3.79708 train/grad_norm=0.793762
[V25 PPO] phase=0 rollout/transitions=5242880 safety/h_hard_min=4.47138 train/value_loss=3.01608 train/grad_norm=0.90896
[V25 PPO] phase=0 rollout/transitions=5246976 safety/h_hard_min=4.46957 train/value_loss=3.81683 train/grad_norm=1.51616
[V25 PPO] phase=0 rollout/transitions=5251072 safety/h_hard_min=4.47224 train/value_loss=3.40236 train/grad_norm=0.776267
[V25 PPO] phase=0 rollout/transitions=5255168 safety/h_hard_min=4.47373 train/value_loss=3.2278 train/grad_norm=1.73718
[V25 PPO] phase=0 rollout/transitions=5259264 safety/h_hard_min=4.47278 train/value_loss=3.99298 train/grad_norm=3.61762
[V25 PPO] phase=0 rollout/transitions=5263360 safety/h_hard_min=4.47401 train/value_loss=3.6221 train/grad_norm=1.40262
[V25 PPO] phase=0 rollout/transitions=5267456 safety/h_hard_min=4.47382 train/value_loss=3.24935 train/grad_norm=3.01267
[V25 PPO] phase=0 rollout/transitions=5271552 safety/h_hard_min=4.47461 train/value_loss=3.66459 train/grad_norm=0.480639
[V25 PPO] phase=0 rollout/transitions=5275648 safety/h_hard_min=4.47263 train/value_loss=4.18708 train/grad_norm=1.00626
[V25 PPO] phase=0 rollout/transitions=5279744 safety/h_hard_min=4.47345 train/value_loss=3.25624 train/grad_norm=0.98123
[V25 PPO] phase=0 rollout/transitions=5283840 safety/h_hard_min=4.47275 train/value_loss=3.58114 train/grad_norm=1.36104
[V25 PPO] phase=0 rollout/transitions=5287936 safety/h_hard_min=4.47284 train/value_loss=3.54181 train/grad_norm=0.283792
[V25 PPO] phase=0 rollout/transitions=5292032 safety/h_hard_min=4.47093 train/value_loss=3.24672 train/grad_norm=0.476439
[V25 PPO] phase=0 rollout/transitions=5296128 safety/h_hard_min=4.47199 train/value_loss=3.02021 train/grad_norm=1.11883
[V25 PPO] phase=0 rollout/transitions=5300224 safety/h_hard_min=4.47225 train/value_loss=3.69333 train/grad_norm=0.449788
[V25 PPO] phase=0 rollout/transitions=5304320 safety/h_hard_min=4.47202 train/value_loss=4.00847 train/grad_norm=0.84807
[V25 PPO] phase=0 rollout/transitions=5308416 safety/h_hard_min=4.47072 train/value_loss=4.22228 train/grad_norm=1.19679
[V25 PPO] phase=0 rollout/transitions=5312512 safety/h_hard_min=4.47201 train/value_loss=3.18611 train/grad_norm=0.852744
[V25 PPO] phase=0 rollout/transitions=5316608 safety/h_hard_min=4.46867 train/value_loss=3.67164 train/grad_norm=2.0955
[V25 PPO] phase=0 rollout/transitions=5320704 safety/h_hard_min=4.47352 train/value_loss=3.65555 train/grad_norm=0.415418
[V25 PPO] phase=0 rollout/transitions=5324800 safety/h_hard_min=4.47295 train/value_loss=3.54563 train/grad_norm=0.765701
[V25 PPO] phase=0 rollout/transitions=5328896 safety/h_hard_min=4.47196 train/value_loss=3.58781 train/grad_norm=0.310544
[V25 PPO] phase=0 rollout/transitions=5332992 safety/h_hard_min=4.47192 train/value_loss=3.79105 train/grad_norm=0.889067
[V25 PPO] phase=0 rollout/transitions=5337088 safety/h_hard_min=4.4725 train/value_loss=3.35982 train/grad_norm=0.415206
[V25 PPO] phase=0 rollout/transitions=5341184 safety/h_hard_min=4.47227 train/value_loss=3.69665 train/grad_norm=0.307917
[V25 PPO] phase=0 rollout/transitions=5345280 safety/h_hard_min=4.47224 train/value_loss=3.91298 train/grad_norm=1.23967
[V25 PPO] phase=0 rollout/transitions=5349376 safety/h_hard_min=4.4734 train/value_loss=3.47246 train/grad_norm=1.04547
[V25 PPO] phase=0 rollout/transitions=5353472 safety/h_hard_min=4.4722 train/value_loss=3.29306 train/grad_norm=0.564997
[V25 PPO] phase=0 rollout/transitions=5357568 safety/h_hard_min=4.47273 train/value_loss=3.69065 train/grad_norm=1.18914
[V25 PPO] phase=0 rollout/transitions=5361664 safety/h_hard_min=4.47287 train/value_loss=3.88865 train/grad_norm=1.87134
[V25 PPO] phase=0 rollout/transitions=5365760 safety/h_hard_min=4.4726 train/value_loss=3.30457 train/grad_norm=2.42217
[V25 PPO] phase=0 rollout/transitions=5369856 safety/h_hard_min=4.47059 train/value_loss=3.95761 train/grad_norm=0.661166
[V25 PPO] phase=0 rollout/transitions=5373952 safety/h_hard_min=4.47096 train/value_loss=3.5334 train/grad_norm=1.80856
[V25 PPO] phase=0 rollout/transitions=5378048 safety/h_hard_min=4.46986 train/value_loss=3.5997 train/grad_norm=0.999407
[V25 PPO] phase=0 rollout/transitions=5382144 safety/h_hard_min=4.47137 train/value_loss=3.5635 train/grad_norm=1.83586
[V25 PPO] phase=0 rollout/transitions=5386240 safety/h_hard_min=4.47231 train/value_loss=3.5011 train/grad_norm=1.11707
[V25 PPO] phase=0 rollout/transitions=5390336 safety/h_hard_min=4.47166 train/value_loss=3.98819 train/grad_norm=2.9044
[V25 PPO] phase=0 rollout/transitions=5394432 safety/h_hard_min=4.47331 train/value_loss=3.79531 train/grad_norm=0.471255
[V25 PPO] phase=0 rollout/transitions=5398528 safety/h_hard_min=4.47439 train/value_loss=3.84507 train/grad_norm=1.39124
[V25 PPO] phase=0 rollout/transitions=5402624 safety/h_hard_min=4.46932 train/value_loss=3.43563 train/grad_norm=4.1171
[V25 PPO] phase=0 rollout/transitions=5406720 safety/h_hard_min=4.47202 train/value_loss=3.98385 train/grad_norm=2.60043
[V25 PPO] phase=0 rollout/transitions=5410816 safety/h_hard_min=4.47403 train/value_loss=3.77698 train/grad_norm=2.34573
[V25 PPO] phase=0 rollout/transitions=5414912 safety/h_hard_min=4.46957 train/value_loss=4.25831 train/grad_norm=1.36988
[V25 PPO] phase=0 rollout/transitions=5419008 safety/h_hard_min=4.47167 train/value_loss=3.63349 train/grad_norm=2.40297
[V25 PPO] phase=0 rollout/transitions=5423104 safety/h_hard_min=4.46957 train/value_loss=3.64351 train/grad_norm=1.77953
[V25 PPO] phase=0 rollout/transitions=5427200 safety/h_hard_min=4.47057 train/value_loss=3.31917 train/grad_norm=0.877041
[V25 PPO] phase=0 rollout/transitions=5431296 safety/h_hard_min=4.4727 train/value_loss=3.49539 train/grad_norm=0.262322
[V25 PPO] phase=0 rollout/transitions=5435392 safety/h_hard_min=4.47287 train/value_loss=3.3195 train/grad_norm=1.72745
[V25 PPO] phase=0 rollout/transitions=5439488 safety/h_hard_min=4.47169 train/value_loss=3.60812 train/grad_norm=1.61215
[V25 PPO] phase=0 rollout/transitions=5443584 safety/h_hard_min=4.4711 train/value_loss=3.69878 train/grad_norm=0.213523
[V25 PPO] phase=0 rollout/transitions=5447680 safety/h_hard_min=4.4705 train/value_loss=3.3086 train/grad_norm=1.19265
[V25 PPO] phase=0 rollout/transitions=5451776 safety/h_hard_min=4.46723 train/value_loss=3.03325 train/grad_norm=0.641917
[V25 PPO] phase=0 rollout/transitions=5455872 safety/h_hard_min=4.4712 train/value_loss=3.73987 train/grad_norm=0.199718
[V25 PPO] phase=0 rollout/transitions=5459968 safety/h_hard_min=4.47357 train/value_loss=3.56097 train/grad_norm=1.87653
[V25 PPO] phase=0 rollout/transitions=5464064 safety/h_hard_min=4.47179 train/value_loss=3.65899 train/grad_norm=0.77726
[V25 PPO] phase=0 rollout/transitions=5468160 safety/h_hard_min=4.47195 train/value_loss=4.17604 train/grad_norm=1.57807
[V25 PPO] phase=0 rollout/transitions=5472256 safety/h_hard_min=4.47074 train/value_loss=4.42409 train/grad_norm=3.05035
[V25 PPO] phase=0 rollout/transitions=5476352 safety/h_hard_min=4.47333 train/value_loss=3.84859 train/grad_norm=2.72521
[V25 PPO] phase=0 rollout/transitions=5480448 safety/h_hard_min=4.47183 train/value_loss=3.40847 train/grad_norm=0.642601
[V25 PPO] phase=0 rollout/transitions=5484544 safety/h_hard_min=4.46669 train/value_loss=3.88997 train/grad_norm=2.62925
[V25 PPO] phase=0 rollout/transitions=5488640 safety/h_hard_min=4.47092 train/value_loss=3.20153 train/grad_norm=1.34584
[V25 PPO] phase=0 rollout/transitions=5492736 safety/h_hard_min=4.47218 train/value_loss=3.31692 train/grad_norm=3.74007
[V25 PPO] phase=0 rollout/transitions=5496832 safety/h_hard_min=4.4737 train/value_loss=4.26716 train/grad_norm=1.29347
[V25 PPO] phase=0 rollout/transitions=5500928 safety/h_hard_min=4.47052 train/value_loss=3.55657 train/grad_norm=2.47313
[V25 PPO] phase=0 rollout/transitions=5505024 safety/h_hard_min=4.47162 train/value_loss=3.76213 train/grad_norm=1.55837
[V25 PPO] phase=0 rollout/transitions=5509120 safety/h_hard_min=4.47303 train/value_loss=4.17476 train/grad_norm=3.62635
[V25 PPO] phase=0 rollout/transitions=5513216 safety/h_hard_min=4.47207 train/value_loss=4.18771 train/grad_norm=2.883
[V25 PPO] phase=0 rollout/transitions=5517312 safety/h_hard_min=4.47291 train/value_loss=3.56074 train/grad_norm=1.8649
[V25 PPO] phase=0 rollout/transitions=5521408 safety/h_hard_min=4.47211 train/value_loss=3.70141 train/grad_norm=1.90993
[V25 PPO] phase=0 rollout/transitions=5525504 safety/h_hard_min=4.47015 train/value_loss=3.39997 train/grad_norm=0.586068
[V25 PPO] phase=0 rollout/transitions=5529600 safety/h_hard_min=4.47156 train/value_loss=3.57158 train/grad_norm=1.16922
[V25 PPO] phase=0 rollout/transitions=5533696 safety/h_hard_min=4.47244 train/value_loss=4.01671 train/grad_norm=2.09728
[V25 PPO] phase=0 rollout/transitions=5537792 safety/h_hard_min=4.47357 train/value_loss=3.3706 train/grad_norm=1.23144
[V25 PPO] phase=0 rollout/transitions=5541888 safety/h_hard_min=4.47295 train/value_loss=3.74669 train/grad_norm=1.31056
[V25 PPO] phase=0 rollout/transitions=5545984 safety/h_hard_min=4.47129 train/value_loss=3.28233 train/grad_norm=2.40437
[V25 PPO] phase=0 rollout/transitions=5550080 safety/h_hard_min=4.47245 train/value_loss=3.50362 train/grad_norm=2.45922
[V25 PPO] phase=0 rollout/transitions=5554176 safety/h_hard_min=4.47159 train/value_loss=3.2738 train/grad_norm=0.178799
[V25 PPO] phase=0 rollout/transitions=5558272 safety/h_hard_min=4.47129 train/value_loss=3.89008 train/grad_norm=1.50453
[V25 PPO] phase=0 rollout/transitions=5562368 safety/h_hard_min=4.47172 train/value_loss=3.74151 train/grad_norm=1.61478
[V25 PPO] phase=0 rollout/transitions=5566464 safety/h_hard_min=4.47218 train/value_loss=3.68989 train/grad_norm=2.02554
[V25 PPO] phase=0 rollout/transitions=5570560 safety/h_hard_min=4.4729 train/value_loss=3.70424 train/grad_norm=0.170164
[V25 PPO] phase=0 rollout/transitions=5574656 safety/h_hard_min=4.47076 train/value_loss=3.49761 train/grad_norm=1.15593
[V25 PPO] phase=0 rollout/transitions=5578752 safety/h_hard_min=4.46897 train/value_loss=4.33978 train/grad_norm=1.0984
[V25 PPO] phase=0 rollout/transitions=5582848 safety/h_hard_min=4.47372 train/value_loss=3.80299 train/grad_norm=2.27567
[V25 PPO] phase=0 rollout/transitions=5586944 safety/h_hard_min=4.47064 train/value_loss=3.2009 train/grad_norm=1.2448
[V25 PPO] phase=0 rollout/transitions=5591040 safety/h_hard_min=4.46921 train/value_loss=3.7344 train/grad_norm=1.06595
[V25 PPO] phase=0 rollout/transitions=5595136 safety/h_hard_min=4.47165 train/value_loss=3.50887 train/grad_norm=2.97411
[V25 PPO] phase=0 rollout/transitions=5599232 safety/h_hard_min=4.4734 train/value_loss=4.18 train/grad_norm=0.265285
[V25 PPO] phase=0 rollout/transitions=5603328 safety/h_hard_min=4.47431 train/value_loss=3.94443 train/grad_norm=2.1812
[V25 PPO] phase=0 rollout/transitions=5607424 safety/h_hard_min=4.47159 train/value_loss=3.60407 train/grad_norm=1.39495
[V25 PPO] phase=0 rollout/transitions=5611520 safety/h_hard_min=4.47121 train/value_loss=3.23395 train/grad_norm=2.33851
[V25 PPO] phase=0 rollout/transitions=5615616 safety/h_hard_min=4.47064 train/value_loss=3.82378 train/grad_norm=0.767771
[V25 PPO] phase=0 rollout/transitions=5619712 safety/h_hard_min=4.47187 train/value_loss=3.64784 train/grad_norm=1.55996
[V25 PPO] phase=0 rollout/transitions=5623808 safety/h_hard_min=4.47075 train/value_loss=4.28266 train/grad_norm=0.272843
[V25 PPO] phase=0 rollout/transitions=5627904 safety/h_hard_min=4.47092 train/value_loss=3.57167 train/grad_norm=0.321425
[V25 PPO] phase=0 rollout/transitions=5632000 safety/h_hard_min=4.47185 train/value_loss=3.69556 train/grad_norm=1.55002
[V25 PPO] phase=0 rollout/transitions=5636096 safety/h_hard_min=4.47368 train/value_loss=3.64037 train/grad_norm=0.482098
[V25 PPO] phase=0 rollout/transitions=5640192 safety/h_hard_min=4.47373 train/value_loss=3.72727 train/grad_norm=2.27755
[V25 PPO] phase=0 rollout/transitions=5644288 safety/h_hard_min=4.4715 train/value_loss=3.79961 train/grad_norm=0.840624
[V25 PPO] phase=0 rollout/transitions=5648384 safety/h_hard_min=4.47296 train/value_loss=3.58716 train/grad_norm=0.856915
[V25 PPO] phase=0 rollout/transitions=5652480 safety/h_hard_min=4.47326 train/value_loss=3.8056 train/grad_norm=3.09166
[V25 PPO] phase=0 rollout/transitions=5656576 safety/h_hard_min=4.46959 train/value_loss=3.90053 train/grad_norm=1.94305
[V25 PPO] phase=0 rollout/transitions=5660672 safety/h_hard_min=4.47295 train/value_loss=3.76966 train/grad_norm=1.44945
[V25 PPO] phase=0 rollout/transitions=5664768 safety/h_hard_min=4.46952 train/value_loss=3.17803 train/grad_norm=2.59989
[V25 PPO] phase=0 rollout/transitions=5668864 safety/h_hard_min=4.47079 train/value_loss=3.32053 train/grad_norm=0.94862
[V25 PPO] phase=0 rollout/transitions=5672960 safety/h_hard_min=4.47009 train/value_loss=3.56727 train/grad_norm=0.331525
[V25 PPO] phase=0 rollout/transitions=5677056 safety/h_hard_min=4.47272 train/value_loss=4.21804 train/grad_norm=1.10366
[V25 PPO] phase=0 rollout/transitions=5681152 safety/h_hard_min=4.47161 train/value_loss=4.03339 train/grad_norm=2.59593
[V25 PPO] phase=0 rollout/transitions=5685248 safety/h_hard_min=4.47226 train/value_loss=4.20678 train/grad_norm=1.93326
[V25 PPO] phase=0 rollout/transitions=5689344 safety/h_hard_min=4.47253 train/value_loss=4.14209 train/grad_norm=0.252028
[V25 PPO] phase=0 rollout/transitions=5693440 safety/h_hard_min=4.47273 train/value_loss=3.68049 train/grad_norm=1.27693
[V25 PPO] phase=0 rollout/transitions=5697536 safety/h_hard_min=4.47413 train/value_loss=3.33617 train/grad_norm=0.671329
[V25 PPO] phase=0 rollout/transitions=5701632 safety/h_hard_min=4.4711 train/value_loss=3.26342 train/grad_norm=4.04842
[V25 PPO] phase=0 rollout/transitions=5705728 safety/h_hard_min=4.47006 train/value_loss=4.53075 train/grad_norm=0.912975
[V25 PPO] phase=0 rollout/transitions=5709824 safety/h_hard_min=4.47176 train/value_loss=3.14946 train/grad_norm=2.31802
[V25 PPO] phase=0 rollout/transitions=5713920 safety/h_hard_min=4.47179 train/value_loss=3.49475 train/grad_norm=1.57026
[V25 PPO] phase=0 rollout/transitions=5718016 safety/h_hard_min=4.47212 train/value_loss=3.62954 train/grad_norm=0.491109
[V25 PPO] phase=0 rollout/transitions=5722112 safety/h_hard_min=4.47094 train/value_loss=3.26691 train/grad_norm=1.03718
[V25 PPO] phase=0 rollout/transitions=5726208 safety/h_hard_min=4.47237 train/value_loss=3.96554 train/grad_norm=2.07835
[V25 PPO] phase=0 rollout/transitions=5730304 safety/h_hard_min=4.47151 train/value_loss=3.21723 train/grad_norm=0.287362
[V25 PPO] phase=0 rollout/transitions=5734400 safety/h_hard_min=4.4725 train/value_loss=3.20373 train/grad_norm=0.517694
[V25 PPO] phase=0 rollout/transitions=5738496 safety/h_hard_min=4.47068 train/value_loss=3.8767 train/grad_norm=2.30363
[V25 PPO] phase=0 rollout/transitions=5742592 safety/h_hard_min=4.47039 train/value_loss=3.29215 train/grad_norm=0.839329
[V25 PPO] phase=0 rollout/transitions=5746688 safety/h_hard_min=4.46983 train/value_loss=3.17856 train/grad_norm=4.24391
[V25 PPO] phase=0 rollout/transitions=5750784 safety/h_hard_min=4.47186 train/value_loss=3.42488 train/grad_norm=0.468126
[V25 PPO] phase=0 rollout/transitions=5754880 safety/h_hard_min=4.47032 train/value_loss=3.90216 train/grad_norm=1.32116
[V25 PPO] phase=0 rollout/transitions=5758976 safety/h_hard_min=4.47127 train/value_loss=4.04449 train/grad_norm=1.73312
[V25 PPO] phase=0 rollout/transitions=5763072 safety/h_hard_min=4.47001 train/value_loss=3.52263 train/grad_norm=0.92119
[V25 PPO] phase=0 rollout/transitions=5767168 safety/h_hard_min=4.47237 train/value_loss=4.12579 train/grad_norm=2.53396
[V25 PPO] phase=0 rollout/transitions=5771264 safety/h_hard_min=4.46914 train/value_loss=4.35062 train/grad_norm=2.68698
[V25 PPO] phase=0 rollout/transitions=5775360 safety/h_hard_min=4.47426 train/value_loss=4.47065 train/grad_norm=2.00106
[V25 PPO] phase=0 rollout/transitions=5779456 safety/h_hard_min=4.46864 train/value_loss=3.68833 train/grad_norm=1.88126
[V25 PPO] phase=0 rollout/transitions=5783552 safety/h_hard_min=4.47105 train/value_loss=4.06567 train/grad_norm=1.35065
[V25 PPO] phase=0 rollout/transitions=5787648 safety/h_hard_min=4.46943 train/value_loss=3.92462 train/grad_norm=1.08816
[V25 PPO] phase=0 rollout/transitions=5791744 safety/h_hard_min=4.4732 train/value_loss=3.3339 train/grad_norm=0.905333
[V25 PPO] phase=0 rollout/transitions=5795840 safety/h_hard_min=4.47295 train/value_loss=3.52119 train/grad_norm=0.718562
[V25 PPO] phase=0 rollout/transitions=5799936 safety/h_hard_min=4.47189 train/value_loss=3.28397 train/grad_norm=1.61204
[V25 PPO] phase=0 rollout/transitions=5804032 safety/h_hard_min=4.47256 train/value_loss=4.16615 train/grad_norm=1.0849
[V25 PPO] phase=0 rollout/transitions=5808128 safety/h_hard_min=4.4706 train/value_loss=4.25668 train/grad_norm=2.77218
[V25 PPO] phase=0 rollout/transitions=5812224 safety/h_hard_min=4.47239 train/value_loss=4.10591 train/grad_norm=0.460247
[V25 PPO] phase=0 rollout/transitions=5816320 safety/h_hard_min=4.47246 train/value_loss=3.46735 train/grad_norm=1.80761
[V25 PPO] phase=0 rollout/transitions=5820416 safety/h_hard_min=4.47089 train/value_loss=3.63894 train/grad_norm=1.32019
[V25 PPO] phase=0 rollout/transitions=5824512 safety/h_hard_min=4.4721 train/value_loss=4.27909 train/grad_norm=1.15133
[V25 PPO] phase=0 rollout/transitions=5828608 safety/h_hard_min=4.47077 train/value_loss=3.78795 train/grad_norm=1.15077
[V25 PPO] phase=0 rollout/transitions=5832704 safety/h_hard_min=4.47329 train/value_loss=3.40997 train/grad_norm=1.56528
[V25 PPO] phase=0 rollout/transitions=5836800 safety/h_hard_min=4.46935 train/value_loss=3.9187 train/grad_norm=0.865926
[V25 PPO] phase=0 rollout/transitions=5840896 safety/h_hard_min=4.47067 train/value_loss=3.93447 train/grad_norm=1.89799
[V25 PPO] phase=0 rollout/transitions=5844992 safety/h_hard_min=4.47484 train/value_loss=4.12894 train/grad_norm=1.41823
[V25 PPO] phase=0 rollout/transitions=5849088 safety/h_hard_min=4.47224 train/value_loss=3.89805 train/grad_norm=0.933055
[V25 PPO] phase=0 rollout/transitions=5853184 safety/h_hard_min=4.4732 train/value_loss=3.37867 train/grad_norm=0.80881
[V25 PPO] phase=0 rollout/transitions=5857280 safety/h_hard_min=4.47218 train/value_loss=3.68954 train/grad_norm=0.65982
[V25 PPO] phase=0 rollout/transitions=5861376 safety/h_hard_min=4.47067 train/value_loss=3.72875 train/grad_norm=1.84489
[V25 PPO] phase=0 rollout/transitions=5865472 safety/h_hard_min=4.47218 train/value_loss=3.40143 train/grad_norm=0.613691
[V25 PPO] phase=0 rollout/transitions=5869568 safety/h_hard_min=4.47212 train/value_loss=4.47493 train/grad_norm=2.937
[V25 PPO] phase=0 rollout/transitions=5873664 safety/h_hard_min=4.47052 train/value_loss=3.46222 train/grad_norm=2.14214
[V25 PPO] phase=0 rollout/transitions=5877760 safety/h_hard_min=4.47288 train/value_loss=3.71685 train/grad_norm=0.748457
[V25 PPO] phase=0 rollout/transitions=5881856 safety/h_hard_min=4.46872 train/value_loss=4.06727 train/grad_norm=2.69144
[V25 PPO] phase=0 rollout/transitions=5885952 safety/h_hard_min=4.47192 train/value_loss=3.96357 train/grad_norm=0.464491
[V25 PPO] phase=0 rollout/transitions=5890048 safety/h_hard_min=4.4721 train/value_loss=3.80583 train/grad_norm=1.10234
[V25 PPO] phase=0 rollout/transitions=5894144 safety/h_hard_min=4.47248 train/value_loss=3.79754 train/grad_norm=0.805605
[V25 PPO] phase=0 rollout/transitions=5898240 safety/h_hard_min=4.47247 train/value_loss=3.87512 train/grad_norm=1.10246
[V25 PPO] phase=0 rollout/transitions=5902336 safety/h_hard_min=4.47204 train/value_loss=3.79849 train/grad_norm=0.24855
[V25 PPO] phase=0 rollout/transitions=5906432 safety/h_hard_min=4.47249 train/value_loss=3.6911 train/grad_norm=1.4017
[V25 PPO] phase=0 rollout/transitions=5910528 safety/h_hard_min=4.47151 train/value_loss=3.83711 train/grad_norm=2.16168
[V25 PPO] phase=0 rollout/transitions=5914624 safety/h_hard_min=4.47213 train/value_loss=3.26889 train/grad_norm=2.74398
[V25 PPO] phase=0 rollout/transitions=5918720 safety/h_hard_min=4.47191 train/value_loss=3.71144 train/grad_norm=1.88797
[V25 PPO] phase=0 rollout/transitions=5922816 safety/h_hard_min=4.47294 train/value_loss=4.55999 train/grad_norm=0.732789
[V25 PPO] phase=0 rollout/transitions=5926912 safety/h_hard_min=4.47306 train/value_loss=3.46809 train/grad_norm=1.54115
[V25 PPO] phase=0 rollout/transitions=5931008 safety/h_hard_min=4.46973 train/value_loss=4.45726 train/grad_norm=1.87883
[V25 PPO] phase=0 rollout/transitions=5935104 safety/h_hard_min=4.47191 train/value_loss=3.87166 train/grad_norm=1.36926
[V25 PPO] phase=0 rollout/transitions=5939200 safety/h_hard_min=4.47305 train/value_loss=4.40577 train/grad_norm=1.49552
[V25 PPO] phase=0 rollout/transitions=5943296 safety/h_hard_min=4.47061 train/value_loss=4.25087 train/grad_norm=0.221549
[V25 PPO] phase=0 rollout/transitions=5947392 safety/h_hard_min=4.47032 train/value_loss=3.73934 train/grad_norm=1.6627
[V25 PPO] phase=0 rollout/transitions=5951488 safety/h_hard_min=4.47253 train/value_loss=3.65973 train/grad_norm=0.723753
[V25 PPO] phase=0 rollout/transitions=5955584 safety/h_hard_min=4.47184 train/value_loss=3.66904 train/grad_norm=0.365499
[V25 PPO] phase=0 rollout/transitions=5959680 safety/h_hard_min=4.47279 train/value_loss=4.09332 train/grad_norm=3.13584
[V25 PPO] phase=0 rollout/transitions=5963776 safety/h_hard_min=4.47374 train/value_loss=3.9498 train/grad_norm=0.508329
[V25 PPO] phase=0 rollout/transitions=5967872 safety/h_hard_min=4.47313 train/value_loss=4.13304 train/grad_norm=0.898436
[V25 PPO] phase=0 rollout/transitions=5971968 safety/h_hard_min=4.46968 train/value_loss=3.32162 train/grad_norm=0.261832
[V25 PPO] phase=0 rollout/transitions=5976064 safety/h_hard_min=4.4702 train/value_loss=4.05969 train/grad_norm=1.99806
[V25 PPO] phase=0 rollout/transitions=5980160 safety/h_hard_min=4.46645 train/value_loss=3.48633 train/grad_norm=1.37657
[V25 PPO] phase=0 rollout/transitions=5984256 safety/h_hard_min=4.47388 train/value_loss=3.5734 train/grad_norm=1.7871
[V25 PPO] phase=0 rollout/transitions=5988352 safety/h_hard_min=4.47286 train/value_loss=3.57652 train/grad_norm=0.470279
[V25 PPO] phase=0 rollout/transitions=5992448 safety/h_hard_min=4.47149 train/value_loss=3.42489 train/grad_norm=1.8416
[V25 PPO] phase=0 rollout/transitions=5996544 safety/h_hard_min=4.47314 train/value_loss=3.76916 train/grad_norm=1.43155
[V25 PPO] phase=0 rollout/transitions=6000640 safety/h_hard_min=4.47267 train/value_loss=3.79955 train/grad_norm=1.51525
[V25 PPO] phase=0 rollout/transitions=6004736 safety/h_hard_min=4.47287 train/value_loss=3.59411 train/grad_norm=0.319782
[V25 PPO] phase=0 rollout/transitions=6008832 safety/h_hard_min=4.4713 train/value_loss=4.35248 train/grad_norm=2.45046
[V25 PPO] phase=0 rollout/transitions=6012928 safety/h_hard_min=4.47175 train/value_loss=4.05956 train/grad_norm=0.707132
[V25 PPO] phase=0 rollout/transitions=6017024 safety/h_hard_min=4.47474 train/value_loss=3.41122 train/grad_norm=0.727767
[V25 PPO] phase=0 rollout/transitions=6021120 safety/h_hard_min=4.46995 train/value_loss=3.38944 train/grad_norm=0.76114
[V25 PPO] phase=0 rollout/transitions=6025216 safety/h_hard_min=4.4726 train/value_loss=4.33142 train/grad_norm=1.67681
[V25 PPO] phase=0 rollout/transitions=6029312 safety/h_hard_min=4.47218 train/value_loss=3.56744 train/grad_norm=0.510541
[V25 PPO] phase=0 rollout/transitions=6033408 safety/h_hard_min=4.47227 train/value_loss=4.05907 train/grad_norm=0.652183
[V25 PPO] phase=0 rollout/transitions=6037504 safety/h_hard_min=4.47239 train/value_loss=3.999 train/grad_norm=1.82274
[V25 PPO] phase=0 rollout/transitions=6041600 safety/h_hard_min=4.47342 train/value_loss=3.56529 train/grad_norm=1.43419
[V25 PPO] phase=0 rollout/transitions=6045696 safety/h_hard_min=4.46882 train/value_loss=3.80123 train/grad_norm=2.29015
[V25 PPO] phase=0 rollout/transitions=6049792 safety/h_hard_min=4.47148 train/value_loss=4.45463 train/grad_norm=0.718309
[V25 PPO] phase=0 rollout/transitions=6053888 safety/h_hard_min=4.46999 train/value_loss=3.44559 train/grad_norm=1.01222
[V25 PPO] phase=0 rollout/transitions=6057984 safety/h_hard_min=4.47215 train/value_loss=3.24895 train/grad_norm=1.65014
[V25 PPO] phase=0 rollout/transitions=6062080 safety/h_hard_min=4.4683 train/value_loss=4.01934 train/grad_norm=1.52632
[V25 PPO] phase=0 rollout/transitions=6066176 safety/h_hard_min=4.47401 train/value_loss=3.95686 train/grad_norm=0.914879
[V25 PPO] phase=0 rollout/transitions=6070272 safety/h_hard_min=4.47117 train/value_loss=3.99364 train/grad_norm=1.3653
[V25 PPO] phase=0 rollout/transitions=6074368 safety/h_hard_min=4.47202 train/value_loss=3.68015 train/grad_norm=0.702183
[V25 PPO] phase=0 rollout/transitions=6078464 safety/h_hard_min=4.4677 train/value_loss=4.10664 train/grad_norm=1.16822
[V25 PPO] phase=0 rollout/transitions=6082560 safety/h_hard_min=4.47186 train/value_loss=4.09268 train/grad_norm=0.840109
[V25 PPO] phase=0 rollout/transitions=6086656 safety/h_hard_min=4.47282 train/value_loss=4.48537 train/grad_norm=2.30813
[V25 PPO] phase=0 rollout/transitions=6090752 safety/h_hard_min=4.47274 train/value_loss=3.48084 train/grad_norm=0.627695
[V25 PPO] phase=0 rollout/transitions=6094848 safety/h_hard_min=4.47323 train/value_loss=3.39793 train/grad_norm=1.38184
[V25 PPO] phase=0 rollout/transitions=6098944 safety/h_hard_min=4.47257 train/value_loss=3.51456 train/grad_norm=2.2395
[V25 PPO] phase=0 rollout/transitions=6103040 safety/h_hard_min=4.4725 train/value_loss=4.01097 train/grad_norm=0.537604
[V25 PPO] phase=0 rollout/transitions=6107136 safety/h_hard_min=4.47254 train/value_loss=3.9524 train/grad_norm=2.20381
[V25 PPO] phase=0 rollout/transitions=6111232 safety/h_hard_min=4.47132 train/value_loss=4.08945 train/grad_norm=0.549941
[V25 PPO] phase=0 rollout/transitions=6115328 safety/h_hard_min=4.47112 train/value_loss=3.6728 train/grad_norm=1.42342
[V25 PPO] phase=0 rollout/transitions=6119424 safety/h_hard_min=4.473 train/value_loss=3.65789 train/grad_norm=0.218605
[V25 PPO] phase=0 rollout/transitions=6123520 safety/h_hard_min=4.4709 train/value_loss=3.77101 train/grad_norm=2.20275
[V25 PPO] phase=0 rollout/transitions=6127616 safety/h_hard_min=4.47122 train/value_loss=4.11426 train/grad_norm=0.955571
[V25 PPO] phase=0 rollout/transitions=6131712 safety/h_hard_min=4.46923 train/value_loss=3.42072 train/grad_norm=1.47247
[V25 PPO] phase=0 rollout/transitions=6135808 safety/h_hard_min=4.4728 train/value_loss=3.56868 train/grad_norm=0.366643
[V25 PPO] phase=0 rollout/transitions=6139904 safety/h_hard_min=4.47174 train/value_loss=4.16441 train/grad_norm=1.14293
[V25 PPO] phase=0 rollout/transitions=6144000 safety/h_hard_min=4.47227 train/value_loss=4.00389 train/grad_norm=0.840724
[V25 PPO] phase=0 rollout/transitions=6148096 safety/h_hard_min=4.47075 train/value_loss=3.95329 train/grad_norm=2.14566
[V25 PPO] phase=0 rollout/transitions=6152192 safety/h_hard_min=4.47153 train/value_loss=3.67264 train/grad_norm=1.38487
[V25 PPO] phase=0 rollout/transitions=6156288 safety/h_hard_min=4.4731 train/value_loss=3.99824 train/grad_norm=1.61214
[V25 PPO] phase=0 rollout/transitions=6160384 safety/h_hard_min=4.47146 train/value_loss=3.84257 train/grad_norm=1.27972
[V25 PPO] phase=0 rollout/transitions=6164480 safety/h_hard_min=4.47198 train/value_loss=3.94256 train/grad_norm=0.910684
[V25 PPO] phase=0 rollout/transitions=6168576 safety/h_hard_min=4.47298 train/value_loss=4.077 train/grad_norm=3.35139
[V25 PPO] phase=0 rollout/transitions=6172672 safety/h_hard_min=4.47099 train/value_loss=4.08743 train/grad_norm=0.889108
[V25 PPO] phase=0 rollout/transitions=6176768 safety/h_hard_min=4.4729 train/value_loss=3.98731 train/grad_norm=1.39247
[V25 PPO] phase=0 rollout/transitions=6180864 safety/h_hard_min=4.47304 train/value_loss=3.73589 train/grad_norm=0.248708
[V25 PPO] phase=0 rollout/transitions=6184960 safety/h_hard_min=4.47311 train/value_loss=3.71196 train/grad_norm=1.14525
[V25 PPO] phase=0 rollout/transitions=6189056 safety/h_hard_min=4.47279 train/value_loss=3.90985 train/grad_norm=0.838946
[V25 PPO] phase=0 rollout/transitions=6193152 safety/h_hard_min=4.47422 train/value_loss=4.17577 train/grad_norm=4.03693
[V25 PPO] phase=0 rollout/transitions=6197248 safety/h_hard_min=4.47126 train/value_loss=3.68547 train/grad_norm=1.00282
[V25 PPO] phase=0 rollout/transitions=6201344 safety/h_hard_min=4.47279 train/value_loss=4.11625 train/grad_norm=2.57262
[V25 PPO] phase=0 rollout/transitions=6205440 safety/h_hard_min=4.47307 train/value_loss=3.83725 train/grad_norm=1.41247
[V25 PPO] phase=0 rollout/transitions=6209536 safety/h_hard_min=4.47017 train/value_loss=3.49811 train/grad_norm=1.71111
[V25 PPO] phase=0 rollout/transitions=6213632 safety/h_hard_min=4.472 train/value_loss=4.02487 train/grad_norm=0.80947
[V25 PPO] phase=0 rollout/transitions=6217728 safety/h_hard_min=4.47056 train/value_loss=3.53139 train/grad_norm=0.873632
[V25 PPO] phase=0 rollout/transitions=6221824 safety/h_hard_min=4.47005 train/value_loss=4.13205 train/grad_norm=2.83081
[V25 PPO] phase=0 rollout/transitions=6225920 safety/h_hard_min=4.47272 train/value_loss=3.73426 train/grad_norm=0.679641
[V25 PPO] phase=0 rollout/transitions=6230016 safety/h_hard_min=4.47198 train/value_loss=3.78199 train/grad_norm=1.65095
[V25 PPO] phase=0 rollout/transitions=6234112 safety/h_hard_min=4.4755 train/value_loss=3.36206 train/grad_norm=1.93003
[V25 PPO] phase=0 rollout/transitions=6238208 safety/h_hard_min=4.47132 train/value_loss=3.93339 train/grad_norm=0.676909
[V25 PPO] phase=0 rollout/transitions=6242304 safety/h_hard_min=4.47117 train/value_loss=4.09645 train/grad_norm=1.21531
[V25 PPO] phase=0 rollout/transitions=6246400 safety/h_hard_min=4.47242 train/value_loss=3.85905 train/grad_norm=1.32037
[V25 PPO] phase=0 rollout/transitions=6250496 safety/h_hard_min=4.47101 train/value_loss=3.84903 train/grad_norm=0.448679
[V25 PPO] phase=0 rollout/transitions=6254592 safety/h_hard_min=4.47257 train/value_loss=3.44413 train/grad_norm=1.6809
[V25 PPO] phase=0 rollout/transitions=6258688 safety/h_hard_min=4.47235 train/value_loss=3.97979 train/grad_norm=0.507311
[V25 PPO] phase=0 rollout/transitions=6262784 safety/h_hard_min=4.47255 train/value_loss=3.59741 train/grad_norm=1.95547
[V25 PPO] phase=0 rollout/transitions=6266880 safety/h_hard_min=4.4699 train/value_loss=4.39064 train/grad_norm=3.15388
[V25 PPO] phase=0 rollout/transitions=6270976 safety/h_hard_min=4.47242 train/value_loss=4.03654 train/grad_norm=1.02856
[V25 PPO] phase=0 rollout/transitions=6275072 safety/h_hard_min=4.47077 train/value_loss=4.04009 train/grad_norm=2.72435
[V25 PPO] phase=0 rollout/transitions=6279168 safety/h_hard_min=4.46969 train/value_loss=4.15317 train/grad_norm=0.698762
[V25 PPO] phase=0 rollout/transitions=6283264 safety/h_hard_min=4.46847 train/value_loss=3.98183 train/grad_norm=1.9958
[V25 PPO] phase=0 rollout/transitions=6287360 safety/h_hard_min=4.47194 train/value_loss=4.14487 train/grad_norm=1.49656
[V25 PPO] phase=0 rollout/transitions=6291456 safety/h_hard_min=4.47387 train/value_loss=3.04506 train/grad_norm=1.53745
[V25 PPO] phase=0 rollout/transitions=6295552 safety/h_hard_min=4.47057 train/value_loss=4.54526 train/grad_norm=2.89765
[V25 PPO] phase=0 rollout/transitions=6299648 safety/h_hard_min=4.47029 train/value_loss=3.99077 train/grad_norm=1.85751
[V25 PPO] phase=0 rollout/transitions=6303744 safety/h_hard_min=4.47165 train/value_loss=3.56749 train/grad_norm=1.06331
[V25 PPO] phase=0 rollout/transitions=6307840 safety/h_hard_min=4.47023 train/value_loss=3.67847 train/grad_norm=0.559921
[V25 PPO] phase=0 rollout/transitions=6311936 safety/h_hard_min=4.47061 train/value_loss=3.7062 train/grad_norm=1.73132
[V25 PPO] phase=0 rollout/transitions=6316032 safety/h_hard_min=4.47351 train/value_loss=3.51613 train/grad_norm=1.36689
[V25 PPO] phase=0 rollout/transitions=6320128 safety/h_hard_min=4.46832 train/value_loss=4.44568 train/grad_norm=0.798592
[V25 PPO] phase=0 rollout/transitions=6324224 safety/h_hard_min=4.47297 train/value_loss=4.80087 train/grad_norm=1.14888
[V25 PPO] phase=0 rollout/transitions=6328320 safety/h_hard_min=4.4741 train/value_loss=4.05527 train/grad_norm=0.728755
[V25 PPO] phase=0 rollout/transitions=6332416 safety/h_hard_min=4.47142 train/value_loss=3.95672 train/grad_norm=3.17118
[V25 PPO] phase=0 rollout/transitions=6336512 safety/h_hard_min=4.4728 train/value_loss=3.8045 train/grad_norm=2.85898
[V25 PPO] phase=0 rollout/transitions=6340608 safety/h_hard_min=4.46927 train/value_loss=3.71072 train/grad_norm=1.94068
[V25 PPO] phase=0 rollout/transitions=6344704 safety/h_hard_min=4.47191 train/value_loss=4.16079 train/grad_norm=0.610554
[V25 PPO] phase=0 rollout/transitions=6348800 safety/h_hard_min=4.47089 train/value_loss=3.68986 train/grad_norm=0.169949
[V25 PPO] phase=0 rollout/transitions=6352896 safety/h_hard_min=4.47165 train/value_loss=4.79842 train/grad_norm=0.971405
[V25 PPO] phase=0 rollout/transitions=6356992 safety/h_hard_min=4.4722 train/value_loss=3.57048 train/grad_norm=1.12591
[V25 PPO] phase=0 rollout/transitions=6361088 safety/h_hard_min=4.47058 train/value_loss=3.62676 train/grad_norm=0.582809
[V25 PPO] phase=0 rollout/transitions=6365184 safety/h_hard_min=4.47268 train/value_loss=4.10322 train/grad_norm=1.12411
[V25 PPO] phase=0 rollout/transitions=6369280 safety/h_hard_min=4.47241 train/value_loss=4.32342 train/grad_norm=1.27446
[V25 PPO] phase=0 rollout/transitions=6373376 safety/h_hard_min=4.46922 train/value_loss=3.29594 train/grad_norm=0.768875
[V25 PPO] phase=0 rollout/transitions=6377472 safety/h_hard_min=4.47394 train/value_loss=3.79895 train/grad_norm=0.303734
[V25 PPO] phase=0 rollout/transitions=6381568 safety/h_hard_min=4.47027 train/value_loss=3.96256 train/grad_norm=1.38015
[V25 PPO] phase=0 rollout/transitions=6385664 safety/h_hard_min=4.47349 train/value_loss=3.53014 train/grad_norm=1.08817
[V25 PPO] phase=0 rollout/transitions=6389760 safety/h_hard_min=4.46667 train/value_loss=3.428 train/grad_norm=2.71379
[V25 PPO] phase=0 rollout/transitions=6393856 safety/h_hard_min=4.4745 train/value_loss=3.4327 train/grad_norm=0.892246
[V25 PPO] phase=0 rollout/transitions=6397952 safety/h_hard_min=4.47071 train/value_loss=3.71275 train/grad_norm=1.27839
[V25 PPO] phase=0 rollout/transitions=6402048 safety/h_hard_min=4.4732 train/value_loss=3.73188 train/grad_norm=2.45284
[V25 PPO] phase=0 rollout/transitions=6406144 safety/h_hard_min=4.47076 train/value_loss=4.45251 train/grad_norm=2.08283
[V25 PPO] phase=0 rollout/transitions=6410240 safety/h_hard_min=4.47389 train/value_loss=3.92498 train/grad_norm=1.2558
[V25 PPO] phase=0 rollout/transitions=6414336 safety/h_hard_min=4.47308 train/value_loss=3.83718 train/grad_norm=1.24157
[V25 PPO] phase=0 rollout/transitions=6418432 safety/h_hard_min=4.47073 train/value_loss=4.67338 train/grad_norm=3.51798
[V25 PPO] phase=0 rollout/transitions=6422528 safety/h_hard_min=4.47255 train/value_loss=4.28535 train/grad_norm=0.875655
[V25 PPO] phase=0 rollout/transitions=6426624 safety/h_hard_min=4.4726 train/value_loss=4.09767 train/grad_norm=0.482976
[V25 PPO] phase=0 rollout/transitions=6430720 safety/h_hard_min=4.4709 train/value_loss=3.39167 train/grad_norm=0.2886
[V25 PPO] phase=0 rollout/transitions=6434816 safety/h_hard_min=4.47172 train/value_loss=3.75566 train/grad_norm=0.762791
[V25 PPO] phase=0 rollout/transitions=6438912 safety/h_hard_min=4.46985 train/value_loss=3.77386 train/grad_norm=1.65506
[V25 PPO] phase=0 rollout/transitions=6443008 safety/h_hard_min=4.46976 train/value_loss=3.78611 train/grad_norm=0.759573
[V25 PPO] phase=0 rollout/transitions=6447104 safety/h_hard_min=4.46801 train/value_loss=4.0661 train/grad_norm=2.41249
[V25 PPO] phase=0 rollout/transitions=6451200 safety/h_hard_min=4.47334 train/value_loss=3.86402 train/grad_norm=0.555191
[V25 PPO] phase=0 rollout/transitions=6455296 safety/h_hard_min=4.47168 train/value_loss=3.39459 train/grad_norm=0.907285
[V25 PPO] phase=0 rollout/transitions=6459392 safety/h_hard_min=4.47395 train/value_loss=4.24967 train/grad_norm=2.34674
[V25 PPO] phase=0 rollout/transitions=6463488 safety/h_hard_min=4.47324 train/value_loss=4.58145 train/grad_norm=4.64617
[V25 PPO] phase=0 rollout/transitions=6467584 safety/h_hard_min=4.47299 train/value_loss=3.86291 train/grad_norm=0.53301
[V25 PPO] phase=0 rollout/transitions=6471680 safety/h_hard_min=4.47237 train/value_loss=3.36516 train/grad_norm=1.20156
[V25 PPO] phase=0 rollout/transitions=6475776 safety/h_hard_min=4.46685 train/value_loss=3.86036 train/grad_norm=0.966119
[V25 PPO] phase=0 rollout/transitions=6479872 safety/h_hard_min=4.47325 train/value_loss=3.59181 train/grad_norm=0.217762
[V25 PPO] phase=0 rollout/transitions=6483968 safety/h_hard_min=4.46977 train/value_loss=4.14515 train/grad_norm=1.8406
[V25 PPO] phase=0 rollout/transitions=6488064 safety/h_hard_min=4.46995 train/value_loss=3.84278 train/grad_norm=0.668643
[V25 PPO] phase=0 rollout/transitions=6492160 safety/h_hard_min=4.47279 train/value_loss=4.06369 train/grad_norm=1.75007
[V25 PPO] phase=0 rollout/transitions=6496256 safety/h_hard_min=4.46771 train/value_loss=3.75784 train/grad_norm=0.362406
[V25 PPO] phase=0 rollout/transitions=6500352 safety/h_hard_min=4.46939 train/value_loss=3.95154 train/grad_norm=0.436401
[V25 PPO] phase=0 rollout/transitions=6504448 safety/h_hard_min=4.47401 train/value_loss=4.41556 train/grad_norm=0.392344
[V25 PPO] phase=0 rollout/transitions=6508544 safety/h_hard_min=4.4721 train/value_loss=3.90053 train/grad_norm=1.73648
[V25 PPO] phase=0 rollout/transitions=6512640 safety/h_hard_min=4.47381 train/value_loss=3.7568 train/grad_norm=0.901499
[V25 PPO] phase=0 rollout/transitions=6516736 safety/h_hard_min=4.47232 train/value_loss=4.22865 train/grad_norm=2.21691
[V25 PPO] phase=0 rollout/transitions=6520832 safety/h_hard_min=4.47285 train/value_loss=4.14273 train/grad_norm=1.02291
[V25 PPO] phase=0 rollout/transitions=6524928 safety/h_hard_min=4.4725 train/value_loss=4.49112 train/grad_norm=0.752365
[V25 PPO] phase=0 rollout/transitions=6529024 safety/h_hard_min=4.46823 train/value_loss=4.29947 train/grad_norm=1.0938
[V25 PPO] phase=0 rollout/transitions=6533120 safety/h_hard_min=4.4726 train/value_loss=4.21149 train/grad_norm=1.38547
[V25 PPO] phase=0 rollout/transitions=6537216 safety/h_hard_min=4.47136 train/value_loss=3.94908 train/grad_norm=0.558578
[V25 PPO] phase=0 rollout/transitions=6541312 safety/h_hard_min=4.46979 train/value_loss=3.94625 train/grad_norm=0.724745
[V25 PPO] phase=0 rollout/transitions=6545408 safety/h_hard_min=4.47044 train/value_loss=4.52293 train/grad_norm=0.56587
[V25 PPO] phase=0 rollout/transitions=6549504 safety/h_hard_min=4.46558 train/value_loss=3.66615 train/grad_norm=3.44476
[V25 PPO] phase=0 rollout/transitions=6553600 safety/h_hard_min=4.47181 train/value_loss=3.91724 train/grad_norm=0.982441
[V25 PPO] phase=0 rollout/transitions=6557696 safety/h_hard_min=4.47361 train/value_loss=3.74268 train/grad_norm=0.809283
[V25 PPO] phase=0 rollout/transitions=6561792 safety/h_hard_min=4.47192 train/value_loss=4.00402 train/grad_norm=0.593577
[V25 PPO] phase=0 rollout/transitions=6565888 safety/h_hard_min=4.47171 train/value_loss=3.90761 train/grad_norm=2.1602
[V25 PPO] phase=0 rollout/transitions=6569984 safety/h_hard_min=4.47286 train/value_loss=4.51153 train/grad_norm=2.35186
[V25 PPO] phase=0 rollout/transitions=6574080 safety/h_hard_min=4.47314 train/value_loss=3.54841 train/grad_norm=1.53804
[V25 PPO] phase=0 rollout/transitions=6578176 safety/h_hard_min=4.46921 train/value_loss=3.90829 train/grad_norm=1.44003
[V25 PPO] phase=0 rollout/transitions=6582272 safety/h_hard_min=4.47142 train/value_loss=4.28361 train/grad_norm=0.406807
[V25 PPO] phase=0 rollout/transitions=6586368 safety/h_hard_min=4.47032 train/value_loss=3.6587 train/grad_norm=2.17156
[V25 PPO] phase=0 rollout/transitions=6590464 safety/h_hard_min=4.47035 train/value_loss=4.42257 train/grad_norm=1.93433
[V25 PPO] phase=0 rollout/transitions=6594560 safety/h_hard_min=4.47044 train/value_loss=4.31413 train/grad_norm=1.73326
[V25 PPO] phase=0 rollout/transitions=6598656 safety/h_hard_min=4.46799 train/value_loss=4.06151 train/grad_norm=1.30158
[V25 PPO] phase=0 rollout/transitions=6602752 safety/h_hard_min=4.47335 train/value_loss=4.19199 train/grad_norm=3.36006
[V25 PPO] phase=0 rollout/transitions=6606848 safety/h_hard_min=4.47029 train/value_loss=4.28384 train/grad_norm=0.66879
[V25 PPO] phase=0 rollout/transitions=6610944 safety/h_hard_min=4.46954 train/value_loss=4.62465 train/grad_norm=4.4895
[V25 PPO] phase=0 rollout/transitions=6615040 safety/h_hard_min=4.46995 train/value_loss=3.82785 train/grad_norm=0.673076
[V25 PPO] phase=0 rollout/transitions=6619136 safety/h_hard_min=4.4738 train/value_loss=4.46651 train/grad_norm=0.392228
[V25 PPO] phase=0 rollout/transitions=6623232 safety/h_hard_min=4.4704 train/value_loss=3.68822 train/grad_norm=0.64033
[V25 PPO] phase=0 rollout/transitions=6627328 safety/h_hard_min=4.47109 train/value_loss=4.17479 train/grad_norm=0.580123
[V25 PPO] phase=0 rollout/transitions=6631424 safety/h_hard_min=4.47292 train/value_loss=4.56766 train/grad_norm=0.978019
[V25 PPO] phase=0 rollout/transitions=6635520 safety/h_hard_min=4.47095 train/value_loss=4.15859 train/grad_norm=1.24242
[V25 PPO] phase=0 rollout/transitions=6639616 safety/h_hard_min=4.47244 train/value_loss=3.93163 train/grad_norm=1.15786
[V25 PPO] phase=0 rollout/transitions=6643712 safety/h_hard_min=4.46756 train/value_loss=4.23063 train/grad_norm=0.642215
[V25 PPO] phase=0 rollout/transitions=6647808 safety/h_hard_min=4.47302 train/value_loss=4.24097 train/grad_norm=0.48268
[V25 PPO] phase=0 rollout/transitions=6651904 safety/h_hard_min=4.47171 train/value_loss=3.22394 train/grad_norm=1.63555
[V25 PPO] phase=0 rollout/transitions=6656000 safety/h_hard_min=4.47255 train/value_loss=3.7881 train/grad_norm=0.551997
[V25 PPO] phase=0 rollout/transitions=6660096 safety/h_hard_min=4.47253 train/value_loss=3.28601 train/grad_norm=0.348516
[V25 PPO] phase=0 rollout/transitions=6664192 safety/h_hard_min=4.47168 train/value_loss=3.62555 train/grad_norm=0.469027
[V25 PPO] phase=0 rollout/transitions=6668288 safety/h_hard_min=4.47029 train/value_loss=4.22075 train/grad_norm=1.79182
[V25 PPO] phase=0 rollout/transitions=6672384 safety/h_hard_min=4.47363 train/value_loss=3.53219 train/grad_norm=2.18475
[V25 PPO] phase=0 rollout/transitions=6676480 safety/h_hard_min=4.47221 train/value_loss=3.86979 train/grad_norm=1.38013
[V25 PPO] phase=0 rollout/transitions=6680576 safety/h_hard_min=4.4736 train/value_loss=3.90795 train/grad_norm=0.733632
[V25 PPO] phase=0 rollout/transitions=6684672 safety/h_hard_min=4.4716 train/value_loss=3.89975 train/grad_norm=1.32529
[V25 PPO] phase=0 rollout/transitions=6688768 safety/h_hard_min=4.47188 train/value_loss=4.4757 train/grad_norm=0.767384
[V25 PPO] phase=0 rollout/transitions=6692864 safety/h_hard_min=4.47255 train/value_loss=3.37051 train/grad_norm=1.15999
[V25 PPO] phase=0 rollout/transitions=6696960 safety/h_hard_min=4.47103 train/value_loss=3.61402 train/grad_norm=1.15405
[V25 PPO] phase=0 rollout/transitions=6701056 safety/h_hard_min=4.47077 train/value_loss=4.22733 train/grad_norm=0.85053
[V25 PPO] phase=0 rollout/transitions=6705152 safety/h_hard_min=4.4736 train/value_loss=4.27045 train/grad_norm=1.82029
[V25 PPO] phase=0 rollout/transitions=6709248 safety/h_hard_min=4.47375 train/value_loss=4.01579 train/grad_norm=1.02615
[V25 PPO] phase=0 rollout/transitions=6713344 safety/h_hard_min=4.4718 train/value_loss=3.67675 train/grad_norm=2.70946
[V25 PPO] phase=0 rollout/transitions=6717440 safety/h_hard_min=4.46986 train/value_loss=4.27712 train/grad_norm=2.22109
[V25 PPO] phase=0 rollout/transitions=6721536 safety/h_hard_min=4.47031 train/value_loss=3.97839 train/grad_norm=0.552912
[V25 PPO] phase=0 rollout/transitions=6725632 safety/h_hard_min=4.47241 train/value_loss=4.0051 train/grad_norm=1.28152
[V25 PPO] phase=0 rollout/transitions=6729728 safety/h_hard_min=4.4712 train/value_loss=3.39523 train/grad_norm=0.716797
[V25 PPO] phase=0 rollout/transitions=6733824 safety/h_hard_min=4.47342 train/value_loss=3.85834 train/grad_norm=0.973852
[V25 PPO] phase=0 rollout/transitions=6737920 safety/h_hard_min=4.47222 train/value_loss=4.56932 train/grad_norm=0.663481
[V25 PPO] phase=0 rollout/transitions=6742016 safety/h_hard_min=4.47092 train/value_loss=3.59018 train/grad_norm=2.88322
[V25 PPO] phase=0 rollout/transitions=6746112 safety/h_hard_min=4.4726 train/value_loss=3.84991 train/grad_norm=1.19557
[V25 PPO] phase=0 rollout/transitions=6750208 safety/h_hard_min=4.4722 train/value_loss=3.64816 train/grad_norm=3.61265
[V25 PPO] phase=0 rollout/transitions=6754304 safety/h_hard_min=4.47309 train/value_loss=3.90655 train/grad_norm=0.947237
[V25 PPO] phase=0 rollout/transitions=6758400 safety/h_hard_min=4.47032 train/value_loss=4.4399 train/grad_norm=1.16467
[V25 PPO] phase=0 rollout/transitions=6762496 safety/h_hard_min=4.47056 train/value_loss=5.2 train/grad_norm=1.19063
[V25 PPO] phase=0 rollout/transitions=6766592 safety/h_hard_min=4.47363 train/value_loss=4.59893 train/grad_norm=2.96658
[V25 PPO] phase=0 rollout/transitions=6770688 safety/h_hard_min=4.4692 train/value_loss=4.11083 train/grad_norm=1.11459
[V25 PPO] phase=0 rollout/transitions=6774784 safety/h_hard_min=4.47165 train/value_loss=3.50438 train/grad_norm=1.94299
[V25 PPO] phase=0 rollout/transitions=6778880 safety/h_hard_min=4.47231 train/value_loss=4.26432 train/grad_norm=0.805271
[V25 PPO] phase=0 rollout/transitions=6782976 safety/h_hard_min=4.47194 train/value_loss=3.4837 train/grad_norm=2.11579
[V25 PPO] phase=0 rollout/transitions=6787072 safety/h_hard_min=4.47085 train/value_loss=4.08399 train/grad_norm=1.12161
[V25 PPO] phase=0 rollout/transitions=6791168 safety/h_hard_min=4.47255 train/value_loss=3.63204 train/grad_norm=3.02246
[V25 PPO] phase=0 rollout/transitions=6795264 safety/h_hard_min=4.47369 train/value_loss=4.38431 train/grad_norm=0.790804
[V25 PPO] phase=0 rollout/transitions=6799360 safety/h_hard_min=4.47211 train/value_loss=4.33212 train/grad_norm=2.70838
[V25 PPO] phase=0 rollout/transitions=6803456 safety/h_hard_min=4.47054 train/value_loss=4.30754 train/grad_norm=1.79286
[V25 PPO] phase=0 rollout/transitions=6807552 safety/h_hard_min=4.47382 train/value_loss=4.57758 train/grad_norm=2.45712
[V25 PPO] phase=0 rollout/transitions=6811648 safety/h_hard_min=4.46886 train/value_loss=3.5015 train/grad_norm=1.05624
[V25 PPO] phase=0 rollout/transitions=6815744 safety/h_hard_min=4.47278 train/value_loss=4.50059 train/grad_norm=0.628913
[V25 PPO] phase=0 rollout/transitions=6819840 safety/h_hard_min=4.47104 train/value_loss=4.20899 train/grad_norm=0.898613
[V25 PPO] phase=0 rollout/transitions=6823936 safety/h_hard_min=4.47271 train/value_loss=3.99071 train/grad_norm=0.725446
[V25 PPO] phase=0 rollout/transitions=6828032 safety/h_hard_min=4.46715 train/value_loss=3.68088 train/grad_norm=1.46401
[V25 PPO] phase=0 rollout/transitions=6832128 safety/h_hard_min=4.47155 train/value_loss=4.1083 train/grad_norm=1.59874
[V25 PPO] phase=0 rollout/transitions=6836224 safety/h_hard_min=4.47355 train/value_loss=3.52171 train/grad_norm=1.5669
[V25 PPO] phase=0 rollout/transitions=6840320 safety/h_hard_min=4.46937 train/value_loss=3.87757 train/grad_norm=1.38153
[V25 PPO] phase=0 rollout/transitions=6844416 safety/h_hard_min=4.4728 train/value_loss=4.28568 train/grad_norm=0.775148
[V25 PPO] phase=0 rollout/transitions=6848512 safety/h_hard_min=4.46852 train/value_loss=4.21147 train/grad_norm=0.992409
[V25 PPO] phase=0 rollout/transitions=6852608 safety/h_hard_min=4.46943 train/value_loss=4.22272 train/grad_norm=0.645518
[V25 PPO] phase=0 rollout/transitions=6856704 safety/h_hard_min=4.47344 train/value_loss=3.36478 train/grad_norm=1.4596
[V25 PPO] phase=0 rollout/transitions=6860800 safety/h_hard_min=4.47153 train/value_loss=3.88566 train/grad_norm=1.22143
[V25 PPO] phase=0 rollout/transitions=6864896 safety/h_hard_min=4.47319 train/value_loss=3.43753 train/grad_norm=2.39256
[V25 PPO] phase=0 rollout/transitions=6868992 safety/h_hard_min=4.47331 train/value_loss=4.14404 train/grad_norm=0.688195
[V25 PPO] phase=0 rollout/transitions=6873088 safety/h_hard_min=4.47265 train/value_loss=3.55515 train/grad_norm=2.09716
[V25 PPO] phase=0 rollout/transitions=6877184 safety/h_hard_min=4.47408 train/value_loss=4.24347 train/grad_norm=0.37549
[V25 PPO] phase=0 rollout/transitions=6881280 safety/h_hard_min=4.47108 train/value_loss=4.4004 train/grad_norm=2.19587
[V25 PPO] phase=0 rollout/transitions=6885376 safety/h_hard_min=4.47068 train/value_loss=3.62403 train/grad_norm=0.75855
[V25 PPO] phase=0 rollout/transitions=6889472 safety/h_hard_min=4.47235 train/value_loss=4.06342 train/grad_norm=1.96366
[V25 PPO] phase=0 rollout/transitions=6893568 safety/h_hard_min=4.47513 train/value_loss=4.76571 train/grad_norm=0.652097
[V25 PPO] phase=0 rollout/transitions=6897664 safety/h_hard_min=4.47097 train/value_loss=4.22592 train/grad_norm=1.75893
[V25 PPO] phase=0 rollout/transitions=6901760 safety/h_hard_min=4.47379 train/value_loss=3.72747 train/grad_norm=0.570018
[V25 PPO] phase=0 rollout/transitions=6905856 safety/h_hard_min=4.47321 train/value_loss=3.22779 train/grad_norm=0.948985
[V25 PPO] phase=0 rollout/transitions=6909952 safety/h_hard_min=4.47109 train/value_loss=4.08182 train/grad_norm=1.31179
[V25 PPO] phase=0 rollout/transitions=6914048 safety/h_hard_min=4.47206 train/value_loss=4.44367 train/grad_norm=1.96062
[V25 PPO] phase=0 rollout/transitions=6918144 safety/h_hard_min=4.47247 train/value_loss=3.8265 train/grad_norm=1.93644
[V25 PPO] phase=0 rollout/transitions=6922240 safety/h_hard_min=4.47408 train/value_loss=4.16804 train/grad_norm=1.71127
[V25 PPO] phase=0 rollout/transitions=6926336 safety/h_hard_min=4.47266 train/value_loss=3.69432 train/grad_norm=0.324913
[V25 PPO] phase=0 rollout/transitions=6930432 safety/h_hard_min=4.47276 train/value_loss=4.24446 train/grad_norm=0.521417
[V25 PPO] phase=0 rollout/transitions=6934528 safety/h_hard_min=4.4744 train/value_loss=3.53611 train/grad_norm=1.27325
[V25 PPO] phase=0 rollout/transitions=6938624 safety/h_hard_min=4.47161 train/value_loss=4.00288 train/grad_norm=2.07233
[V25 PPO] phase=0 rollout/transitions=6942720 safety/h_hard_min=4.47101 train/value_loss=4.33309 train/grad_norm=0.41795
[V25 PPO] phase=0 rollout/transitions=6946816 safety/h_hard_min=4.47167 train/value_loss=4.39993 train/grad_norm=0.281757
[V25 PPO] phase=0 rollout/transitions=6950912 safety/h_hard_min=4.47248 train/value_loss=3.82279 train/grad_norm=1.15007
[V25 PPO] phase=0 rollout/transitions=6955008 safety/h_hard_min=4.47074 train/value_loss=4.5276 train/grad_norm=0.38646
[V25 PPO] phase=0 rollout/transitions=6959104 safety/h_hard_min=4.47172 train/value_loss=3.84594 train/grad_norm=2.6278
[V25 PPO] phase=0 rollout/transitions=6963200 safety/h_hard_min=4.47042 train/value_loss=3.6653 train/grad_norm=0.906848
[V25 PPO] phase=0 rollout/transitions=6967296 safety/h_hard_min=4.47096 train/value_loss=3.73137 train/grad_norm=3.51911
[V25 PPO] phase=0 rollout/transitions=6971392 safety/h_hard_min=4.47303 train/value_loss=4.62906 train/grad_norm=0.80838
[V25 PPO] phase=0 rollout/transitions=6975488 safety/h_hard_min=4.47139 train/value_loss=4.18164 train/grad_norm=1.15629
[V25 PPO] phase=0 rollout/transitions=6979584 safety/h_hard_min=4.47215 train/value_loss=4.94305 train/grad_norm=0.591469
[V25 PPO] phase=0 rollout/transitions=6983680 safety/h_hard_min=4.47134 train/value_loss=4.36767 train/grad_norm=2.14842
[V25 PPO] phase=0 rollout/transitions=6987776 safety/h_hard_min=4.47347 train/value_loss=3.7279 train/grad_norm=0.69785
[V25 PPO] phase=0 rollout/transitions=6991872 safety/h_hard_min=4.47117 train/value_loss=4.12432 train/grad_norm=0.664886
[V25 PPO] phase=0 rollout/transitions=6995968 safety/h_hard_min=4.47454 train/value_loss=4.5295 train/grad_norm=0.537103
[V25 PPO] phase=0 rollout/transitions=7000064 safety/h_hard_min=4.4695 train/value_loss=4.63322 train/grad_norm=0.770089
[V25 PPO] phase=0 rollout/transitions=7004160 safety/h_hard_min=4.47352 train/value_loss=4.14501 train/grad_norm=1.11567
[V25 PPO] phase=0 rollout/transitions=7008256 safety/h_hard_min=4.47415 train/value_loss=3.94422 train/grad_norm=0.195806
[V25 PPO] phase=0 rollout/transitions=7012352 safety/h_hard_min=4.47076 train/value_loss=3.83554 train/grad_norm=0.773834
[V25 PPO] phase=0 rollout/transitions=7016448 safety/h_hard_min=4.47131 train/value_loss=3.7185 train/grad_norm=1.70096
[V25 PPO] phase=0 rollout/transitions=7020544 safety/h_hard_min=4.47402 train/value_loss=4.21503 train/grad_norm=2.3077
[V25 PPO] phase=0 rollout/transitions=7024640 safety/h_hard_min=4.47069 train/value_loss=4.39774 train/grad_norm=0.355189
[V25 PPO] phase=0 rollout/transitions=7028736 safety/h_hard_min=4.47003 train/value_loss=3.69981 train/grad_norm=1.29035
[V25 PPO] phase=0 rollout/transitions=7032832 safety/h_hard_min=4.4725 train/value_loss=3.72175 train/grad_norm=1.89968
[V25 PPO] phase=0 rollout/transitions=7036928 safety/h_hard_min=4.46605 train/value_loss=3.58622 train/grad_norm=1.86442
[V25 PPO] phase=0 rollout/transitions=7041024 safety/h_hard_min=4.47288 train/value_loss=4.2765 train/grad_norm=2.06489
[V25 PPO] phase=0 rollout/transitions=7045120 safety/h_hard_min=4.47309 train/value_loss=4.54216 train/grad_norm=1.35024
[V25 PPO] phase=0 rollout/transitions=7049216 safety/h_hard_min=4.47347 train/value_loss=3.40676 train/grad_norm=0.899814
[V25 PPO] phase=0 rollout/transitions=7053312 safety/h_hard_min=4.47154 train/value_loss=4.49582 train/grad_norm=0.779967
[V25 PPO] phase=0 rollout/transitions=7057408 safety/h_hard_min=4.47015 train/value_loss=4.31466 train/grad_norm=1.68019
[V25 PPO] phase=0 rollout/transitions=7061504 safety/h_hard_min=4.47358 train/value_loss=4.50207 train/grad_norm=1.14298
[V25 PPO] phase=0 rollout/transitions=7065600 safety/h_hard_min=4.47371 train/value_loss=4.14622 train/grad_norm=3.06836
[V25 PPO] phase=0 rollout/transitions=7069696 safety/h_hard_min=4.4745 train/value_loss=4.34268 train/grad_norm=0.755313
[V25 PPO] phase=0 rollout/transitions=7073792 safety/h_hard_min=4.47402 train/value_loss=4.03238 train/grad_norm=2.90226
[V25 PPO] phase=0 rollout/transitions=7077888 safety/h_hard_min=4.47219 train/value_loss=4.15859 train/grad_norm=1.93683
[V25 PPO] phase=0 rollout/transitions=7081984 safety/h_hard_min=4.47111 train/value_loss=4.06959 train/grad_norm=1.14958
[V25 PPO] phase=0 rollout/transitions=7086080 safety/h_hard_min=4.46949 train/value_loss=4.44376 train/grad_norm=1.26334
[V25 PPO] phase=0 rollout/transitions=7090176 safety/h_hard_min=4.47304 train/value_loss=4.27537 train/grad_norm=2.46214
[V25 PPO] phase=0 rollout/transitions=7094272 safety/h_hard_min=4.46962 train/value_loss=4.36426 train/grad_norm=0.213784
[V25 PPO] phase=0 rollout/transitions=7098368 safety/h_hard_min=4.4716 train/value_loss=3.70965 train/grad_norm=0.705282
[V25 PPO] phase=0 rollout/transitions=7102464 safety/h_hard_min=4.4716 train/value_loss=4.66336 train/grad_norm=0.986808
[V25 PPO] phase=0 rollout/transitions=7106560 safety/h_hard_min=4.47133 train/value_loss=4.22857 train/grad_norm=0.879996
[V25 PPO] phase=0 rollout/transitions=7110656 safety/h_hard_min=4.47344 train/value_loss=3.76293 train/grad_norm=1.93581
[V25 PPO] phase=0 rollout/transitions=7114752 safety/h_hard_min=4.4696 train/value_loss=3.83144 train/grad_norm=1.44513
[V25 PPO] phase=0 rollout/transitions=7118848 safety/h_hard_min=4.46803 train/value_loss=4.71559 train/grad_norm=1.40121
[V25 PPO] phase=0 rollout/transitions=7122944 safety/h_hard_min=4.47084 train/value_loss=3.8607 train/grad_norm=1.24891
[V25 PPO] phase=0 rollout/transitions=7127040 safety/h_hard_min=4.4735 train/value_loss=3.98009 train/grad_norm=1.66
[V25 PPO] phase=0 rollout/transitions=7131136 safety/h_hard_min=4.46863 train/value_loss=3.99378 train/grad_norm=0.676034
[V25 PPO] phase=0 rollout/transitions=7135232 safety/h_hard_min=4.4704 train/value_loss=3.45357 train/grad_norm=1.22555
[V25 PPO] phase=0 rollout/transitions=7139328 safety/h_hard_min=4.47211 train/value_loss=3.63792 train/grad_norm=1.55154
[V25 PPO] phase=0 rollout/transitions=7143424 safety/h_hard_min=4.47234 train/value_loss=3.34659 train/grad_norm=0.57075
[V25 PPO] phase=0 rollout/transitions=7147520 safety/h_hard_min=4.47203 train/value_loss=4.21726 train/grad_norm=2.21932
[V25 PPO] phase=0 rollout/transitions=7151616 safety/h_hard_min=4.47048 train/value_loss=4.19654 train/grad_norm=0.856232
[V25 PPO] phase=0 rollout/transitions=7155712 safety/h_hard_min=4.47249 train/value_loss=4.4202 train/grad_norm=1.36981
[V25 PPO] phase=0 rollout/transitions=7159808 safety/h_hard_min=4.46936 train/value_loss=3.58735 train/grad_norm=1.91958
[V25 PPO] phase=0 rollout/transitions=7163904 safety/h_hard_min=4.47371 train/value_loss=4.0458 train/grad_norm=2.38065
[V25 PPO] phase=0 rollout/transitions=7168000 safety/h_hard_min=4.47012 train/value_loss=3.51124 train/grad_norm=1.24826
[V25 PPO] phase=0 rollout/transitions=7172096 safety/h_hard_min=4.47277 train/value_loss=3.90568 train/grad_norm=2.83374
[V25 PPO] phase=0 rollout/transitions=7176192 safety/h_hard_min=4.46989 train/value_loss=4.23668 train/grad_norm=2.21492
[V25 PPO] phase=0 rollout/transitions=7180288 safety/h_hard_min=4.47212 train/value_loss=3.54866 train/grad_norm=0.701097
[V25 PPO] phase=0 rollout/transitions=7184384 safety/h_hard_min=4.47344 train/value_loss=4.48405 train/grad_norm=2.37722
[V25 PPO] phase=0 rollout/transitions=7188480 safety/h_hard_min=4.47195 train/value_loss=3.97715 train/grad_norm=0.559241
[V25 PPO] phase=0 rollout/transitions=7192576 safety/h_hard_min=4.4724 train/value_loss=3.55681 train/grad_norm=0.261891
[V25 PPO] phase=0 rollout/transitions=7196672 safety/h_hard_min=4.47176 train/value_loss=3.89982 train/grad_norm=1.44251
[V25 PPO] phase=0 rollout/transitions=7200768 safety/h_hard_min=4.47077 train/value_loss=3.69076 train/grad_norm=0.875977
[V25 PPO] phase=0 rollout/transitions=7204864 safety/h_hard_min=4.47177 train/value_loss=3.7929 train/grad_norm=0.278814
[V25 PPO] phase=0 rollout/transitions=7208960 safety/h_hard_min=4.47236 train/value_loss=4.722 train/grad_norm=0.290801
[V25 PPO] phase=0 rollout/transitions=7213056 safety/h_hard_min=4.46714 train/value_loss=4.22256 train/grad_norm=1.63181
[V25 PPO] phase=0 rollout/transitions=7217152 safety/h_hard_min=4.47185 train/value_loss=3.7506 train/grad_norm=1.27053
[V25 PPO] phase=0 rollout/transitions=7221248 safety/h_hard_min=4.47312 train/value_loss=3.81106 train/grad_norm=1.23669
[V25 PPO] phase=0 rollout/transitions=7225344 safety/h_hard_min=4.46925 train/value_loss=4.7509 train/grad_norm=2.58948
[V25 PPO] phase=0 rollout/transitions=7229440 safety/h_hard_min=4.47038 train/value_loss=3.89328 train/grad_norm=1.07033
[V25 PPO] phase=0 rollout/transitions=7233536 safety/h_hard_min=4.47025 train/value_loss=4.22637 train/grad_norm=2.01096
[V25 PPO] phase=0 rollout/transitions=7237632 safety/h_hard_min=4.47111 train/value_loss=4.21997 train/grad_norm=0.668228
[V25 PPO] phase=0 rollout/transitions=7241728 safety/h_hard_min=4.47271 train/value_loss=3.64493 train/grad_norm=1.56369
[V25 PPO] phase=0 rollout/transitions=7245824 safety/h_hard_min=4.47262 train/value_loss=4.03405 train/grad_norm=0.245372
[V25 PPO] phase=0 rollout/transitions=7249920 safety/h_hard_min=4.47326 train/value_loss=4.6628 train/grad_norm=0.354715
[V25 PPO] phase=0 rollout/transitions=7254016 safety/h_hard_min=4.47338 train/value_loss=4.01274 train/grad_norm=1.1756
[V25 PPO] phase=0 rollout/transitions=7258112 safety/h_hard_min=4.47012 train/value_loss=4.56555 train/grad_norm=0.448223
[V25 PPO] phase=0 rollout/transitions=7262208 safety/h_hard_min=4.47189 train/value_loss=4.25764 train/grad_norm=1.18244
[V25 PPO] phase=0 rollout/transitions=7266304 safety/h_hard_min=4.47234 train/value_loss=3.87253 train/grad_norm=0.693241
[V25 PPO] phase=0 rollout/transitions=7270400 safety/h_hard_min=4.47233 train/value_loss=4.03772 train/grad_norm=1.89857
[V25 PPO] phase=0 rollout/transitions=7274496 safety/h_hard_min=4.47202 train/value_loss=4.97882 train/grad_norm=2.64967
[V25 PPO] phase=0 rollout/transitions=7278592 safety/h_hard_min=4.47332 train/value_loss=3.5285 train/grad_norm=2.8766
[V25 PPO] phase=0 rollout/transitions=7282688 safety/h_hard_min=4.47215 train/value_loss=4.25839 train/grad_norm=1.19438
[V25 PPO] phase=0 rollout/transitions=7286784 safety/h_hard_min=4.47165 train/value_loss=3.21734 train/grad_norm=0.889275
[V25 PPO] phase=0 rollout/transitions=7290880 safety/h_hard_min=4.47358 train/value_loss=4.07637 train/grad_norm=0.394207
[V25 PPO] phase=0 rollout/transitions=7294976 safety/h_hard_min=4.47253 train/value_loss=4.45868 train/grad_norm=0.907928
[V25 PPO] phase=0 rollout/transitions=7299072 safety/h_hard_min=4.47253 train/value_loss=4.19295 train/grad_norm=0.661348
[V25 PPO] phase=0 rollout/transitions=7303168 safety/h_hard_min=4.46941 train/value_loss=3.19419 train/grad_norm=1.74137
[V25 PPO] phase=0 rollout/transitions=7307264 safety/h_hard_min=4.47218 train/value_loss=3.29918 train/grad_norm=1.7899
[V25 PPO] phase=0 rollout/transitions=7311360 safety/h_hard_min=4.46967 train/value_loss=3.8523 train/grad_norm=1.07757
[V25 PPO] phase=0 rollout/transitions=7315456 safety/h_hard_min=4.47176 train/value_loss=3.99958 train/grad_norm=0.675096
[V25 PPO] phase=0 rollout/transitions=7319552 safety/h_hard_min=4.47032 train/value_loss=5.05029 train/grad_norm=2.65281
[V25 PPO] phase=0 rollout/transitions=7323648 safety/h_hard_min=4.47174 train/value_loss=3.85408 train/grad_norm=0.33345
[V25 PPO] phase=0 rollout/transitions=7327744 safety/h_hard_min=4.47115 train/value_loss=5.42925 train/grad_norm=0.545995
[V25 PPO] phase=0 rollout/transitions=7331840 safety/h_hard_min=4.47143 train/value_loss=4.28423 train/grad_norm=1.08954
[V25 PPO] phase=0 rollout/transitions=7335936 safety/h_hard_min=4.47255 train/value_loss=3.67376 train/grad_norm=0.669919
[V25 PPO] phase=0 rollout/transitions=7340032 safety/h_hard_min=4.46919 train/value_loss=4.36378 train/grad_norm=0.528393
[V25 PPO] phase=0 rollout/transitions=7344128 safety/h_hard_min=4.47211 train/value_loss=4.65242 train/grad_norm=1.13452
[V25 PPO] phase=0 rollout/transitions=7348224 safety/h_hard_min=4.47338 train/value_loss=3.77715 train/grad_norm=2.4493
[V25 PPO] phase=0 rollout/transitions=7352320 safety/h_hard_min=4.47404 train/value_loss=4.25159 train/grad_norm=0.733475
[V25 PPO] phase=0 rollout/transitions=7356416 safety/h_hard_min=4.47047 train/value_loss=4.17405 train/grad_norm=0.280726
[V25 PPO] phase=0 rollout/transitions=7360512 safety/h_hard_min=4.47112 train/value_loss=4.40898 train/grad_norm=0.670155
[V25 PPO] phase=0 rollout/transitions=7364608 safety/h_hard_min=4.47175 train/value_loss=4.40377 train/grad_norm=3.29579
[V25 PPO] phase=0 rollout/transitions=7368704 safety/h_hard_min=4.47369 train/value_loss=4.56146 train/grad_norm=0.441427
[V25 PPO] phase=0 rollout/transitions=7372800 safety/h_hard_min=4.47189 train/value_loss=4.18066 train/grad_norm=2.89564
[V25 PPO] phase=0 rollout/transitions=7376896 safety/h_hard_min=4.47297 train/value_loss=4.36167 train/grad_norm=1.19765
[V25 PPO] phase=0 rollout/transitions=7380992 safety/h_hard_min=4.4736 train/value_loss=4.1147 train/grad_norm=1.44166
[V25 PPO] phase=0 rollout/transitions=7385088 safety/h_hard_min=4.47279 train/value_loss=4.77786 train/grad_norm=0.935568
[V25 PPO] phase=0 rollout/transitions=7389184 safety/h_hard_min=4.47132 train/value_loss=4.71258 train/grad_norm=2.33015
[V25 PPO] phase=0 rollout/transitions=7393280 safety/h_hard_min=4.47284 train/value_loss=4.21433 train/grad_norm=0.484533
[V25 PPO] phase=0 rollout/transitions=7397376 safety/h_hard_min=4.47219 train/value_loss=4.01315 train/grad_norm=0.816098
[V25 PPO] phase=0 rollout/transitions=7401472 safety/h_hard_min=4.47231 train/value_loss=3.75362 train/grad_norm=1.34538
[V25 PPO] phase=0 rollout/transitions=7405568 safety/h_hard_min=4.47168 train/value_loss=4.33639 train/grad_norm=3.158
[V25 PPO] phase=0 rollout/transitions=7409664 safety/h_hard_min=4.4731 train/value_loss=4.09171 train/grad_norm=2.78469
[V25 PPO] phase=0 rollout/transitions=7413760 safety/h_hard_min=4.47266 train/value_loss=4.08185 train/grad_norm=1.07086
[V25 PPO] phase=0 rollout/transitions=7417856 safety/h_hard_min=4.47043 train/value_loss=5.03604 train/grad_norm=1.76809
[V25 PPO] phase=0 rollout/transitions=7421952 safety/h_hard_min=4.47322 train/value_loss=4.57593 train/grad_norm=1.35069
[V25 PPO] phase=0 rollout/transitions=7426048 safety/h_hard_min=4.47002 train/value_loss=4.41465 train/grad_norm=0.750843
[V25 PPO] phase=0 rollout/transitions=7430144 safety/h_hard_min=4.47359 train/value_loss=4.54335 train/grad_norm=3.70719
[V25 PPO] phase=0 rollout/transitions=7434240 safety/h_hard_min=4.47323 train/value_loss=4.47962 train/grad_norm=2.74786
[V25 PPO] phase=0 rollout/transitions=7438336 safety/h_hard_min=4.47149 train/value_loss=4.30554 train/grad_norm=0.247674
[V25 PPO] phase=0 rollout/transitions=7442432 safety/h_hard_min=4.47106 train/value_loss=3.64384 train/grad_norm=1.17037
[V25 PPO] phase=0 rollout/transitions=7446528 safety/h_hard_min=4.47245 train/value_loss=3.80186 train/grad_norm=1.36958
[V25 PPO] phase=0 rollout/transitions=7450624 safety/h_hard_min=4.47046 train/value_loss=4.86601 train/grad_norm=3.26392
[V25 PPO] phase=0 rollout/transitions=7454720 safety/h_hard_min=4.47335 train/value_loss=4.01837 train/grad_norm=1.01016
[V25 PPO] phase=0 rollout/transitions=7458816 safety/h_hard_min=4.4725 train/value_loss=4.12704 train/grad_norm=3.51485
[V25 PPO] phase=0 rollout/transitions=7462912 safety/h_hard_min=4.47369 train/value_loss=4.66541 train/grad_norm=3.00573
[V25 PPO] phase=0 rollout/transitions=7467008 safety/h_hard_min=4.4737 train/value_loss=4.37705 train/grad_norm=0.672252
[V25 PPO] phase=0 rollout/transitions=7471104 safety/h_hard_min=4.47188 train/value_loss=4.03759 train/grad_norm=0.416593
[V25 PPO] phase=0 rollout/transitions=7475200 safety/h_hard_min=4.46993 train/value_loss=3.81045 train/grad_norm=1.0263
[V25 PPO] phase=0 rollout/transitions=7479296 safety/h_hard_min=4.47249 train/value_loss=3.90541 train/grad_norm=2.49491
[V25 PPO] phase=0 rollout/transitions=7483392 safety/h_hard_min=4.47163 train/value_loss=3.93204 train/grad_norm=1.17391
[V25 PPO] phase=0 rollout/transitions=7487488 safety/h_hard_min=4.47154 train/value_loss=4.22643 train/grad_norm=2.12916
[V25 PPO] phase=0 rollout/transitions=7491584 safety/h_hard_min=4.47093 train/value_loss=4.53338 train/grad_norm=1.64604
[V25 PPO] phase=0 rollout/transitions=7495680 safety/h_hard_min=4.47291 train/value_loss=4.0717 train/grad_norm=2.26395
[V25 PPO] phase=0 rollout/transitions=7499776 safety/h_hard_min=4.47202 train/value_loss=4.69825 train/grad_norm=2.98217
[V25 PPO] phase=0 rollout/transitions=7503872 safety/h_hard_min=4.46721 train/value_loss=3.83103 train/grad_norm=1.86998
[V25 PPO] phase=0 rollout/transitions=7507968 safety/h_hard_min=4.47031 train/value_loss=4.17235 train/grad_norm=1.40937
[V25 PPO] phase=0 rollout/transitions=7512064 safety/h_hard_min=4.47201 train/value_loss=4.41375 train/grad_norm=0.873324
[V25 PPO] phase=0 rollout/transitions=7516160 safety/h_hard_min=4.47173 train/value_loss=3.95574 train/grad_norm=1.01002
[V25 PPO] phase=0 rollout/transitions=7520256 safety/h_hard_min=4.46885 train/value_loss=4.21733 train/grad_norm=0.335417
[V25 PPO] phase=0 rollout/transitions=7524352 safety/h_hard_min=4.47251 train/value_loss=4.36853 train/grad_norm=2.92119
[V25 PPO] phase=0 rollout/transitions=7528448 safety/h_hard_min=4.47433 train/value_loss=3.91947 train/grad_norm=2.26549
[V25 PPO] phase=0 rollout/transitions=7532544 safety/h_hard_min=4.47361 train/value_loss=3.66165 train/grad_norm=3.96692
[V25 PPO] phase=0 rollout/transitions=7536640 safety/h_hard_min=4.47378 train/value_loss=3.68115 train/grad_norm=2.51308
[V25 PPO] phase=0 rollout/transitions=7540736 safety/h_hard_min=4.47058 train/value_loss=4.05152 train/grad_norm=0.923418
[V25 PPO] phase=0 rollout/transitions=7544832 safety/h_hard_min=4.47114 train/value_loss=3.81371 train/grad_norm=0.980013
[V25 PPO] phase=0 rollout/transitions=7548928 safety/h_hard_min=4.47128 train/value_loss=3.90616 train/grad_norm=2.09994
[V25 PPO] phase=0 rollout/transitions=7553024 safety/h_hard_min=4.46992 train/value_loss=3.97964 train/grad_norm=0.700797
[V25 PPO] phase=0 rollout/transitions=7557120 safety/h_hard_min=4.47155 train/value_loss=3.95624 train/grad_norm=1.67459
[V25 PPO] phase=0 rollout/transitions=7561216 safety/h_hard_min=4.47334 train/value_loss=3.505 train/grad_norm=1.71221
[V25 PPO] phase=0 rollout/transitions=7565312 safety/h_hard_min=4.47247 train/value_loss=4.31268 train/grad_norm=1.60523
[V25 PPO] phase=0 rollout/transitions=7569408 safety/h_hard_min=4.47192 train/value_loss=3.81421 train/grad_norm=1.39344
[V25 PPO] phase=0 rollout/transitions=7573504 safety/h_hard_min=4.47119 train/value_loss=3.69268 train/grad_norm=0.821263
[V25 PPO] phase=0 rollout/transitions=7577600 safety/h_hard_min=4.46922 train/value_loss=4.38115 train/grad_norm=0.794249
[V25 PPO] phase=0 rollout/transitions=7581696 safety/h_hard_min=4.47254 train/value_loss=3.87154 train/grad_norm=1.95516
[V25 PPO] phase=0 rollout/transitions=7585792 safety/h_hard_min=4.47031 train/value_loss=4.46805 train/grad_norm=1.31591
[V25 PPO] phase=0 rollout/transitions=7589888 safety/h_hard_min=4.47201 train/value_loss=5.95835 train/grad_norm=1.48847
[V25 PPO] phase=0 rollout/transitions=7593984 safety/h_hard_min=4.47288 train/value_loss=4.2959 train/grad_norm=2.18445
[V25 PPO] phase=0 rollout/transitions=7598080 safety/h_hard_min=4.47267 train/value_loss=3.77845 train/grad_norm=1.47954
[V25 PPO] phase=0 rollout/transitions=7602176 safety/h_hard_min=4.47182 train/value_loss=4.34906 train/grad_norm=0.521761
[V25 PPO] phase=0 rollout/transitions=7606272 safety/h_hard_min=4.46998 train/value_loss=4.40711 train/grad_norm=3.2226
[V25 PPO] phase=0 rollout/transitions=7610368 safety/h_hard_min=4.47003 train/value_loss=4.89884 train/grad_norm=1.78353
[V25 PPO] phase=0 rollout/transitions=7614464 safety/h_hard_min=4.4741 train/value_loss=4.70719 train/grad_norm=1.58781
[V25 PPO] phase=0 rollout/transitions=7618560 safety/h_hard_min=4.47084 train/value_loss=3.98745 train/grad_norm=2.70456
[V25 PPO] phase=0 rollout/transitions=7622656 safety/h_hard_min=4.47068 train/value_loss=3.71114 train/grad_norm=1.78688
[V25 PPO] phase=0 rollout/transitions=7626752 safety/h_hard_min=4.47065 train/value_loss=4.72921 train/grad_norm=1.03707
[V25 PPO] phase=0 rollout/transitions=7630848 safety/h_hard_min=4.47289 train/value_loss=4.02641 train/grad_norm=1.84259
[V25 PPO] phase=0 rollout/transitions=7634944 safety/h_hard_min=4.47067 train/value_loss=4.49988 train/grad_norm=0.962589
[V25 PPO] phase=0 rollout/transitions=7639040 safety/h_hard_min=4.47305 train/value_loss=3.9282 train/grad_norm=4.62226
[V25 PPO] phase=0 rollout/transitions=7643136 safety/h_hard_min=4.47221 train/value_loss=4.56681 train/grad_norm=1.74235
[V25 PPO] phase=0 rollout/transitions=7647232 safety/h_hard_min=4.47187 train/value_loss=3.71584 train/grad_norm=1.19277
[V25 PPO] phase=0 rollout/transitions=7651328 safety/h_hard_min=4.47046 train/value_loss=3.46793 train/grad_norm=0.55836
[V25 PPO] phase=0 rollout/transitions=7655424 safety/h_hard_min=4.47265 train/value_loss=4.29848 train/grad_norm=3.28708
[V25 PPO] phase=0 rollout/transitions=7659520 safety/h_hard_min=4.47368 train/value_loss=4.719 train/grad_norm=1.63282
[V25 PPO] phase=0 rollout/transitions=7663616 safety/h_hard_min=4.47316 train/value_loss=4.27284 train/grad_norm=1.40448
[V25 PPO] phase=0 rollout/transitions=7667712 safety/h_hard_min=4.46797 train/value_loss=3.73285 train/grad_norm=0.885003
[V25 PPO] phase=0 rollout/transitions=7671808 safety/h_hard_min=4.47323 train/value_loss=4.31722 train/grad_norm=3.14313
[V25 PPO] phase=0 rollout/transitions=7675904 safety/h_hard_min=4.471 train/value_loss=3.88503 train/grad_norm=1.4909
[V25 PPO] phase=0 rollout/transitions=7680000 safety/h_hard_min=4.47033 train/value_loss=4.8498 train/grad_norm=2.5472
[V25 PPO] phase=0 rollout/transitions=7684096 safety/h_hard_min=4.47301 train/value_loss=4.28036 train/grad_norm=2.62661
[V25 PPO] phase=0 rollout/transitions=7688192 safety/h_hard_min=4.47286 train/value_loss=4.01951 train/grad_norm=0.309527
[V25 PPO] phase=0 rollout/transitions=7692288 safety/h_hard_min=4.47112 train/value_loss=4.14183 train/grad_norm=2.18212
[V25 PPO] phase=0 rollout/transitions=7696384 safety/h_hard_min=4.46947 train/value_loss=4.63468 train/grad_norm=2.48193
[V25 PPO] phase=0 rollout/transitions=7700480 safety/h_hard_min=4.47424 train/value_loss=4.16728 train/grad_norm=1.17431
[V25 PPO] phase=0 rollout/transitions=7704576 safety/h_hard_min=4.47045 train/value_loss=3.30773 train/grad_norm=0.50207
[V25 PPO] phase=0 rollout/transitions=7708672 safety/h_hard_min=4.47213 train/value_loss=4.06385 train/grad_norm=4.21857
[V25 PPO] phase=0 rollout/transitions=7712768 safety/h_hard_min=4.47127 train/value_loss=4.25973 train/grad_norm=2.10442
[V25 PPO] phase=0 rollout/transitions=7716864 safety/h_hard_min=4.47428 train/value_loss=3.81999 train/grad_norm=1.11687
[V25 PPO] phase=0 rollout/transitions=7720960 safety/h_hard_min=4.4727 train/value_loss=4.38298 train/grad_norm=1.04806
[V25 PPO] phase=0 rollout/transitions=7725056 safety/h_hard_min=4.47175 train/value_loss=4.35368 train/grad_norm=1.24153
[V25 PPO] phase=0 rollout/transitions=7729152 safety/h_hard_min=4.47048 train/value_loss=3.98435 train/grad_norm=1.28844
[V25 PPO] phase=0 rollout/transitions=7733248 safety/h_hard_min=4.47365 train/value_loss=5.15356 train/grad_norm=4.21151
[V25 PPO] phase=0 rollout/transitions=7737344 safety/h_hard_min=4.47302 train/value_loss=4.23144 train/grad_norm=0.386161
[V25 PPO] phase=0 rollout/transitions=7741440 safety/h_hard_min=4.47296 train/value_loss=4.13743 train/grad_norm=0.876206
[V25 PPO] phase=0 rollout/transitions=7745536 safety/h_hard_min=4.46952 train/value_loss=4.77873 train/grad_norm=1.09944
[V25 PPO] phase=0 rollout/transitions=7749632 safety/h_hard_min=4.47339 train/value_loss=3.72869 train/grad_norm=1.79871
[V25 PPO] phase=0 rollout/transitions=7753728 safety/h_hard_min=4.47056 train/value_loss=4.33681 train/grad_norm=0.583105
[V25 PPO] phase=0 rollout/transitions=7757824 safety/h_hard_min=4.47299 train/value_loss=3.85224 train/grad_norm=0.779511
[V25 PPO] phase=0 rollout/transitions=7761920 safety/h_hard_min=4.47461 train/value_loss=4.09185 train/grad_norm=0.93258
[V25 PPO] phase=0 rollout/transitions=7766016 safety/h_hard_min=4.47163 train/value_loss=4.32127 train/grad_norm=3.04764
[V25 PPO] phase=0 rollout/transitions=7770112 safety/h_hard_min=4.47264 train/value_loss=3.78743 train/grad_norm=0.675088
[V25 PPO] phase=0 rollout/transitions=7774208 safety/h_hard_min=4.46815 train/value_loss=3.78044 train/grad_norm=2.69135
[V25 PPO] phase=0 rollout/transitions=7778304 safety/h_hard_min=4.47076 train/value_loss=4.57385 train/grad_norm=2.07638
[V25 PPO] phase=0 rollout/transitions=7782400 safety/h_hard_min=4.47153 train/value_loss=4.73507 train/grad_norm=2.29055
[V25 PPO] phase=0 rollout/transitions=7786496 safety/h_hard_min=4.47118 train/value_loss=3.98815 train/grad_norm=0.718677
[V25 PPO] phase=0 rollout/transitions=7790592 safety/h_hard_min=4.47187 train/value_loss=4.05752 train/grad_norm=3.04222
[V25 PPO] phase=0 rollout/transitions=7794688 safety/h_hard_min=4.47099 train/value_loss=4.64276 train/grad_norm=1.14294
[V25 PPO] phase=0 rollout/transitions=7798784 safety/h_hard_min=4.47032 train/value_loss=4.50413 train/grad_norm=1.21844
[V25 PPO] phase=0 rollout/transitions=7802880 safety/h_hard_min=4.47234 train/value_loss=3.54648 train/grad_norm=2.05853
[V25 PPO] phase=0 rollout/transitions=7806976 safety/h_hard_min=4.47032 train/value_loss=4.16558 train/grad_norm=1.18835
[V25 PPO] phase=0 rollout/transitions=7811072 safety/h_hard_min=4.47222 train/value_loss=4.26462 train/grad_norm=1.55365
[V25 PPO] phase=0 rollout/transitions=7815168 safety/h_hard_min=4.46892 train/value_loss=3.28386 train/grad_norm=0.852784
[V25 PPO] phase=0 rollout/transitions=7819264 safety/h_hard_min=4.47425 train/value_loss=4.57002 train/grad_norm=1.65013
[V25 PPO] phase=0 rollout/transitions=7823360 safety/h_hard_min=4.47091 train/value_loss=4.27723 train/grad_norm=0.678632
[V25 PPO] phase=0 rollout/transitions=7827456 safety/h_hard_min=4.47064 train/value_loss=4.50556 train/grad_norm=1.33854
[V25 PPO] phase=0 rollout/transitions=7831552 safety/h_hard_min=4.47105 train/value_loss=3.79569 train/grad_norm=2.18519
[V25 PPO] phase=0 rollout/transitions=7835648 safety/h_hard_min=4.47401 train/value_loss=3.93015 train/grad_norm=1.04459
[V25 PPO] phase=0 rollout/transitions=7839744 safety/h_hard_min=4.4724 train/value_loss=4.25765 train/grad_norm=2.20768
[V25 PPO] phase=0 rollout/transitions=7843840 safety/h_hard_min=4.47354 train/value_loss=3.43181 train/grad_norm=1.43595
[V25 PPO] phase=0 rollout/transitions=7847936 safety/h_hard_min=4.46722 train/value_loss=4.24632 train/grad_norm=1.20564
[V25 PPO] phase=0 rollout/transitions=7852032 safety/h_hard_min=4.47192 train/value_loss=4.84811 train/grad_norm=0.972914
[V25 PPO] phase=0 rollout/transitions=7856128 safety/h_hard_min=4.47161 train/value_loss=3.7701 train/grad_norm=0.796714
[V25 PPO] phase=0 rollout/transitions=7860224 safety/h_hard_min=4.472 train/value_loss=3.59095 train/grad_norm=2.11559
[V25 PPO] phase=0 rollout/transitions=7864320 safety/h_hard_min=4.47084 train/value_loss=3.78878 train/grad_norm=2.42951
[V25 PPO] phase=0 rollout/transitions=7868416 safety/h_hard_min=4.47269 train/value_loss=3.80866 train/grad_norm=0.46088
[V25 PPO] phase=0 rollout/transitions=7872512 safety/h_hard_min=4.47242 train/value_loss=4.36061 train/grad_norm=2.93913
[V25 PPO] phase=0 rollout/transitions=7876608 safety/h_hard_min=4.47429 train/value_loss=4.53302 train/grad_norm=2.69796
[V25 PPO] phase=0 rollout/transitions=7880704 safety/h_hard_min=4.47139 train/value_loss=3.80155 train/grad_norm=1.02184
[V25 PPO] phase=0 rollout/transitions=7884800 safety/h_hard_min=4.47184 train/value_loss=4.08818 train/grad_norm=1.18225
[V25 PPO] phase=0 rollout/transitions=7888896 safety/h_hard_min=4.47138 train/value_loss=4.05439 train/grad_norm=2.7042
[V25 PPO] phase=0 rollout/transitions=7892992 safety/h_hard_min=4.472 train/value_loss=3.70759 train/grad_norm=0.689455
[V25 PPO] phase=0 rollout/transitions=7897088 safety/h_hard_min=4.47145 train/value_loss=4.28101 train/grad_norm=1.11291
[V25 PPO] phase=0 rollout/transitions=7901184 safety/h_hard_min=4.4707 train/value_loss=3.93323 train/grad_norm=0.738998
[V25 PPO] phase=0 rollout/transitions=7905280 safety/h_hard_min=4.47239 train/value_loss=4.94267 train/grad_norm=0.754324
[V25 PPO] phase=0 rollout/transitions=7909376 safety/h_hard_min=4.47223 train/value_loss=3.86938 train/grad_norm=1.10966
[V25 PPO] phase=0 rollout/transitions=7913472 safety/h_hard_min=4.47158 train/value_loss=4.55567 train/grad_norm=0.54695
[V25 PPO] phase=0 rollout/transitions=7917568 safety/h_hard_min=4.47396 train/value_loss=3.49503 train/grad_norm=3.05672
[V25 PPO] phase=0 rollout/transitions=7921664 safety/h_hard_min=4.47365 train/value_loss=4.10086 train/grad_norm=1.56798
[V25 PPO] phase=0 rollout/transitions=7925760 safety/h_hard_min=4.47156 train/value_loss=4.00905 train/grad_norm=2.39013
[V25 PPO] phase=0 rollout/transitions=7929856 safety/h_hard_min=4.47153 train/value_loss=4.55079 train/grad_norm=1.16294
[V25 PPO] phase=0 rollout/transitions=7933952 safety/h_hard_min=4.47417 train/value_loss=4.50486 train/grad_norm=0.673618
[V25 PPO] phase=0 rollout/transitions=7938048 safety/h_hard_min=4.47497 train/value_loss=4.12098 train/grad_norm=0.5668
[V25 PPO] phase=0 rollout/transitions=7942144 safety/h_hard_min=4.47165 train/value_loss=3.67569 train/grad_norm=0.844583
[V25 PPO] phase=0 rollout/transitions=7946240 safety/h_hard_min=4.47129 train/value_loss=4.29654 train/grad_norm=3.98244
[V25 PPO] phase=0 rollout/transitions=7950336 safety/h_hard_min=4.47134 train/value_loss=4.18156 train/grad_norm=2.19209
[V25 PPO] phase=0 rollout/transitions=7954432 safety/h_hard_min=4.46906 train/value_loss=4.66833 train/grad_norm=2.65349
[V25 PPO] phase=0 rollout/transitions=7958528 safety/h_hard_min=4.47188 train/value_loss=3.84721 train/grad_norm=1.313
[V25 PPO] phase=0 rollout/transitions=7962624 safety/h_hard_min=4.47271 train/value_loss=4.15072 train/grad_norm=3.82908
[V25 PPO] phase=0 rollout/transitions=7966720 safety/h_hard_min=4.46767 train/value_loss=4.45327 train/grad_norm=2.98981
[V25 PPO] phase=0 rollout/transitions=7970816 safety/h_hard_min=4.46789 train/value_loss=4.71545 train/grad_norm=1.82921
[V25 PPO] phase=0 rollout/transitions=7974912 safety/h_hard_min=4.47099 train/value_loss=4.27417 train/grad_norm=0.458507
[V25 PPO] phase=0 rollout/transitions=7979008 safety/h_hard_min=4.47218 train/value_loss=3.8354 train/grad_norm=1.02609
[V25 PPO] phase=0 rollout/transitions=7983104 safety/h_hard_min=4.47244 train/value_loss=4.27558 train/grad_norm=3.45338
[V25 PPO] phase=0 rollout/transitions=7987200 safety/h_hard_min=4.47056 train/value_loss=4.36872 train/grad_norm=2.90944
[V25 PPO] phase=0 rollout/transitions=7991296 safety/h_hard_min=4.47116 train/value_loss=4.56733 train/grad_norm=2.62315
[V25 PPO] phase=0 rollout/transitions=7995392 safety/h_hard_min=4.47185 train/value_loss=3.72608 train/grad_norm=0.455259
[V25 PPO] phase=0 rollout/transitions=7999488 safety/h_hard_min=4.47206 train/value_loss=4.94288 train/grad_norm=2.71851
[V25 PPO] phase=0 rollout/transitions=8003584 safety/h_hard_min=4.47361 train/value_loss=4.56053 train/grad_norm=1.43397
[V25 PPO] phase=0 rollout/transitions=8007680 safety/h_hard_min=4.4719 train/value_loss=4.93601 train/grad_norm=2.40584
[V25 PPO] phase=0 rollout/transitions=8011776 safety/h_hard_min=4.47433 train/value_loss=5.00273 train/grad_norm=1.58452
[V25 PPO] phase=0 rollout/transitions=8015872 safety/h_hard_min=4.47227 train/value_loss=4.24172 train/grad_norm=3.52791
[V25 PPO] phase=0 rollout/transitions=8019968 safety/h_hard_min=4.47414 train/value_loss=4.20846 train/grad_norm=0.554155
[V25 PPO] phase=0 rollout/transitions=8024064 safety/h_hard_min=4.47365 train/value_loss=3.81781 train/grad_norm=0.376034
[V25 PPO] phase=0 rollout/transitions=8028160 safety/h_hard_min=4.47167 train/value_loss=4.11202 train/grad_norm=0.27642
[V25 PPO] phase=0 rollout/transitions=8032256 safety/h_hard_min=4.47172 train/value_loss=4.28077 train/grad_norm=1.628
[V25 PPO] phase=0 rollout/transitions=8036352 safety/h_hard_min=4.47078 train/value_loss=4.25657 train/grad_norm=0.408796
[V25 PPO] phase=0 rollout/transitions=8040448 safety/h_hard_min=4.4712 train/value_loss=3.83787 train/grad_norm=0.950053
[V25 PPO] phase=0 rollout/transitions=8044544 safety/h_hard_min=4.46979 train/value_loss=4.79716 train/grad_norm=0.294206
[V25 PPO] phase=0 rollout/transitions=8048640 safety/h_hard_min=4.473 train/value_loss=4.37949 train/grad_norm=0.574926
[V25 PPO] phase=0 rollout/transitions=8052736 safety/h_hard_min=4.47113 train/value_loss=4.66787 train/grad_norm=0.381937
[V25 PPO] phase=0 rollout/transitions=8056832 safety/h_hard_min=4.46981 train/value_loss=4.36547 train/grad_norm=0.632351
[V25 PPO] phase=0 rollout/transitions=8060928 safety/h_hard_min=4.47162 train/value_loss=4.40867 train/grad_norm=0.664054
[V25 PPO] phase=0 rollout/transitions=8065024 safety/h_hard_min=4.47366 train/value_loss=4.56556 train/grad_norm=1.34188
[V25 PPO] phase=0 rollout/transitions=8069120 safety/h_hard_min=4.47328 train/value_loss=4.10615 train/grad_norm=1.18845
[V25 PPO] phase=0 rollout/transitions=8073216 safety/h_hard_min=4.47244 train/value_loss=3.59439 train/grad_norm=2.06392
[V25 PPO] phase=0 rollout/transitions=8077312 safety/h_hard_min=4.46953 train/value_loss=5.12837 train/grad_norm=1.30472
[V25 PPO] phase=0 rollout/transitions=8081408 safety/h_hard_min=4.47282 train/value_loss=4.89333 train/grad_norm=0.239726
[V25 PPO] phase=0 rollout/transitions=8085504 safety/h_hard_min=4.47146 train/value_loss=3.97905 train/grad_norm=1.42689
[V25 PPO] phase=0 rollout/transitions=8089600 safety/h_hard_min=4.47211 train/value_loss=4.1409 train/grad_norm=1.38861
[V25 PPO] phase=0 rollout/transitions=8093696 safety/h_hard_min=4.47284 train/value_loss=4.0061 train/grad_norm=0.929732
[V25 PPO] phase=0 rollout/transitions=8097792 safety/h_hard_min=4.47205 train/value_loss=4.07673 train/grad_norm=0.676362
[V25 PPO] phase=0 rollout/transitions=8101888 safety/h_hard_min=4.47269 train/value_loss=4.31818 train/grad_norm=4.37367
[V25 PPO] phase=0 rollout/transitions=8105984 safety/h_hard_min=4.47269 train/value_loss=3.61594 train/grad_norm=1.08292
[V25 PPO] phase=0 rollout/transitions=8110080 safety/h_hard_min=4.47208 train/value_loss=4.28491 train/grad_norm=0.281117
[V25 PPO] phase=0 rollout/transitions=8114176 safety/h_hard_min=4.47058 train/value_loss=4.11029 train/grad_norm=1.12975
[V25 PPO] phase=0 rollout/transitions=8118272 safety/h_hard_min=4.47224 train/value_loss=4.54355 train/grad_norm=0.560052
[V25 PPO] phase=0 rollout/transitions=8122368 safety/h_hard_min=4.47161 train/value_loss=4.96902 train/grad_norm=1.34986
[V25 PPO] phase=0 rollout/transitions=8126464 safety/h_hard_min=4.47361 train/value_loss=3.76526 train/grad_norm=1.70218
[V25 PPO] phase=0 rollout/transitions=8130560 safety/h_hard_min=4.47295 train/value_loss=4.15491 train/grad_norm=2.99134
[V25 PPO] phase=0 rollout/transitions=8134656 safety/h_hard_min=4.47219 train/value_loss=4.79741 train/grad_norm=2.09682
[V25 PPO] phase=0 rollout/transitions=8138752 safety/h_hard_min=4.47092 train/value_loss=3.83451 train/grad_norm=2.47507
[V25 PPO] phase=0 rollout/transitions=8142848 safety/h_hard_min=4.47401 train/value_loss=4.8418 train/grad_norm=1.13392
[V25 PPO] phase=0 rollout/transitions=8146944 safety/h_hard_min=4.47392 train/value_loss=5.66623 train/grad_norm=2.64227
[V25 PPO] phase=0 rollout/transitions=8151040 safety/h_hard_min=4.47248 train/value_loss=4.07801 train/grad_norm=0.754301
[V25 PPO] phase=0 rollout/transitions=8155136 safety/h_hard_min=4.4709 train/value_loss=4.28989 train/grad_norm=0.460078
[V25 PPO] phase=0 rollout/transitions=8159232 safety/h_hard_min=4.47262 train/value_loss=4.16698 train/grad_norm=2.67867
[V25 PPO] phase=0 rollout/transitions=8163328 safety/h_hard_min=4.47054 train/value_loss=3.92798 train/grad_norm=0.55674
[V25 PPO] phase=0 rollout/transitions=8167424 safety/h_hard_min=4.47181 train/value_loss=3.66962 train/grad_norm=0.660149
[V25 PPO] phase=0 rollout/transitions=8171520 safety/h_hard_min=4.47254 train/value_loss=3.47314 train/grad_norm=2.83025
[V25 PPO] phase=0 rollout/transitions=8175616 safety/h_hard_min=4.47164 train/value_loss=4.36297 train/grad_norm=1.65185
[V25 PPO] phase=0 rollout/transitions=8179712 safety/h_hard_min=4.47283 train/value_loss=4.49045 train/grad_norm=0.89954
[V25 PPO] phase=0 rollout/transitions=8183808 safety/h_hard_min=4.4732 train/value_loss=4.66698 train/grad_norm=1.20728
[V25 PPO] phase=0 rollout/transitions=8187904 safety/h_hard_min=4.47073 train/value_loss=3.56439 train/grad_norm=0.980913
[V25 PPO] phase=0 rollout/transitions=8192000 safety/h_hard_min=4.47155 train/value_loss=4.838 train/grad_norm=1.82329
[V25 PPO] phase=0 rollout/transitions=8196096 safety/h_hard_min=4.47148 train/value_loss=4.98145 train/grad_norm=1.41508
[V25 PPO] phase=0 rollout/transitions=8200192 safety/h_hard_min=4.47453 train/value_loss=4.62115 train/grad_norm=3.37256
[V25 PPO] phase=0 rollout/transitions=8204288 safety/h_hard_min=4.47102 train/value_loss=4.26586 train/grad_norm=1.26537
[V25 PPO] phase=0 rollout/transitions=8208384 safety/h_hard_min=4.4708 train/value_loss=4.6815 train/grad_norm=1.39305
[V25 PPO] phase=0 rollout/transitions=8212480 safety/h_hard_min=4.46912 train/value_loss=4.07212 train/grad_norm=1.02259
[V25 PPO] phase=0 rollout/transitions=8216576 safety/h_hard_min=4.47122 train/value_loss=4.18356 train/grad_norm=1.66634
[V25 PPO] phase=0 rollout/transitions=8220672 safety/h_hard_min=4.47255 train/value_loss=3.80436 train/grad_norm=1.62972
[V25 PPO] phase=0 rollout/transitions=8224768 safety/h_hard_min=4.47244 train/value_loss=4.76928 train/grad_norm=1.44497
[V25 PPO] phase=0 rollout/transitions=8228864 safety/h_hard_min=4.47283 train/value_loss=3.89825 train/grad_norm=0.659435
[V25 PPO] phase=0 rollout/transitions=8232960 safety/h_hard_min=4.47065 train/value_loss=4.62528 train/grad_norm=3.04536
[V25 PPO] phase=0 rollout/transitions=8237056 safety/h_hard_min=4.47016 train/value_loss=4.78023 train/grad_norm=1.18319
[V25 PPO] phase=0 rollout/transitions=8241152 safety/h_hard_min=4.47323 train/value_loss=4.57277 train/grad_norm=0.848032
[V25 PPO] phase=0 rollout/transitions=8245248 safety/h_hard_min=4.47085 train/value_loss=4.133 train/grad_norm=1.16232
[V25 PPO] phase=0 rollout/transitions=8249344 safety/h_hard_min=4.46757 train/value_loss=4.4214 train/grad_norm=1.53683
[V25 PPO] phase=0 rollout/transitions=8253440 safety/h_hard_min=4.4734 train/value_loss=4.32625 train/grad_norm=2.82712
[V25 PPO] phase=0 rollout/transitions=8257536 safety/h_hard_min=4.47107 train/value_loss=4.72624 train/grad_norm=1.49548
[V25 PPO] phase=0 rollout/transitions=8261632 safety/h_hard_min=4.47296 train/value_loss=4.65056 train/grad_norm=1.09239
[V25 PPO] phase=0 rollout/transitions=8265728 safety/h_hard_min=4.47076 train/value_loss=4.17443 train/grad_norm=2.12932
[V25 PPO] phase=0 rollout/transitions=8269824 safety/h_hard_min=4.47291 train/value_loss=3.48571 train/grad_norm=0.609018
[V25 PPO] phase=0 rollout/transitions=8273920 safety/h_hard_min=4.47194 train/value_loss=4.18605 train/grad_norm=0.556337
[V25 PPO] phase=0 rollout/transitions=8278016 safety/h_hard_min=4.47273 train/value_loss=4.29966 train/grad_norm=0.837212
[V25 PPO] phase=0 rollout/transitions=8282112 safety/h_hard_min=4.47264 train/value_loss=4.68954 train/grad_norm=1.90707
[V25 PPO] phase=0 rollout/transitions=8286208 safety/h_hard_min=4.4721 train/value_loss=4.26086 train/grad_norm=1.84988
[V25 PPO] phase=0 rollout/transitions=8290304 safety/h_hard_min=4.47159 train/value_loss=4.25674 train/grad_norm=0.255913
[V25 PPO] phase=0 rollout/transitions=8294400 safety/h_hard_min=4.47097 train/value_loss=4.65635 train/grad_norm=0.70144
[V25 PPO] phase=0 rollout/transitions=8298496 safety/h_hard_min=4.4726 train/value_loss=4.46042 train/grad_norm=1.67571
[V25 PPO] phase=0 rollout/transitions=8302592 safety/h_hard_min=4.47175 train/value_loss=4.8533 train/grad_norm=3.31561
[V25 PPO] phase=0 rollout/transitions=8306688 safety/h_hard_min=4.475 train/value_loss=3.71629 train/grad_norm=2.15331
[V25 PPO] phase=0 rollout/transitions=8310784 safety/h_hard_min=4.4711 train/value_loss=4.62563 train/grad_norm=1.38511
[V25 PPO] phase=0 rollout/transitions=8314880 safety/h_hard_min=4.47144 train/value_loss=4.79226 train/grad_norm=1.68871
[V25 PPO] phase=0 rollout/transitions=8318976 safety/h_hard_min=4.47132 train/value_loss=5.13419 train/grad_norm=2.19428
[V25 PPO] phase=0 rollout/transitions=8323072 safety/h_hard_min=4.4748 train/value_loss=4.69264 train/grad_norm=1.78063
[V25 PPO] phase=0 rollout/transitions=8327168 safety/h_hard_min=4.47261 train/value_loss=5.05975 train/grad_norm=1.3708
[V25 PPO] phase=0 rollout/transitions=8331264 safety/h_hard_min=4.47216 train/value_loss=4.51332 train/grad_norm=0.340822
[V25 PPO] phase=0 rollout/transitions=8335360 safety/h_hard_min=4.47364 train/value_loss=3.96391 train/grad_norm=2.27475
[V25 PPO] phase=0 rollout/transitions=8339456 safety/h_hard_min=4.47278 train/value_loss=3.97655 train/grad_norm=2.06074
[V25 PPO] phase=0 rollout/transitions=8343552 safety/h_hard_min=4.47356 train/value_loss=4.43899 train/grad_norm=1.97686
[V25 PPO] phase=0 rollout/transitions=8347648 safety/h_hard_min=4.47057 train/value_loss=4.12712 train/grad_norm=3.07168
[V25 PPO] phase=0 rollout/transitions=8351744 safety/h_hard_min=4.47142 train/value_loss=4.28236 train/grad_norm=1.74245
[V25 PPO] phase=0 rollout/transitions=8355840 safety/h_hard_min=4.47206 train/value_loss=4.57236 train/grad_norm=1.69929
[V25 PPO] phase=0 rollout/transitions=8359936 safety/h_hard_min=4.47334 train/value_loss=4.35033 train/grad_norm=1.28238
[V25 PPO] phase=0 rollout/transitions=8364032 safety/h_hard_min=4.47007 train/value_loss=4.34962 train/grad_norm=1.6192
[V25 PPO] phase=0 rollout/transitions=8368128 safety/h_hard_min=4.47287 train/value_loss=4.28946 train/grad_norm=1.10523
[V25 PPO] phase=0 rollout/transitions=8372224 safety/h_hard_min=4.47214 train/value_loss=4.01421 train/grad_norm=0.815318
[V25 PPO] phase=0 rollout/transitions=8376320 safety/h_hard_min=4.4728 train/value_loss=4.30593 train/grad_norm=4.7228
[V25 PPO] phase=0 rollout/transitions=8380416 safety/h_hard_min=4.47177 train/value_loss=5.1672 train/grad_norm=3.42352
[V25 PPO] phase=0 rollout/transitions=8384512 safety/h_hard_min=4.47324 train/value_loss=4.1312 train/grad_norm=2.11906
[V25 PPO] phase=0 rollout/transitions=8388608 safety/h_hard_min=4.47428 train/value_loss=3.81106 train/grad_norm=0.465138
[V25 PPO] phase=0 rollout/transitions=8392704 safety/h_hard_min=4.47267 train/value_loss=4.60521 train/grad_norm=0.864083
[V25 PPO] phase=0 rollout/transitions=8396800 safety/h_hard_min=4.4716 train/value_loss=4.70915 train/grad_norm=0.213254
[V25 PPO] phase=0 rollout/transitions=8400896 safety/h_hard_min=4.47266 train/value_loss=4.69844 train/grad_norm=3.22678
[V25 PPO] phase=0 rollout/transitions=8404992 safety/h_hard_min=4.47239 train/value_loss=4.82934 train/grad_norm=1.10351
[V25 PPO] phase=0 rollout/transitions=8409088 safety/h_hard_min=4.47232 train/value_loss=4.27801 train/grad_norm=0.735028
[V25 PPO] phase=0 rollout/transitions=8413184 safety/h_hard_min=4.47194 train/value_loss=4.3267 train/grad_norm=0.901427
[V25 PPO] phase=0 rollout/transitions=8417280 safety/h_hard_min=4.47327 train/value_loss=4.35606 train/grad_norm=0.772523
[V25 PPO] phase=0 rollout/transitions=8421376 safety/h_hard_min=4.47042 train/value_loss=4.00522 train/grad_norm=1.76803
[V25 PPO] phase=0 rollout/transitions=8425472 safety/h_hard_min=4.47276 train/value_loss=3.9024 train/grad_norm=1.6248
[V25 PPO] phase=0 rollout/transitions=8429568 safety/h_hard_min=4.47228 train/value_loss=4.05895 train/grad_norm=1.13246
[V25 PPO] phase=0 rollout/transitions=8433664 safety/h_hard_min=4.46879 train/value_loss=4.14534 train/grad_norm=0.555649
[V25 PPO] phase=0 rollout/transitions=8437760 safety/h_hard_min=4.47325 train/value_loss=4.28469 train/grad_norm=2.86723
[V25 PPO] phase=0 rollout/transitions=8441856 safety/h_hard_min=4.47479 train/value_loss=4.76826 train/grad_norm=0.476347
[V25 PPO] phase=0 rollout/transitions=8445952 safety/h_hard_min=4.47132 train/value_loss=4.10696 train/grad_norm=1.98408
[V25 PPO] phase=0 rollout/transitions=8450048 safety/h_hard_min=4.47038 train/value_loss=4.21189 train/grad_norm=1.8433
[V25 PPO] phase=0 rollout/transitions=8454144 safety/h_hard_min=4.47072 train/value_loss=4.54685 train/grad_norm=0.734102
[V25 PPO] phase=0 rollout/transitions=8458240 safety/h_hard_min=4.47379 train/value_loss=3.68592 train/grad_norm=2.78186
[V25 PPO] phase=0 rollout/transitions=8462336 safety/h_hard_min=4.47214 train/value_loss=4.83718 train/grad_norm=1.24562
[V25 PPO] phase=0 rollout/transitions=8466432 safety/h_hard_min=4.47363 train/value_loss=4.42565 train/grad_norm=0.775787
[V25 PPO] phase=0 rollout/transitions=8470528 safety/h_hard_min=4.4718 train/value_loss=4.07246 train/grad_norm=2.22016
[V25 PPO] phase=0 rollout/transitions=8474624 safety/h_hard_min=4.47335 train/value_loss=4.36483 train/grad_norm=0.787048
[V25 PPO] phase=0 rollout/transitions=8478720 safety/h_hard_min=4.46906 train/value_loss=4.19604 train/grad_norm=1.13361
[V25 PPO] phase=0 rollout/transitions=8482816 safety/h_hard_min=4.47089 train/value_loss=3.99517 train/grad_norm=0.930729
[V25 PPO] phase=0 rollout/transitions=8486912 safety/h_hard_min=4.47232 train/value_loss=3.78278 train/grad_norm=0.561066
[V25 PPO] phase=0 rollout/transitions=8491008 safety/h_hard_min=4.47238 train/value_loss=4.70566 train/grad_norm=4.04736
[V25 PPO] phase=0 rollout/transitions=8495104 safety/h_hard_min=4.47149 train/value_loss=4.05561 train/grad_norm=1.39448
[V25 PPO] phase=0 rollout/transitions=8499200 safety/h_hard_min=4.47096 train/value_loss=4.78472 train/grad_norm=0.893722
[V25 PPO] phase=0 rollout/transitions=8503296 safety/h_hard_min=4.4706 train/value_loss=4.48477 train/grad_norm=2.2373
[V25 PPO] phase=0 rollout/transitions=8507392 safety/h_hard_min=4.47057 train/value_loss=4.2524 train/grad_norm=0.880894
[V25 PPO] phase=0 rollout/transitions=8511488 safety/h_hard_min=4.4709 train/value_loss=4.53039 train/grad_norm=1.89376
[V25 PPO] phase=0 rollout/transitions=8515584 safety/h_hard_min=4.47331 train/value_loss=4.27694 train/grad_norm=2.90564
[V25 PPO] phase=0 rollout/transitions=8519680 safety/h_hard_min=4.47219 train/value_loss=4.65958 train/grad_norm=0.970914
[V25 PPO] phase=0 rollout/transitions=8523776 safety/h_hard_min=4.47459 train/value_loss=5.06857 train/grad_norm=0.516133
[V25 PPO] phase=0 rollout/transitions=8527872 safety/h_hard_min=4.47037 train/value_loss=4.66706 train/grad_norm=1.4898
[V25 PPO] phase=0 rollout/transitions=8531968 safety/h_hard_min=4.47353 train/value_loss=4.09826 train/grad_norm=0.255642
[V25 PPO] phase=0 rollout/transitions=8536064 safety/h_hard_min=4.47257 train/value_loss=4.18922 train/grad_norm=1.59221
[V25 PPO] phase=0 rollout/transitions=8540160 safety/h_hard_min=4.46908 train/value_loss=4.10315 train/grad_norm=1.1141
[V25 PPO] phase=0 rollout/transitions=8544256 safety/h_hard_min=4.47136 train/value_loss=4.41457 train/grad_norm=0.899097
[V25 PPO] phase=0 rollout/transitions=8548352 safety/h_hard_min=4.47367 train/value_loss=3.91824 train/grad_norm=2.02698
[V25 PPO] phase=0 rollout/transitions=8552448 safety/h_hard_min=4.47059 train/value_loss=4.72481 train/grad_norm=0.386048
[V25 PPO] phase=0 rollout/transitions=8556544 safety/h_hard_min=4.47148 train/value_loss=4.4669 train/grad_norm=0.700538
[V25 PPO] phase=0 rollout/transitions=8560640 safety/h_hard_min=4.46788 train/value_loss=4.52145 train/grad_norm=0.873413
[V25 PPO] phase=0 rollout/transitions=8564736 safety/h_hard_min=4.47257 train/value_loss=4.49628 train/grad_norm=1.30505
[V25 PPO] phase=0 rollout/transitions=8568832 safety/h_hard_min=4.47391 train/value_loss=4.77665 train/grad_norm=3.05078
[V25 PPO] phase=0 rollout/transitions=8572928 safety/h_hard_min=4.47226 train/value_loss=4.60744 train/grad_norm=1.57048
[V25 PPO] phase=0 rollout/transitions=8577024 safety/h_hard_min=4.47309 train/value_loss=4.47738 train/grad_norm=2.02049
[V25 PPO] phase=0 rollout/transitions=8581120 safety/h_hard_min=4.47298 train/value_loss=3.80437 train/grad_norm=3.9093
[V25 PPO] phase=0 rollout/transitions=8585216 safety/h_hard_min=4.47284 train/value_loss=4.50464 train/grad_norm=1.79415
[V25 PPO] phase=0 rollout/transitions=8589312 safety/h_hard_min=4.47036 train/value_loss=4.20396 train/grad_norm=2.28226
[V25 PPO] phase=0 rollout/transitions=8593408 safety/h_hard_min=4.47166 train/value_loss=4.66245 train/grad_norm=1.71379
[V25 PPO] phase=0 rollout/transitions=8597504 safety/h_hard_min=4.47074 train/value_loss=4.88387 train/grad_norm=1.64807
[V25 PPO] phase=0 rollout/transitions=8601600 safety/h_hard_min=4.47298 train/value_loss=5.00625 train/grad_norm=2.75273
[V25 PPO] phase=0 rollout/transitions=8605696 safety/h_hard_min=4.47353 train/value_loss=4.62312 train/grad_norm=2.73001
[V25 PPO] phase=0 rollout/transitions=8609792 safety/h_hard_min=4.47261 train/value_loss=4.39038 train/grad_norm=0.802861
[V25 PPO] phase=0 rollout/transitions=8613888 safety/h_hard_min=4.46893 train/value_loss=4.93366 train/grad_norm=1.98561
[V25 PPO] phase=0 rollout/transitions=8617984 safety/h_hard_min=4.47153 train/value_loss=4.60431 train/grad_norm=1.70809
[V25 PPO] phase=0 rollout/transitions=8622080 safety/h_hard_min=4.47219 train/value_loss=4.15886 train/grad_norm=2.51337
[V25 PPO] phase=0 rollout/transitions=8626176 safety/h_hard_min=4.47163 train/value_loss=5.30937 train/grad_norm=2.63101
[V25 PPO] phase=0 rollout/transitions=8630272 safety/h_hard_min=4.46992 train/value_loss=5.57638 train/grad_norm=1.5336
[V25 PPO] phase=0 rollout/transitions=8634368 safety/h_hard_min=4.47294 train/value_loss=4.35031 train/grad_norm=1.15989
[V25 PPO] phase=0 rollout/transitions=8638464 safety/h_hard_min=4.47335 train/value_loss=4.71906 train/grad_norm=2.28555
[V25 PPO] phase=0 rollout/transitions=8642560 safety/h_hard_min=4.4727 train/value_loss=4.67908 train/grad_norm=0.419825
[V25 PPO] phase=0 rollout/transitions=8646656 safety/h_hard_min=4.47266 train/value_loss=4.48799 train/grad_norm=0.780711
[V25 PPO] phase=0 rollout/transitions=8650752 safety/h_hard_min=4.47261 train/value_loss=3.73243 train/grad_norm=0.34759
[V25 PPO] phase=0 rollout/transitions=8654848 safety/h_hard_min=4.47118 train/value_loss=4.64165 train/grad_norm=2.20938
[V25 PPO] phase=0 rollout/transitions=8658944 safety/h_hard_min=4.47259 train/value_loss=4.73989 train/grad_norm=0.544041
[V25 PPO] phase=0 rollout/transitions=8663040 safety/h_hard_min=4.47304 train/value_loss=4.81534 train/grad_norm=1.66994
[V25 PPO] phase=0 rollout/transitions=8667136 safety/h_hard_min=4.47242 train/value_loss=4.85623 train/grad_norm=4.62259
[V25 PPO] phase=0 rollout/transitions=8671232 safety/h_hard_min=4.47338 train/value_loss=4.21167 train/grad_norm=0.812137
[V25 PPO] phase=0 rollout/transitions=8675328 safety/h_hard_min=4.47219 train/value_loss=5.28055 train/grad_norm=2.01559
[V25 PPO] phase=0 rollout/transitions=8679424 safety/h_hard_min=4.47094 train/value_loss=4.4952 train/grad_norm=1.99533
[V25 PPO] phase=0 rollout/transitions=8683520 safety/h_hard_min=4.4723 train/value_loss=4.92296 train/grad_norm=2.33789
[V25 PPO] phase=0 rollout/transitions=8687616 safety/h_hard_min=4.47359 train/value_loss=4.22918 train/grad_norm=0.260867
[V25 PPO] phase=0 rollout/transitions=8691712 safety/h_hard_min=4.47285 train/value_loss=4.74775 train/grad_norm=2.46847
[V25 PPO] phase=0 rollout/transitions=8695808 safety/h_hard_min=4.4711 train/value_loss=4.30618 train/grad_norm=0.685348
[V25 PPO] phase=0 rollout/transitions=8699904 safety/h_hard_min=4.47148 train/value_loss=5.23374 train/grad_norm=1.40041
[V25 PPO] phase=0 rollout/transitions=8704000 safety/h_hard_min=4.47093 train/value_loss=3.67579 train/grad_norm=1.10522
[V25 PPO] phase=0 rollout/transitions=8708096 safety/h_hard_min=4.47037 train/value_loss=4.08485 train/grad_norm=1.02676
[V25 PPO] phase=0 rollout/transitions=8712192 safety/h_hard_min=4.47185 train/value_loss=4.47274 train/grad_norm=2.90871
[V25 PPO] phase=0 rollout/transitions=8716288 safety/h_hard_min=4.47259 train/value_loss=3.99413 train/grad_norm=0.73168
[V25 PPO] phase=0 rollout/transitions=8720384 safety/h_hard_min=4.47013 train/value_loss=3.91669 train/grad_norm=0.803019
[V25 PPO] phase=0 rollout/transitions=8724480 safety/h_hard_min=4.47378 train/value_loss=4.65028 train/grad_norm=2.36237
[V25 PPO] phase=0 rollout/transitions=8728576 safety/h_hard_min=4.47316 train/value_loss=5.21179 train/grad_norm=1.46215
[V25 PPO] phase=0 rollout/transitions=8732672 safety/h_hard_min=4.47043 train/value_loss=4.39765 train/grad_norm=1.81999
[V25 PPO] phase=0 rollout/transitions=8736768 safety/h_hard_min=4.47082 train/value_loss=3.75143 train/grad_norm=1.59528
[V25 PPO] phase=0 rollout/transitions=8740864 safety/h_hard_min=4.47046 train/value_loss=4.39543 train/grad_norm=4.86951
[V25 PPO] phase=0 rollout/transitions=8744960 safety/h_hard_min=4.47231 train/value_loss=4.14714 train/grad_norm=0.618075
[V25 PPO] phase=0 rollout/transitions=8749056 safety/h_hard_min=4.47174 train/value_loss=4.36537 train/grad_norm=0.897412
[V25 PPO] phase=0 rollout/transitions=8753152 safety/h_hard_min=4.46849 train/value_loss=4.96372 train/grad_norm=2.8904
[V25 PPO] phase=0 rollout/transitions=8757248 safety/h_hard_min=4.4698 train/value_loss=4.54813 train/grad_norm=0.652032
[V25 PPO] phase=0 rollout/transitions=8761344 safety/h_hard_min=4.47003 train/value_loss=3.74503 train/grad_norm=3.59491
[V25 PPO] phase=0 rollout/transitions=8765440 safety/h_hard_min=4.4688 train/value_loss=4.6438 train/grad_norm=2.98893
[V25 PPO] phase=0 rollout/transitions=8769536 safety/h_hard_min=4.47095 train/value_loss=4.80887 train/grad_norm=1.21407
[V25 PPO] phase=0 rollout/transitions=8773632 safety/h_hard_min=4.4718 train/value_loss=5.2045 train/grad_norm=2.55209
[V25 PPO] phase=0 rollout/transitions=8777728 safety/h_hard_min=4.47415 train/value_loss=4.48863 train/grad_norm=0.820398
[V25 PPO] phase=0 rollout/transitions=8781824 safety/h_hard_min=4.47313 train/value_loss=4.17033 train/grad_norm=1.18129
[V25 PPO] phase=0 rollout/transitions=8785920 safety/h_hard_min=4.4722 train/value_loss=4.85407 train/grad_norm=3.14512
[V25 PPO] phase=0 rollout/transitions=8790016 safety/h_hard_min=4.46948 train/value_loss=4.32119 train/grad_norm=0.651835
[V25 PPO] phase=0 rollout/transitions=8794112 safety/h_hard_min=4.47173 train/value_loss=4.53747 train/grad_norm=0.674796
[V25 PPO] phase=0 rollout/transitions=8798208 safety/h_hard_min=4.47261 train/value_loss=4.7512 train/grad_norm=0.515073
[V25 PPO] phase=0 rollout/transitions=8802304 safety/h_hard_min=4.46938 train/value_loss=4.78177 train/grad_norm=1.90904
[V25 PPO] phase=0 rollout/transitions=8806400 safety/h_hard_min=4.471 train/value_loss=3.69019 train/grad_norm=1.52458
[V25 PPO] phase=0 rollout/transitions=8810496 safety/h_hard_min=4.47133 train/value_loss=4.5663 train/grad_norm=0.910982
[V25 PPO] phase=0 rollout/transitions=8814592 safety/h_hard_min=4.47021 train/value_loss=4.9381 train/grad_norm=0.750332
[V25 PPO] phase=0 rollout/transitions=8818688 safety/h_hard_min=4.47293 train/value_loss=4.90376 train/grad_norm=0.459514
[V25 PPO] phase=0 rollout/transitions=8822784 safety/h_hard_min=4.47222 train/value_loss=3.59996 train/grad_norm=0.760804
[V25 PPO] phase=0 rollout/transitions=8826880 safety/h_hard_min=4.47171 train/value_loss=5.19188 train/grad_norm=1.06431
[V25 PPO] phase=0 rollout/transitions=8830976 safety/h_hard_min=4.47394 train/value_loss=4.81205 train/grad_norm=2.51113
[V25 PPO] phase=0 rollout/transitions=8835072 safety/h_hard_min=4.4742 train/value_loss=4.44644 train/grad_norm=0.259495
[V25 PPO] phase=0 rollout/transitions=8839168 safety/h_hard_min=4.47095 train/value_loss=5.08579 train/grad_norm=1.40807
[V25 PPO] phase=0 rollout/transitions=8843264 safety/h_hard_min=4.47194 train/value_loss=4.71875 train/grad_norm=2.84501
[V25 PPO] phase=0 rollout/transitions=8847360 safety/h_hard_min=4.47149 train/value_loss=5.23158 train/grad_norm=1.44433
[V25 PPO] phase=0 rollout/transitions=8851456 safety/h_hard_min=4.47047 train/value_loss=4.88677 train/grad_norm=1.01593
[V25 PPO] phase=0 rollout/transitions=8855552 safety/h_hard_min=4.47453 train/value_loss=4.26264 train/grad_norm=2.15028
[V25 PPO] phase=0 rollout/transitions=8859648 safety/h_hard_min=4.47092 train/value_loss=4.29539 train/grad_norm=2.35207
[V25 PPO] phase=0 rollout/transitions=8863744 safety/h_hard_min=4.47281 train/value_loss=4.56345 train/grad_norm=0.933702
[V25 PPO] phase=0 rollout/transitions=8867840 safety/h_hard_min=4.47265 train/value_loss=4.92153 train/grad_norm=1.70563
[V25 PPO] phase=0 rollout/transitions=8871936 safety/h_hard_min=4.47205 train/value_loss=4.09619 train/grad_norm=0.976301
[V25 PPO] phase=0 rollout/transitions=8876032 safety/h_hard_min=4.4711 train/value_loss=4.20627 train/grad_norm=1.48891
[V25 PPO] phase=0 rollout/transitions=8880128 safety/h_hard_min=4.4733 train/value_loss=4.11348 train/grad_norm=0.491019
[V25 PPO] phase=0 rollout/transitions=8884224 safety/h_hard_min=4.47158 train/value_loss=4.43368 train/grad_norm=0.685674
[V25 PPO] phase=0 rollout/transitions=8888320 safety/h_hard_min=4.47377 train/value_loss=3.54019 train/grad_norm=1.00394
[V25 PPO] phase=0 rollout/transitions=8892416 safety/h_hard_min=4.47166 train/value_loss=4.3549 train/grad_norm=0.371768
[V25 PPO] phase=0 rollout/transitions=8896512 safety/h_hard_min=4.47185 train/value_loss=4.81992 train/grad_norm=2.53795
[V25 PPO] phase=0 rollout/transitions=8900608 safety/h_hard_min=4.47005 train/value_loss=4.22551 train/grad_norm=0.200649
[V25 PPO] phase=0 rollout/transitions=8904704 safety/h_hard_min=4.46945 train/value_loss=4.91458 train/grad_norm=1.30025
[V25 PPO] phase=0 rollout/transitions=8908800 safety/h_hard_min=4.47382 train/value_loss=3.94088 train/grad_norm=2.99005
[V25 PPO] phase=0 rollout/transitions=8912896 safety/h_hard_min=4.4695 train/value_loss=4.43776 train/grad_norm=0.504098
[V25 PPO] phase=0 rollout/transitions=8916992 safety/h_hard_min=4.46817 train/value_loss=5.18524 train/grad_norm=4.69951
[V25 PPO] phase=0 rollout/transitions=8921088 safety/h_hard_min=4.47 train/value_loss=4.67042 train/grad_norm=1.21817
[V25 PPO] phase=0 rollout/transitions=8925184 safety/h_hard_min=4.47303 train/value_loss=4.40437 train/grad_norm=1.49839
[V25 PPO] phase=0 rollout/transitions=8929280 safety/h_hard_min=4.47136 train/value_loss=4.70663 train/grad_norm=2.45893
[V25 PPO] phase=0 rollout/transitions=8933376 safety/h_hard_min=4.47288 train/value_loss=4.68551 train/grad_norm=0.530706
[V25 PPO] phase=0 rollout/transitions=8937472 safety/h_hard_min=4.47154 train/value_loss=4.15863 train/grad_norm=2.59272
[V25 PPO] phase=0 rollout/transitions=8941568 safety/h_hard_min=4.47074 train/value_loss=4.43553 train/grad_norm=1.51441
[V25 PPO] phase=0 rollout/transitions=8945664 safety/h_hard_min=4.47214 train/value_loss=4.21004 train/grad_norm=0.774866
[V25 PPO] phase=0 rollout/transitions=8949760 safety/h_hard_min=4.47466 train/value_loss=4.99447 train/grad_norm=1.19224
[V25 PPO] phase=0 rollout/transitions=8953856 safety/h_hard_min=4.46879 train/value_loss=3.91659 train/grad_norm=0.432362
[V25 PPO] phase=0 rollout/transitions=8957952 safety/h_hard_min=4.47093 train/value_loss=4.03444 train/grad_norm=2.406
[V25 PPO] phase=0 rollout/transitions=8962048 safety/h_hard_min=4.47069 train/value_loss=3.79346 train/grad_norm=0.985812
[V25 PPO] phase=0 rollout/transitions=8966144 safety/h_hard_min=4.47429 train/value_loss=4.87462 train/grad_norm=1.32603
[V25 PPO] phase=0 rollout/transitions=8970240 safety/h_hard_min=4.47303 train/value_loss=4.37739 train/grad_norm=2.19703
[V25 PPO] phase=0 rollout/transitions=8974336 safety/h_hard_min=4.46899 train/value_loss=4.15787 train/grad_norm=0.413418
[V25 PPO] phase=0 rollout/transitions=8978432 safety/h_hard_min=4.47118 train/value_loss=4.32747 train/grad_norm=0.86314
[V25 PPO] phase=0 rollout/transitions=8982528 safety/h_hard_min=4.46997 train/value_loss=4.96483 train/grad_norm=0.550714
[V25 PPO] phase=0 rollout/transitions=8986624 safety/h_hard_min=4.47242 train/value_loss=4.47572 train/grad_norm=0.395021
[V25 PPO] phase=0 rollout/transitions=8990720 safety/h_hard_min=4.47288 train/value_loss=4.91833 train/grad_norm=2.6206
[V25 PPO] phase=0 rollout/transitions=8994816 safety/h_hard_min=4.47182 train/value_loss=4.56379 train/grad_norm=0.843935
[V25 PPO] phase=0 rollout/transitions=8998912 safety/h_hard_min=4.47311 train/value_loss=4.3027 train/grad_norm=2.14866
[V25 PPO] phase=0 rollout/transitions=9003008 safety/h_hard_min=4.47321 train/value_loss=5.05838 train/grad_norm=1.1016
[V25 PPO] phase=0 rollout/transitions=9007104 safety/h_hard_min=4.47235 train/value_loss=3.97172 train/grad_norm=0.459743
[V25 PPO] phase=0 rollout/transitions=9011200 safety/h_hard_min=4.47121 train/value_loss=4.79949 train/grad_norm=1.15937
[V25 PPO] phase=0 rollout/transitions=9015296 safety/h_hard_min=4.46677 train/value_loss=3.64367 train/grad_norm=2.35319
[V25 PPO] phase=0 rollout/transitions=9019392 safety/h_hard_min=4.47109 train/value_loss=6.17643 train/grad_norm=1.06934
[V25 PPO] phase=0 rollout/transitions=9023488 safety/h_hard_min=4.4714 train/value_loss=4.07853 train/grad_norm=2.05972
[V25 PPO] phase=0 rollout/transitions=9027584 safety/h_hard_min=4.47241 train/value_loss=4.08348 train/grad_norm=2.09125
[V25 PPO] phase=0 rollout/transitions=9031680 safety/h_hard_min=4.47284 train/value_loss=4.07598 train/grad_norm=0.112578
[V25 PPO] phase=0 rollout/transitions=9035776 safety/h_hard_min=4.47356 train/value_loss=4.25485 train/grad_norm=0.904508
[V25 PPO] phase=0 rollout/transitions=9039872 safety/h_hard_min=4.47339 train/value_loss=4.38508 train/grad_norm=1.03315
[V25 PPO] phase=0 rollout/transitions=9043968 safety/h_hard_min=4.4724 train/value_loss=4.23506 train/grad_norm=2.20645
[V25 PPO] phase=0 rollout/transitions=9048064 safety/h_hard_min=4.47315 train/value_loss=5.04001 train/grad_norm=3.24571
[V25 PPO] phase=0 rollout/transitions=9052160 safety/h_hard_min=4.47394 train/value_loss=4.351 train/grad_norm=1.03197
[V25 PPO] phase=0 rollout/transitions=9056256 safety/h_hard_min=4.47104 train/value_loss=4.87888 train/grad_norm=2.6615
[V25 PPO] phase=0 rollout/transitions=9060352 safety/h_hard_min=4.47152 train/value_loss=4.43037 train/grad_norm=2.94633
[V25 PPO] phase=0 rollout/transitions=9064448 safety/h_hard_min=4.46883 train/value_loss=4.44234 train/grad_norm=3.3589
[V25 PPO] phase=0 rollout/transitions=9068544 safety/h_hard_min=4.472 train/value_loss=4.58394 train/grad_norm=0.425778
[V25 PPO] phase=0 rollout/transitions=9072640 safety/h_hard_min=4.47302 train/value_loss=4.25258 train/grad_norm=1.8129
[V25 PPO] phase=0 rollout/transitions=9076736 safety/h_hard_min=4.47129 train/value_loss=4.7019 train/grad_norm=2.42265
[V25 PPO] phase=0 rollout/transitions=9080832 safety/h_hard_min=4.47505 train/value_loss=3.87701 train/grad_norm=0.405351
[V25 PPO] phase=0 rollout/transitions=9084928 safety/h_hard_min=4.47265 train/value_loss=5.01358 train/grad_norm=3.65721
[V25 PPO] phase=0 rollout/transitions=9089024 safety/h_hard_min=4.4731 train/value_loss=3.94666 train/grad_norm=0.576983
[V25 PPO] phase=0 rollout/transitions=9093120 safety/h_hard_min=4.47379 train/value_loss=4.57625 train/grad_norm=0.509398
[V25 PPO] phase=0 rollout/transitions=9097216 safety/h_hard_min=4.47328 train/value_loss=4.5183 train/grad_norm=0.281884
[V25 PPO] phase=0 rollout/transitions=9101312 safety/h_hard_min=4.47351 train/value_loss=4.91789 train/grad_norm=1.76014
[V25 PPO] phase=0 rollout/transitions=9105408 safety/h_hard_min=4.47206 train/value_loss=4.42591 train/grad_norm=2.43843
[V25 PPO] phase=0 rollout/transitions=9109504 safety/h_hard_min=4.4733 train/value_loss=4.21769 train/grad_norm=0.350627
[V25 PPO] phase=0 rollout/transitions=9113600 safety/h_hard_min=4.47194 train/value_loss=5.08347 train/grad_norm=1.50442
[V25 PPO] phase=0 rollout/transitions=9117696 safety/h_hard_min=4.4728 train/value_loss=4.94449 train/grad_norm=0.574858
[V25 PPO] phase=0 rollout/transitions=9121792 safety/h_hard_min=4.47115 train/value_loss=3.96332 train/grad_norm=2.13618
[V25 PPO] phase=0 rollout/transitions=9125888 safety/h_hard_min=4.47239 train/value_loss=3.51033 train/grad_norm=2.47208
[V25 PPO] phase=0 rollout/transitions=9129984 safety/h_hard_min=4.47179 train/value_loss=5.17797 train/grad_norm=0.524753
[V25 PPO] phase=0 rollout/transitions=9134080 safety/h_hard_min=4.47227 train/value_loss=4.96785 train/grad_norm=0.981395
[V25 PPO] phase=0 rollout/transitions=9138176 safety/h_hard_min=4.47354 train/value_loss=4.66045 train/grad_norm=0.47651
[V25 PPO] phase=0 rollout/transitions=9142272 safety/h_hard_min=4.47315 train/value_loss=5.05727 train/grad_norm=1.08956
[V25 PPO] phase=0 rollout/transitions=9146368 safety/h_hard_min=4.47166 train/value_loss=5.64132 train/grad_norm=3.06372
[V25 PPO] phase=0 rollout/transitions=9150464 safety/h_hard_min=4.47102 train/value_loss=4.63271 train/grad_norm=0.865352
[V25 PPO] phase=0 rollout/transitions=9154560 safety/h_hard_min=4.47163 train/value_loss=4.55436 train/grad_norm=3.31185
[V25 PPO] phase=0 rollout/transitions=9158656 safety/h_hard_min=4.47406 train/value_loss=3.68554 train/grad_norm=0.997893
[V25 PPO] phase=0 rollout/transitions=9162752 safety/h_hard_min=4.47338 train/value_loss=3.63654 train/grad_norm=1.1346
[V25 PPO] phase=0 rollout/transitions=9166848 safety/h_hard_min=4.47259 train/value_loss=4.58531 train/grad_norm=0.711925
[V25 PPO] phase=0 rollout/transitions=9170944 safety/h_hard_min=4.47214 train/value_loss=4.66601 train/grad_norm=0.39199
[V25 PPO] phase=0 rollout/transitions=9175040 safety/h_hard_min=4.47146 train/value_loss=4.47357 train/grad_norm=1.73894
[V25 PPO] phase=0 rollout/transitions=9179136 safety/h_hard_min=4.47117 train/value_loss=4.55969 train/grad_norm=0.392669
[V25 PPO] phase=0 rollout/transitions=9183232 safety/h_hard_min=4.47044 train/value_loss=4.34985 train/grad_norm=1.68142
[V25 PPO] phase=0 rollout/transitions=9187328 safety/h_hard_min=4.47182 train/value_loss=4.58004 train/grad_norm=0.573969
[V25 PPO] phase=0 rollout/transitions=9191424 safety/h_hard_min=4.4716 train/value_loss=4.59713 train/grad_norm=0.889011
[V25 PPO] phase=0 rollout/transitions=9195520 safety/h_hard_min=4.4717 train/value_loss=4.15585 train/grad_norm=2.30309
[V25 PPO] phase=0 rollout/transitions=9199616 safety/h_hard_min=4.47285 train/value_loss=4.00334 train/grad_norm=0.416792
[V25 PPO] phase=0 rollout/transitions=9203712 safety/h_hard_min=4.47171 train/value_loss=4.2484 train/grad_norm=0.546416
[V25 PPO] phase=0 rollout/transitions=9207808 safety/h_hard_min=4.47179 train/value_loss=4.62577 train/grad_norm=2.10687
[V25 PPO] phase=0 rollout/transitions=9211904 safety/h_hard_min=4.47171 train/value_loss=4.2615 train/grad_norm=0.597494
[V25 PPO] phase=0 rollout/transitions=9216000 safety/h_hard_min=4.47226 train/value_loss=5.04521 train/grad_norm=1.85091
[V25 PPO] phase=0 rollout/transitions=9220096 safety/h_hard_min=4.47069 train/value_loss=4.53015 train/grad_norm=3.54618
[V25 PPO] phase=0 rollout/transitions=9224192 safety/h_hard_min=4.47216 train/value_loss=4.13619 train/grad_norm=1.66697
[V25 PPO] phase=0 rollout/transitions=9228288 safety/h_hard_min=4.47238 train/value_loss=4.8407 train/grad_norm=1.28743
[V25 PPO] phase=0 rollout/transitions=9232384 safety/h_hard_min=4.47271 train/value_loss=5.04023 train/grad_norm=2.88277
[V25 PPO] phase=0 rollout/transitions=9236480 safety/h_hard_min=4.47102 train/value_loss=4.81606 train/grad_norm=2.5242
[V25 PPO] phase=0 rollout/transitions=9240576 safety/h_hard_min=4.47292 train/value_loss=5.02404 train/grad_norm=2.48391
[V25 PPO] phase=0 rollout/transitions=9244672 safety/h_hard_min=4.47373 train/value_loss=5.14644 train/grad_norm=1.92341
[V25 PPO] phase=0 rollout/transitions=9248768 safety/h_hard_min=4.47326 train/value_loss=4.85331 train/grad_norm=1.92523
[V25 PPO] phase=0 rollout/transitions=9252864 safety/h_hard_min=4.47221 train/value_loss=5.47431 train/grad_norm=3.10498
[V25 PPO] phase=0 rollout/transitions=9256960 safety/h_hard_min=4.47311 train/value_loss=4.00884 train/grad_norm=2.20434
[V25 PPO] phase=0 rollout/transitions=9261056 safety/h_hard_min=4.47193 train/value_loss=5.11134 train/grad_norm=2.75209
[V25 PPO] phase=0 rollout/transitions=9265152 safety/h_hard_min=4.47107 train/value_loss=4.44516 train/grad_norm=1.20765
[V25 PPO] phase=0 rollout/transitions=9269248 safety/h_hard_min=4.47284 train/value_loss=4.50807 train/grad_norm=0.658804
[V25 PPO] phase=0 rollout/transitions=9273344 safety/h_hard_min=4.47135 train/value_loss=4.77627 train/grad_norm=3.93147
[V25 PPO] phase=0 rollout/transitions=9277440 safety/h_hard_min=4.4691 train/value_loss=4.46795 train/grad_norm=2.77432
[V25 PPO] phase=0 rollout/transitions=9281536 safety/h_hard_min=4.4723 train/value_loss=4.42263 train/grad_norm=2.4061
[V25 PPO] phase=0 rollout/transitions=9285632 safety/h_hard_min=4.4712 train/value_loss=3.98657 train/grad_norm=2.57735
[V25 PPO] phase=0 rollout/transitions=9289728 safety/h_hard_min=4.46972 train/value_loss=4.46679 train/grad_norm=1.84272
[V25 PPO] phase=0 rollout/transitions=9293824 safety/h_hard_min=4.47259 train/value_loss=4.62087 train/grad_norm=0.502015
[V25 PPO] phase=0 rollout/transitions=9297920 safety/h_hard_min=4.47202 train/value_loss=4.956 train/grad_norm=1.85463
[V25 PPO] phase=0 rollout/transitions=9302016 safety/h_hard_min=4.4697 train/value_loss=4.39737 train/grad_norm=1.80231
[V25 PPO] phase=0 rollout/transitions=9306112 safety/h_hard_min=4.47218 train/value_loss=4.51898 train/grad_norm=1.72374
[V25 PPO] phase=0 rollout/transitions=9310208 safety/h_hard_min=4.47156 train/value_loss=4.89603 train/grad_norm=1.4723
[V25 PPO] phase=0 rollout/transitions=9314304 safety/h_hard_min=4.47108 train/value_loss=5.17032 train/grad_norm=0.49918
[V25 PPO] phase=0 rollout/transitions=9318400 safety/h_hard_min=4.47092 train/value_loss=5.3379 train/grad_norm=2.16247
[V25 PPO] phase=0 rollout/transitions=9322496 safety/h_hard_min=4.47154 train/value_loss=4.88883 train/grad_norm=0.874853
[V25 PPO] phase=0 rollout/transitions=9326592 safety/h_hard_min=4.4733 train/value_loss=4.44637 train/grad_norm=0.998182
[V25 PPO] phase=0 rollout/transitions=9330688 safety/h_hard_min=4.47418 train/value_loss=3.61152 train/grad_norm=2.29927
[V25 PPO] phase=0 rollout/transitions=9334784 safety/h_hard_min=4.46953 train/value_loss=3.89084 train/grad_norm=0.570842
[V25 PPO] phase=0 rollout/transitions=9338880 safety/h_hard_min=4.47241 train/value_loss=4.13266 train/grad_norm=2.50753
[V25 PPO] phase=0 rollout/transitions=9342976 safety/h_hard_min=4.47422 train/value_loss=4.67243 train/grad_norm=1.21386
[V25 PPO] phase=0 rollout/transitions=9347072 safety/h_hard_min=4.47216 train/value_loss=4.27169 train/grad_norm=1.13318
[V25 PPO] phase=0 rollout/transitions=9351168 safety/h_hard_min=4.47371 train/value_loss=4.80771 train/grad_norm=0.937474
[V25 PPO] phase=0 rollout/transitions=9355264 safety/h_hard_min=4.47204 train/value_loss=5.35679 train/grad_norm=0.592375
[V25 PPO] phase=0 rollout/transitions=9359360 safety/h_hard_min=4.47349 train/value_loss=4.29162 train/grad_norm=1.04106
[V25 PPO] phase=0 rollout/transitions=9363456 safety/h_hard_min=4.47111 train/value_loss=4.28569 train/grad_norm=1.89712
[V25 PPO] phase=0 rollout/transitions=9367552 safety/h_hard_min=4.47193 train/value_loss=4.35214 train/grad_norm=0.31981
[V25 PPO] phase=0 rollout/transitions=9371648 safety/h_hard_min=4.47189 train/value_loss=4.3522 train/grad_norm=2.19905
[V25 PPO] phase=0 rollout/transitions=9375744 safety/h_hard_min=4.47166 train/value_loss=4.27952 train/grad_norm=1.18958
[V25 PPO] phase=0 rollout/transitions=9379840 safety/h_hard_min=4.47014 train/value_loss=4.49668 train/grad_norm=0.514624
[V25 PPO] phase=0 rollout/transitions=9383936 safety/h_hard_min=4.47296 train/value_loss=5.70004 train/grad_norm=0.657438
[V25 PPO] phase=0 rollout/transitions=9388032 safety/h_hard_min=4.4703 train/value_loss=5.03935 train/grad_norm=0.736525
[V25 PPO] phase=0 rollout/transitions=9392128 safety/h_hard_min=4.47355 train/value_loss=4.33343 train/grad_norm=0.719048
[V25 PPO] phase=0 rollout/transitions=9396224 safety/h_hard_min=4.47321 train/value_loss=5.01988 train/grad_norm=1.43683
[V25 PPO] phase=0 rollout/transitions=9400320 safety/h_hard_min=4.47409 train/value_loss=4.49298 train/grad_norm=0.965844
[V25 PPO] phase=0 rollout/transitions=9404416 safety/h_hard_min=4.47376 train/value_loss=5.56872 train/grad_norm=1.74994
[V25 PPO] phase=0 rollout/transitions=9408512 safety/h_hard_min=4.47298 train/value_loss=4.96961 train/grad_norm=1.74463
[V25 PPO] phase=0 rollout/transitions=9412608 safety/h_hard_min=4.47132 train/value_loss=5.67896 train/grad_norm=1.2965
[V25 PPO] phase=0 rollout/transitions=9416704 safety/h_hard_min=4.47184 train/value_loss=4.34441 train/grad_norm=4.4373
[V25 PPO] phase=0 rollout/transitions=9420800 safety/h_hard_min=4.47201 train/value_loss=5.08629 train/grad_norm=0.156461
[V25 PPO] phase=0 rollout/transitions=9424896 safety/h_hard_min=4.4689 train/value_loss=4.49278 train/grad_norm=2.28691
[V25 PPO] phase=0 rollout/transitions=9428992 safety/h_hard_min=4.47226 train/value_loss=4.47822 train/grad_norm=1.32648
[V25 PPO] phase=0 rollout/transitions=9433088 safety/h_hard_min=4.47201 train/value_loss=3.79281 train/grad_norm=1.05613
[V25 PPO] phase=0 rollout/transitions=9437184 safety/h_hard_min=4.4712 train/value_loss=4.55715 train/grad_norm=1.3252
[V25 PPO] phase=0 rollout/transitions=9441280 safety/h_hard_min=4.47149 train/value_loss=4.39727 train/grad_norm=1.13677
[V25 PPO] phase=0 rollout/transitions=9445376 safety/h_hard_min=4.47278 train/value_loss=4.21633 train/grad_norm=2.93194
[V25 PPO] phase=0 rollout/transitions=9449472 safety/h_hard_min=4.47438 train/value_loss=5.18254 train/grad_norm=1.28265
[V25 PPO] phase=0 rollout/transitions=9453568 safety/h_hard_min=4.47429 train/value_loss=4.36515 train/grad_norm=1.00373
[V25 PPO] phase=0 rollout/transitions=9457664 safety/h_hard_min=4.47212 train/value_loss=5.14038 train/grad_norm=0.900276
[V25 PPO] phase=0 rollout/transitions=9461760 safety/h_hard_min=4.47134 train/value_loss=4.36024 train/grad_norm=1.30443
[V25 PPO] phase=0 rollout/transitions=9465856 safety/h_hard_min=4.4714 train/value_loss=4.84415 train/grad_norm=2.55876
[V25 PPO] phase=0 rollout/transitions=9469952 safety/h_hard_min=4.47322 train/value_loss=4.41359 train/grad_norm=1.5353
[V25 PPO] phase=0 rollout/transitions=9474048 safety/h_hard_min=4.47283 train/value_loss=5.41048 train/grad_norm=1.52606
[V25 PPO] phase=0 rollout/transitions=9478144 safety/h_hard_min=4.47197 train/value_loss=5.36709 train/grad_norm=0.87894
[V25 PPO] phase=0 rollout/transitions=9482240 safety/h_hard_min=4.47218 train/value_loss=4.41148 train/grad_norm=1.62343
[V25 PPO] phase=0 rollout/transitions=9486336 safety/h_hard_min=4.47302 train/value_loss=4.88652 train/grad_norm=1.08961
[V25 PPO] phase=0 rollout/transitions=9490432 safety/h_hard_min=4.47282 train/value_loss=4.83339 train/grad_norm=1.49903
[V25 PPO] phase=0 rollout/transitions=9494528 safety/h_hard_min=4.47344 train/value_loss=4.58992 train/grad_norm=1.7039
[V25 PPO] phase=0 rollout/transitions=9498624 safety/h_hard_min=4.46933 train/value_loss=4.76946 train/grad_norm=1.62554
[V25 PPO] phase=0 rollout/transitions=9502720 safety/h_hard_min=4.4715 train/value_loss=4.11413 train/grad_norm=1.99924
[V25 PPO] phase=0 rollout/transitions=9506816 safety/h_hard_min=4.47259 train/value_loss=4.5903 train/grad_norm=1.57075
[V25 PPO] phase=0 rollout/transitions=9510912 safety/h_hard_min=4.47269 train/value_loss=4.69973 train/grad_norm=1.62403
[V25 PPO] phase=0 rollout/transitions=9515008 safety/h_hard_min=4.47178 train/value_loss=4.78504 train/grad_norm=1.93269
[V25 PPO] phase=0 rollout/transitions=9519104 safety/h_hard_min=4.47268 train/value_loss=4.80933 train/grad_norm=0.313174
[V25 PPO] phase=0 rollout/transitions=9523200 safety/h_hard_min=4.47296 train/value_loss=4.10353 train/grad_norm=1.099
[V25 PPO] phase=0 rollout/transitions=9527296 safety/h_hard_min=4.47153 train/value_loss=4.4683 train/grad_norm=0.623901
[V25 PPO] phase=0 rollout/transitions=9531392 safety/h_hard_min=4.47236 train/value_loss=4.6872 train/grad_norm=0.616841
[V25 PPO] phase=0 rollout/transitions=9535488 safety/h_hard_min=4.47287 train/value_loss=5.52308 train/grad_norm=3.76518
[V25 PPO] phase=0 rollout/transitions=9539584 safety/h_hard_min=4.47084 train/value_loss=4.41491 train/grad_norm=0.689197
[V25 PPO] phase=0 rollout/transitions=9543680 safety/h_hard_min=4.47179 train/value_loss=4.64723 train/grad_norm=1.13712
[V25 PPO] phase=0 rollout/transitions=9547776 safety/h_hard_min=4.47198 train/value_loss=4.96792 train/grad_norm=0.995939
[V25 PPO] phase=0 rollout/transitions=9551872 safety/h_hard_min=4.47053 train/value_loss=4.53942 train/grad_norm=3.40953
[V25 PPO] phase=0 rollout/transitions=9555968 safety/h_hard_min=4.47344 train/value_loss=5.25655 train/grad_norm=1.3811
[V25 PPO] phase=0 rollout/transitions=9560064 safety/h_hard_min=4.47146 train/value_loss=4.35961 train/grad_norm=0.84338
[V25 PPO] phase=0 rollout/transitions=9564160 safety/h_hard_min=4.46884 train/value_loss=4.02908 train/grad_norm=0.836116
[V25 PPO] phase=0 rollout/transitions=9568256 safety/h_hard_min=4.47367 train/value_loss=4.51152 train/grad_norm=0.775748
[V25 PPO] phase=0 rollout/transitions=9572352 safety/h_hard_min=4.47129 train/value_loss=4.90091 train/grad_norm=2.07068
[V25 PPO] phase=0 rollout/transitions=9576448 safety/h_hard_min=4.47216 train/value_loss=4.9902 train/grad_norm=1.48599
[V25 PPO] phase=0 rollout/transitions=9580544 safety/h_hard_min=4.46978 train/value_loss=4.7319 train/grad_norm=2.85109
[V25 PPO] phase=0 rollout/transitions=9584640 safety/h_hard_min=4.47229 train/value_loss=4.79071 train/grad_norm=1.50743
[V25 PPO] phase=0 rollout/transitions=9588736 safety/h_hard_min=4.46902 train/value_loss=4.50316 train/grad_norm=0.963262
[V25 PPO] phase=0 rollout/transitions=9592832 safety/h_hard_min=4.47452 train/value_loss=4.58286 train/grad_norm=2.27292
[V25 PPO] phase=0 rollout/transitions=9596928 safety/h_hard_min=4.47096 train/value_loss=5.07102 train/grad_norm=0.454226
[V25 PPO] phase=0 rollout/transitions=9601024 safety/h_hard_min=4.47393 train/value_loss=4.86577 train/grad_norm=0.324579
[V25 PPO] phase=0 rollout/transitions=9605120 safety/h_hard_min=4.47323 train/value_loss=4.90347 train/grad_norm=2.64052
[V25 PPO] phase=0 rollout/transitions=9609216 safety/h_hard_min=4.47356 train/value_loss=5.34024 train/grad_norm=3.13963
[V25 PPO] phase=0 rollout/transitions=9613312 safety/h_hard_min=4.47309 train/value_loss=5.06155 train/grad_norm=2.3244
[V25 PPO] phase=0 rollout/transitions=9617408 safety/h_hard_min=4.47205 train/value_loss=4.36517 train/grad_norm=3.59561
[V25 PPO] phase=0 rollout/transitions=9621504 safety/h_hard_min=4.47298 train/value_loss=4.71739 train/grad_norm=1.91431
[V25 PPO] phase=0 rollout/transitions=9625600 safety/h_hard_min=4.47094 train/value_loss=4.76336 train/grad_norm=3.1137
[V25 PPO] phase=0 rollout/transitions=9629696 safety/h_hard_min=4.47236 train/value_loss=5.468 train/grad_norm=2.31492
[V25 PPO] phase=0 rollout/transitions=9633792 safety/h_hard_min=4.47114 train/value_loss=4.61779 train/grad_norm=1.90127
[V25 PPO] phase=0 rollout/transitions=9637888 safety/h_hard_min=4.46922 train/value_loss=4.7546 train/grad_norm=0.434574
[V25 PPO] phase=0 rollout/transitions=9641984 safety/h_hard_min=4.47285 train/value_loss=4.32644 train/grad_norm=1.15319
[V25 PPO] phase=0 rollout/transitions=9646080 safety/h_hard_min=4.4708 train/value_loss=4.57369 train/grad_norm=2.04867
[V25 PPO] phase=0 rollout/transitions=9650176 safety/h_hard_min=4.47203 train/value_loss=4.27001 train/grad_norm=2.01607
[V25 PPO] phase=0 rollout/transitions=9654272 safety/h_hard_min=4.47067 train/value_loss=4.58563 train/grad_norm=2.41846
[V25 PPO] phase=0 rollout/transitions=9658368 safety/h_hard_min=4.47125 train/value_loss=4.89664 train/grad_norm=1.33542
[V25 PPO] phase=0 rollout/transitions=9662464 safety/h_hard_min=4.47299 train/value_loss=4.93894 train/grad_norm=0.349448
[V25 PPO] phase=0 rollout/transitions=9666560 safety/h_hard_min=4.47088 train/value_loss=4.79297 train/grad_norm=0.587417
[V25 PPO] phase=0 rollout/transitions=9670656 safety/h_hard_min=4.47113 train/value_loss=5.39553 train/grad_norm=3.48912
[V25 PPO] phase=0 rollout/transitions=9674752 safety/h_hard_min=4.47364 train/value_loss=4.55987 train/grad_norm=1.11771
[V25 PPO] phase=0 rollout/transitions=9678848 safety/h_hard_min=4.4722 train/value_loss=4.55532 train/grad_norm=1.02076
[V25 PPO] phase=0 rollout/transitions=9682944 safety/h_hard_min=4.47271 train/value_loss=4.32269 train/grad_norm=0.878528
[V25 PPO] phase=0 rollout/transitions=9687040 safety/h_hard_min=4.47264 train/value_loss=4.58922 train/grad_norm=2.63949
[V25 PPO] phase=0 rollout/transitions=9691136 safety/h_hard_min=4.46748 train/value_loss=4.29395 train/grad_norm=2.14504
[V25 PPO] phase=0 rollout/transitions=9695232 safety/h_hard_min=4.47242 train/value_loss=4.16637 train/grad_norm=0.607247
[V25 PPO] phase=0 rollout/transitions=9699328 safety/h_hard_min=4.47322 train/value_loss=4.907 train/grad_norm=0.836497
[V25 PPO] phase=0 rollout/transitions=9703424 safety/h_hard_min=4.47195 train/value_loss=4.10345 train/grad_norm=1.61938
[V25 PPO] phase=0 rollout/transitions=9707520 safety/h_hard_min=4.47219 train/value_loss=4.7554 train/grad_norm=1.06569
[V25 PPO] phase=0 rollout/transitions=9711616 safety/h_hard_min=4.47278 train/value_loss=4.85937 train/grad_norm=0.752377
[V25 PPO] phase=0 rollout/transitions=9715712 safety/h_hard_min=4.46881 train/value_loss=4.19919 train/grad_norm=1.7262
[V25 PPO] phase=0 rollout/transitions=9719808 safety/h_hard_min=4.47221 train/value_loss=4.48914 train/grad_norm=1.16556
[V25 PPO] phase=0 rollout/transitions=9723904 safety/h_hard_min=4.47047 train/value_loss=4.29313 train/grad_norm=3.12613
[V25 PPO] phase=0 rollout/transitions=9728000 safety/h_hard_min=4.47348 train/value_loss=4.75607 train/grad_norm=1.46473
[V25 PPO] phase=0 rollout/transitions=9732096 safety/h_hard_min=4.46957 train/value_loss=4.85076 train/grad_norm=1.91532
[V25 PPO] phase=0 rollout/transitions=9736192 safety/h_hard_min=4.4683 train/value_loss=5.24571 train/grad_norm=2.21025
[V25 PPO] phase=0 rollout/transitions=9740288 safety/h_hard_min=4.47087 train/value_loss=4.81178 train/grad_norm=2.04978
[V25 PPO] phase=0 rollout/transitions=9744384 safety/h_hard_min=4.47198 train/value_loss=4.5745 train/grad_norm=2.14656
[V25 PPO] phase=0 rollout/transitions=9748480 safety/h_hard_min=4.47002 train/value_loss=4.79982 train/grad_norm=0.445759
[V25 PPO] phase=0 rollout/transitions=9752576 safety/h_hard_min=4.47121 train/value_loss=3.99498 train/grad_norm=0.330766
[V25 PPO] phase=0 rollout/transitions=9756672 safety/h_hard_min=4.47226 train/value_loss=5.82962 train/grad_norm=2.92508
[V25 PPO] phase=0 rollout/transitions=9760768 safety/h_hard_min=4.47407 train/value_loss=4.63697 train/grad_norm=0.952641
[V25 PPO] phase=0 rollout/transitions=9764864 safety/h_hard_min=4.47137 train/value_loss=4.29376 train/grad_norm=0.593959
[V25 PPO] phase=0 rollout/transitions=9768960 safety/h_hard_min=4.4734 train/value_loss=5.83617 train/grad_norm=1.49865
[V25 PPO] phase=0 rollout/transitions=9773056 safety/h_hard_min=4.47295 train/value_loss=4.50958 train/grad_norm=3.57917
[V25 PPO] phase=0 rollout/transitions=9777152 safety/h_hard_min=4.46913 train/value_loss=5.03501 train/grad_norm=2.26058
[V25 PPO] phase=0 rollout/transitions=9781248 safety/h_hard_min=4.47047 train/value_loss=5.53454 train/grad_norm=2.21891
[V25 PPO] phase=0 rollout/transitions=9785344 safety/h_hard_min=4.47264 train/value_loss=4.8466 train/grad_norm=1.22472
[V25 PPO] phase=0 rollout/transitions=9789440 safety/h_hard_min=4.47218 train/value_loss=4.0532 train/grad_norm=0.618972
[V25 PPO] phase=0 rollout/transitions=9793536 safety/h_hard_min=4.47142 train/value_loss=4.27248 train/grad_norm=0.644352
[V25 PPO] phase=0 rollout/transitions=9797632 safety/h_hard_min=4.47134 train/value_loss=4.75459 train/grad_norm=1.31713
[V25 PPO] phase=0 rollout/transitions=9801728 safety/h_hard_min=4.47462 train/value_loss=4.35075 train/grad_norm=0.806975
[V25 PPO] phase=0 rollout/transitions=9805824 safety/h_hard_min=4.47023 train/value_loss=4.60798 train/grad_norm=1.47041
[V25 PPO] phase=0 rollout/transitions=9809920 safety/h_hard_min=4.47294 train/value_loss=5.02622 train/grad_norm=0.611231
[V25 PPO] phase=0 rollout/transitions=9814016 safety/h_hard_min=4.47269 train/value_loss=4.91894 train/grad_norm=2.52465
[V25 PPO] phase=0 rollout/transitions=9818112 safety/h_hard_min=4.47132 train/value_loss=4.76587 train/grad_norm=0.720377
[V25 PPO] phase=0 rollout/transitions=9822208 safety/h_hard_min=4.47253 train/value_loss=5.1586 train/grad_norm=0.613443
[V25 PPO] phase=0 rollout/transitions=9826304 safety/h_hard_min=4.47376 train/value_loss=4.58798 train/grad_norm=0.943869
[V25 PPO] phase=0 rollout/transitions=9830400 safety/h_hard_min=4.47322 train/value_loss=4.14742 train/grad_norm=0.638071
[V25 PPO] phase=0 rollout/transitions=9834496 safety/h_hard_min=4.4721 train/value_loss=5.35599 train/grad_norm=1.08843
[V25 PPO] phase=0 rollout/transitions=9838592 safety/h_hard_min=4.4732 train/value_loss=4.38624 train/grad_norm=1.7189
[V25 PPO] phase=0 rollout/transitions=9842688 safety/h_hard_min=4.47071 train/value_loss=5.23715 train/grad_norm=1.27797
[V25 PPO] phase=0 rollout/transitions=9846784 safety/h_hard_min=4.4728 train/value_loss=4.6426 train/grad_norm=1.931
[V25 PPO] phase=0 rollout/transitions=9850880 safety/h_hard_min=4.47348 train/value_loss=4.16823 train/grad_norm=0.876417
[V25 PPO] phase=0 rollout/transitions=9854976 safety/h_hard_min=4.46998 train/value_loss=4.40899 train/grad_norm=0.781453
[V25 PPO] phase=0 rollout/transitions=9859072 safety/h_hard_min=4.47155 train/value_loss=4.97492 train/grad_norm=0.424697
[V25 PPO] phase=0 rollout/transitions=9863168 safety/h_hard_min=4.47121 train/value_loss=4.23782 train/grad_norm=1.37592
[V25 PPO] phase=0 rollout/transitions=9867264 safety/h_hard_min=4.47215 train/value_loss=4.41172 train/grad_norm=3.26681
[V25 PPO] phase=0 rollout/transitions=9871360 safety/h_hard_min=4.47289 train/value_loss=5.04292 train/grad_norm=0.970358
[V25 PPO] phase=0 rollout/transitions=9875456 safety/h_hard_min=4.47169 train/value_loss=5.0528 train/grad_norm=0.2506
[V25 PPO] phase=0 rollout/transitions=9879552 safety/h_hard_min=4.46817 train/value_loss=3.33051 train/grad_norm=1.53631
[V25 PPO] phase=0 rollout/transitions=9883648 safety/h_hard_min=4.47098 train/value_loss=4.20985 train/grad_norm=0.663159
[V25 PPO] phase=0 rollout/transitions=9887744 safety/h_hard_min=4.47218 train/value_loss=4.79124 train/grad_norm=0.878577
[V25 PPO] phase=0 rollout/transitions=9891840 safety/h_hard_min=4.47198 train/value_loss=4.98249 train/grad_norm=2.29222
[V25 PPO] phase=0 rollout/transitions=9895936 safety/h_hard_min=4.47207 train/value_loss=4.86797 train/grad_norm=0.783844
[V25 PPO] phase=0 rollout/transitions=9900032 safety/h_hard_min=4.47353 train/value_loss=5.13175 train/grad_norm=1.52158
[V25 PPO] phase=0 rollout/transitions=9904128 safety/h_hard_min=4.47276 train/value_loss=4.22682 train/grad_norm=0.287706
[V25 PPO] phase=0 rollout/transitions=9908224 safety/h_hard_min=4.47485 train/value_loss=4.09006 train/grad_norm=0.964064
[V25 PPO] phase=0 rollout/transitions=9912320 safety/h_hard_min=4.47331 train/value_loss=4.1373 train/grad_norm=2.83347
[V25 PPO] phase=0 rollout/transitions=9916416 safety/h_hard_min=4.47343 train/value_loss=4.088 train/grad_norm=1.23592
[V25 PPO] phase=0 rollout/transitions=9920512 safety/h_hard_min=4.46921 train/value_loss=4.57523 train/grad_norm=0.446578
[V25 PPO] phase=0 rollout/transitions=9924608 safety/h_hard_min=4.47133 train/value_loss=4.16428 train/grad_norm=1.72173
[V25 PPO] phase=0 rollout/transitions=9928704 safety/h_hard_min=4.47263 train/value_loss=5.13546 train/grad_norm=1.68506
[V25 PPO] phase=0 rollout/transitions=9932800 safety/h_hard_min=4.47293 train/value_loss=5.07913 train/grad_norm=3.50359
[V25 PPO] phase=0 rollout/transitions=9936896 safety/h_hard_min=4.47204 train/value_loss=4.63645 train/grad_norm=1.49964
[V25 PPO] phase=0 rollout/transitions=9940992 safety/h_hard_min=4.47087 train/value_loss=4.95458 train/grad_norm=3.90634
[V25 PPO] phase=0 rollout/transitions=9945088 safety/h_hard_min=4.47179 train/value_loss=4.88125 train/grad_norm=2.94382
[V25 PPO] phase=0 rollout/transitions=9949184 safety/h_hard_min=4.47137 train/value_loss=4.93557 train/grad_norm=1.37946
[V25 PPO] phase=0 rollout/transitions=9953280 safety/h_hard_min=4.47073 train/value_loss=5.1986 train/grad_norm=0.4091
[V25 PPO] phase=0 rollout/transitions=9957376 safety/h_hard_min=4.47368 train/value_loss=5.06158 train/grad_norm=1.07923
[V25 PPO] phase=0 rollout/transitions=9961472 safety/h_hard_min=4.47091 train/value_loss=5.37619 train/grad_norm=1.92863
[V25 PPO] phase=0 rollout/transitions=9965568 safety/h_hard_min=4.47247 train/value_loss=4.75361 train/grad_norm=1.2473
[V25 PPO] phase=0 rollout/transitions=9969664 safety/h_hard_min=4.47105 train/value_loss=4.57841 train/grad_norm=1.00259
[V25 PPO] phase=0 rollout/transitions=9973760 safety/h_hard_min=4.4729 train/value_loss=4.79336 train/grad_norm=1.13872
[V25 PPO] phase=0 rollout/transitions=9977856 safety/h_hard_min=4.46827 train/value_loss=5.09209 train/grad_norm=1.62038
[V25 PPO] phase=0 rollout/transitions=9981952 safety/h_hard_min=4.47274 train/value_loss=4.22047 train/grad_norm=1.1078
[V25 PPO] phase=0 rollout/transitions=9986048 safety/h_hard_min=4.47244 train/value_loss=5.35835 train/grad_norm=2.76069
[V25 PPO] phase=0 rollout/transitions=9990144 safety/h_hard_min=4.47293 train/value_loss=4.9959 train/grad_norm=1.6286
[V25 PPO] phase=0 rollout/transitions=9994240 safety/h_hard_min=4.4718 train/value_loss=5.07224 train/grad_norm=2.01602
[V25 PPO] phase=0 rollout/transitions=9998336 safety/h_hard_min=4.47221 train/value_loss=4.51269 train/grad_norm=1.40037
[V25 PPO] phase=0 rollout/transitions=10000000 safety/h_hard_min=2.65062 train/value_loss=9.58527 train/grad_norm=20.0964
wandb: 
wandb: Run history:
wandb:             elapsed_sec ▁▁▁▁▂▂▂▂▂▂▂▃▃▃▃▄▄▄▄▄▄▄▄▅▅▅▅▆▆▆▆▆▆▆▇▇▇███
wandb:               grad_norm ██▅▅▄▂▂▂▂▁▁▁▁▁▁▁▁▁▁▁▁▁▁▁▁▁▁▁▁▁▁▁▁▁▁▁▁▁▁▁
wandb:                   phase ▁▁▁▁▁▁▁▁▁▁▁▁▁▁▁▁▁▁▁▁▁▁▁▁▁▁▁▁▁▁▁▁▁▁▁▁▁▁▁▁
wandb: rollout/cbf_active_rate ▃▃▃▇▅▅▃▂▄▅▂▇▇▂▄▄▁▃▃▅▃▅█▅▅▇▃▃▃▃▄▃▃▂▂▃▅▄▃▁
wandb:      rollout/collisions ▁▁▁▁▁▁▁▁▁▁▁▁▁▁▁▁▁▁▁▁▁▁▁▁▁▁▁▁▁▁▁▁▁▁▁▁▁▁▁▁
wandb:    rollout/out_of_arena ▁▁▁▁▁▁▁▁▁▁▁▁▁▁▁▁▁▁▁▁▁▁▁▁▁▁▁▁▁▁▁▁▁▁▁▁▁▁▁▁
wandb:    rollout/terminations ▁▁▁▁▁▁▁▁▁▁▁▁▁▁▁▁▁▁▁▁▁▁▁▁▁▁▁▁▁▁▁▁▁▁▁▁▁▁▁▁
wandb:        rollout/timeouts ▁▁▁▁▁▁▁▁▁▁▁▁▁▁▁▁▁▁▁▁▁▁▁▁▁▁▁▁▁▁▁▁▁▁▁▁▁▁▁▁
wandb:     rollout/transitions ▁▁▁▁▁▂▂▂▂▂▃▃▃▃▃▄▄▅▅▅▅▅▅▅▅▅▆▆▆▆▆▆▆▆▆▆▇▇▇█
wandb:       safety/h_hard_min ▆▆▇▆▄▅▇▆▅▆▅▆█▁▄▄▆▅▇▆▇▄▅▆▄▆▅▇▄▆▂▇▅▄▄▆▆▃▆█
wandb:                      +6 ...
wandb: 
wandb: Run summary:
wandb:             elapsed_sec 2507.3076
wandb:               grad_norm 20.09639
wandb:                   phase 0
wandb:              phase_name critic_warmup
wandb: rollout/cbf_active_rate 0
wandb:      rollout/collisions 0
wandb:    rollout/out_of_arena 0
wandb:    rollout/terminations 0
wandb:        rollout/timeouts 0
wandb:     rollout/transitions 10000000
wandb:                      +7 ...
wandb: 
wandb: You can sync this run to the cloud by running:
wandb: wandb sync /data/uav_project/ParallelCBF/runs/v25_ppo_20260502T090342Z/wandb/wandb/offline-run-20260502_170345-ko56w3hs
wandb: Find logs at: ./runs/v25_ppo_20260502T090342Z/wandb/wandb/offline-run-20260502_170345-ko56w3hs/logs
[DONE][V25] training complete
