output_dir=/data/uav_project/ParallelCBF/runs/v02_phase_aware_resume_20260503T083420Z
tb_logdir=/data/uav_project/ParallelCBF/runs/v02_phase_aware_resume_20260503T083420Z/tb
pre_registration_manifest_sha256=bec97d2e2672588a135b4df09b74386bf4596b44ff9c854c258765c2cf91b0e5
bc_checkpoint_sha256=40c70226bbae24e2bce4c00878fd31173337fb4e411b7f45107a71198f5719e0
bc_dataset_sha256=50e59d2f7886dcc00f3c2405ae449cdbaa879b1b5be79b7dcd2993ce65bb5145
resume_from=/data/uav_project/ParallelCBF/runs/v02_slipper_resume_20260503T064452Z/checkpoints/last_safe_step.pt
============================================================
WATCHDOG REGISTRY (V25 PPO training):
  - Train Loss Explosion: metric=train_loss, threshold=1000000.0, when=>, phases=ppo,critic_warmup
  - Grad Norm Blowup: metric=grad_norm, threshold=10000.0, when=>, phases=ppo,critic_warmup
  - Val Overfit: metric=val_overfit_ratio, threshold=5.0, when=>, phases=ppo,critic_warmup
  - critic_warmup_did_not_converge: metric=phase, threshold=1500000, when=sustained_phase, phases=critic_warmup
  - value_loss_increasing_warmup: metric=value_loss_slope, threshold=0.001, when=>, phases=critic_warmup
  - episode_return_zero_variance: metric=episode_return_zero_variance, threshold=0.5, when=>, phases=ppo,critic_warmup
  - explained_variance_stuck_negative: metric=explained_variance_stuck_negative, threshold=0.5, when=>, phases=critic_warmup
  - explained_variance_dropping_full_ppo: metric=train/value_explained_variance, threshold=0.5, when=<, phases=ppo
  - arena_projection_saturation: metric=arena_projection_active_rate, threshold=0.5, when=>, phases=ppo,critic_warmup
============================================================
[INFO][V25] phase=0 (CRITIC_WARMUP) entered cleanly
/data/IsaacLab/_isaac_sim/exts/omni.isaac.ml_archive/pip_prebundle/torch/_weights_only_unpickler.py:549: UserWarning: Detected pickle protocol 5 in the checkpoint, which was not the default pickle protocol used by `torch.load` (2). The weights_only Unpickler might not support all instructions implemented by this protocol, please file an issue for adding support if you encounter this.
  warnings.warn(
[RESUME][V25] seeded_gate_v2_history=True samples=49 latest_step=1863680 ev_sustain_start_step=1667072
[RESUME][V25] restored optimizer_state_dict=True
[RESUME][V25] start_transitions=1863680 phase=ppo global_step=1863680
loaded_actor_parameters=3167235
[INFO][V25] algo.learn entry reached
wandb: WARNING The anonymous setting has no effect and will be removed in a future version.
wandb: Tracking run with wandb version 0.26.1
wandb: W&B syncing is set to `offline` in this directory. Run `wandb online` or set WANDB_MODE=online to enable cloud syncing.
wandb: Run data is saved locally in /data/uav_project/ParallelCBF/runs/v02_phase_aware_resume_20260503T083420Z/wandb/wandb/offline-run-20260503_163423-p45x2898
wandb: WARNING URL not available in offline run
wandb_status=initialized mode=offline url=unavailable
tensorboard_status=initialized logdir=/data/uav_project/ParallelCBF/runs/v02_phase_aware_resume_20260503T083420Z/tb
[V25 PPO] phase=1 rollout/transitions=1867776 safety/h_hard_min=4.84821 train/value_loss=22.1877 train/value_explained_variance=0.966128 train/approx_kl=0.00783365 train/clip_epsilon=0.2 train/actor_lr=0.0003 train/post_transition_steps=360448 rollout/episode_return_std=nan train/grad_norm=0.650026
[V25 PPO] phase=1 rollout/transitions=1871872 safety/h_hard_min=4.78376 train/value_loss=32.3705 train/value_explained_variance=0.953157 train/approx_kl=0.0104072 train/clip_epsilon=0.2 train/actor_lr=0.0003 train/post_transition_steps=364544 rollout/episode_return_std=nan train/grad_norm=0.892614
[V25 PPO] phase=1 rollout/transitions=1875968 safety/h_hard_min=4.91781 train/value_loss=25.579 train/value_explained_variance=0.96138 train/approx_kl=0.0060596 train/clip_epsilon=0.2 train/actor_lr=0.0003 train/post_transition_steps=368640 rollout/episode_return_std=nan train/grad_norm=16.7961
[V25 PPO] phase=1 rollout/transitions=1880064 safety/h_hard_min=4.99889 train/value_loss=20.6309 train/value_explained_variance=0.968061 train/approx_kl=0.00777102 train/clip_epsilon=0.2 train/actor_lr=0.0003 train/post_transition_steps=372736 rollout/episode_return_std=nan train/grad_norm=6.81016
[V25 PPO] phase=1 rollout/transitions=1884160 safety/h_hard_min=4.63088 train/value_loss=24.128 train/value_explained_variance=0.962476 train/approx_kl=0.00655332 train/clip_epsilon=0.2 train/actor_lr=0.0003 train/post_transition_steps=376832 rollout/episode_return_std=nan train/grad_norm=0.93585
[V25 PPO] phase=1 rollout/transitions=1888256 safety/h_hard_min=4.96217 train/value_loss=17.4234 train/value_explained_variance=0.972321 train/approx_kl=0.00789494 train/clip_epsilon=0.2 train/actor_lr=0.0003 train/post_transition_steps=380928 rollout/episode_return_std=nan train/grad_norm=7.40395
[V25 PPO] phase=1 rollout/transitions=1892352 safety/h_hard_min=4.94666 train/value_loss=21.9269 train/value_explained_variance=0.964882 train/approx_kl=0.00796679 train/clip_epsilon=0.2 train/actor_lr=0.0003 train/post_transition_steps=385024 rollout/episode_return_std=nan train/grad_norm=1.63703
[V25 PPO] phase=1 rollout/transitions=1896448 safety/h_hard_min=4.76213 train/value_loss=23.4126 train/value_explained_variance=0.967077 train/approx_kl=0.00524628 train/clip_epsilon=0.2 train/actor_lr=0.0003 train/post_transition_steps=389120 rollout/episode_return_std=nan train/grad_norm=7.88432
[V25 PPO] phase=1 rollout/transitions=1900544 safety/h_hard_min=4.91985 train/value_loss=18.2844 train/value_explained_variance=0.969989 train/approx_kl=0.00883219 train/clip_epsilon=0.2 train/actor_lr=0.0003 train/post_transition_steps=393216 rollout/episode_return_std=nan train/grad_norm=12.1063
[V25 PPO] phase=1 rollout/transitions=1904640 safety/h_hard_min=4.67567 train/value_loss=25.5831 train/value_explained_variance=0.96426 train/approx_kl=0.00865575 train/clip_epsilon=0.2 train/actor_lr=0.0003 train/post_transition_steps=397312 rollout/episode_return_std=nan train/grad_norm=0.763412
[V25 PPO] phase=1 rollout/transitions=1908736 safety/h_hard_min=4.87267 train/value_loss=19.7499 train/value_explained_variance=0.966717 train/approx_kl=0.00977133 train/clip_epsilon=0.2 train/actor_lr=0.0003 train/post_transition_steps=401408 rollout/episode_return_std=nan train/grad_norm=5.28969
[V25 PPO] phase=1 rollout/transitions=1912832 safety/h_hard_min=4.86666 train/value_loss=19.7544 train/value_explained_variance=0.965291 train/approx_kl=0.00777531 train/clip_epsilon=0.2 train/actor_lr=0.0003 train/post_transition_steps=405504 rollout/episode_return_std=nan train/grad_norm=9.92153
[V25 PPO] phase=1 rollout/transitions=1916928 safety/h_hard_min=4.85246 train/value_loss=14.7003 train/value_explained_variance=0.971063 train/approx_kl=0.00814209 train/clip_epsilon=0.2 train/actor_lr=0.0003 train/post_transition_steps=409600 rollout/episode_return_std=nan train/grad_norm=4.2023
[V25 PPO] phase=1 rollout/transitions=1921024 safety/h_hard_min=4.84979 train/value_loss=21.8114 train/value_explained_variance=0.962789 train/approx_kl=0.00778598 train/clip_epsilon=0.2 train/actor_lr=0.0003 train/post_transition_steps=413696 rollout/episode_return_std=nan train/grad_norm=0.48076
[V25 PPO] phase=1 rollout/transitions=1925120 safety/h_hard_min=4.87479 train/value_loss=23.6605 train/value_explained_variance=0.961741 train/approx_kl=0.00794228 train/clip_epsilon=0.2 train/actor_lr=0.0003 train/post_transition_steps=417792 rollout/episode_return_std=nan train/grad_norm=2.18442
[V25 PPO] phase=1 rollout/transitions=1929216 safety/h_hard_min=4.88141 train/value_loss=20.8039 train/value_explained_variance=0.956541 train/approx_kl=0.00781973 train/clip_epsilon=0.2 train/actor_lr=0.0003 train/post_transition_steps=421888 rollout/episode_return_std=nan train/grad_norm=2.00564
[V25 PPO] phase=1 rollout/transitions=1933312 safety/h_hard_min=4.87607 train/value_loss=21.2758 train/value_explained_variance=0.957439 train/approx_kl=0.00600475 train/clip_epsilon=0.2 train/actor_lr=0.0003 train/post_transition_steps=425984 rollout/episode_return_std=nan train/grad_norm=13.6761
[V25 PPO] phase=1 rollout/transitions=1937408 safety/h_hard_min=4.83181 train/value_loss=26.5377 train/value_explained_variance=0.952839 train/approx_kl=0.00760639 train/clip_epsilon=0.2 train/actor_lr=0.0003 train/post_transition_steps=430080 rollout/episode_return_std=nan train/grad_norm=0.297521
[V25 PPO] phase=1 rollout/transitions=1941504 safety/h_hard_min=4.78931 train/value_loss=31.5662 train/value_explained_variance=0.945226 train/approx_kl=0.00861636 train/clip_epsilon=0.2 train/actor_lr=0.0003 train/post_transition_steps=434176 rollout/episode_return_std=nan train/grad_norm=0.591693
[V25 PPO] phase=1 rollout/transitions=1945600 safety/h_hard_min=4.78261 train/value_loss=28.17 train/value_explained_variance=0.959071 train/approx_kl=0.00744497 train/clip_epsilon=0.2 train/actor_lr=0.0003 train/post_transition_steps=438272 rollout/episode_return_std=nan train/grad_norm=0.705643
[V25 PPO] phase=1 rollout/transitions=1949696 safety/h_hard_min=4.9846 train/value_loss=17.294 train/value_explained_variance=0.964057 train/approx_kl=0.00622293 train/clip_epsilon=0.2 train/actor_lr=0.0003 train/post_transition_steps=442368 rollout/episode_return_std=nan train/grad_norm=8.23313
[V25 PPO] phase=1 rollout/transitions=1953792 safety/h_hard_min=4.79661 train/value_loss=23.2036 train/value_explained_variance=0.95985 train/approx_kl=0.0060394 train/clip_epsilon=0.2 train/actor_lr=0.0003 train/post_transition_steps=446464 rollout/episode_return_std=nan train/grad_norm=1.56215
[V25 PPO] phase=1 rollout/transitions=1957888 safety/h_hard_min=4.9474 train/value_loss=25.4122 train/value_explained_variance=0.957841 train/approx_kl=0.00878672 train/clip_epsilon=0.2 train/actor_lr=0.0003 train/post_transition_steps=450560 rollout/episode_return_std=nan train/grad_norm=1.45331
[V25 PPO] phase=1 rollout/transitions=1961984 safety/h_hard_min=4.85908 train/value_loss=22.1564 train/value_explained_variance=0.955863 train/approx_kl=0.00762064 train/clip_epsilon=0.2 train/actor_lr=0.0003 train/post_transition_steps=454656 rollout/episode_return_std=nan train/grad_norm=0.66064
[V25 PPO] phase=1 rollout/transitions=1966080 safety/h_hard_min=4.82741 train/value_loss=25.1323 train/value_explained_variance=0.953833 train/approx_kl=0.0107354 train/clip_epsilon=0.2 train/actor_lr=0.0003 train/post_transition_steps=458752 rollout/episode_return_std=nan train/grad_norm=1.60745
[V25 PPO] phase=1 rollout/transitions=1970176 safety/h_hard_min=4.81813 train/value_loss=21.9639 train/value_explained_variance=0.948989 train/approx_kl=0.00739715 train/clip_epsilon=0.2 train/actor_lr=0.0003 train/post_transition_steps=462848 rollout/episode_return_std=nan train/grad_norm=19.2031
[V25 PPO] phase=1 rollout/transitions=1974272 safety/h_hard_min=4.87554 train/value_loss=22.0299 train/value_explained_variance=0.955875 train/approx_kl=0.0079159 train/clip_epsilon=0.2 train/actor_lr=0.0003 train/post_transition_steps=466944 rollout/episode_return_std=nan train/grad_norm=0.644537
[V25 PPO] phase=1 rollout/transitions=1978368 safety/h_hard_min=4.75 train/value_loss=29.6466 train/value_explained_variance=0.946473 train/approx_kl=0.00881675 train/clip_epsilon=0.2 train/actor_lr=0.0003 train/post_transition_steps=471040 rollout/episode_return_std=nan train/grad_norm=0.560275
[V25 PPO] phase=1 rollout/transitions=1982464 safety/h_hard_min=4.91283 train/value_loss=17.1596 train/value_explained_variance=0.958541 train/approx_kl=0.00607163 train/clip_epsilon=0.2 train/actor_lr=0.0003 train/post_transition_steps=475136 rollout/episode_return_std=nan train/grad_norm=5.93322
[V25 PPO] phase=1 rollout/transitions=1986560 safety/h_hard_min=4.88164 train/value_loss=28.1888 train/value_explained_variance=0.945305 train/approx_kl=0.0077409 train/clip_epsilon=0.2 train/actor_lr=0.0003 train/post_transition_steps=479232 rollout/episode_return_std=nan train/grad_norm=0.347297
[V25 PPO] phase=1 rollout/transitions=1990656 safety/h_hard_min=4.86788 train/value_loss=25.9705 train/value_explained_variance=0.947181 train/approx_kl=0.00743483 train/clip_epsilon=0.2 train/actor_lr=0.0003 train/post_transition_steps=483328 rollout/episode_return_std=nan train/grad_norm=0.41169
[V25 PPO] phase=1 rollout/transitions=1994752 safety/h_hard_min=4.8782 train/value_loss=22.7445 train/value_explained_variance=0.951893 train/approx_kl=0.00836914 train/clip_epsilon=0.2 train/actor_lr=0.0003 train/post_transition_steps=487424 rollout/episode_return_std=nan train/grad_norm=12.1585
[V25 PPO] phase=1 rollout/transitions=1998848 safety/h_hard_min=4.85012 train/value_loss=24.6537 train/value_explained_variance=0.948769 train/approx_kl=0.00980445 train/clip_epsilon=0.2 train/actor_lr=0.0003 train/post_transition_steps=491520 rollout/episode_return_std=nan train/grad_norm=10.4869
[V25 PPO] phase=1 rollout/transitions=2002944 safety/h_hard_min=4.99202 train/value_loss=22.4644 train/value_explained_variance=0.95604 train/approx_kl=0.00624138 train/clip_epsilon=0.2 train/actor_lr=0.0003 train/post_transition_steps=495616 rollout/episode_return_std=nan train/grad_norm=5.68914
[V25 PPO] phase=1 rollout/transitions=2007040 safety/h_hard_min=4.66256 train/value_loss=22.9078 train/value_explained_variance=0.958508 train/approx_kl=0.00998791 train/clip_epsilon=0.2 train/actor_lr=0.0003 train/post_transition_steps=499712 rollout/episode_return_std=nan train/grad_norm=0.289189
[V25 PPO] phase=1 rollout/transitions=2011136 safety/h_hard_min=4.97275 train/value_loss=21.0941 train/value_explained_variance=0.956274 train/approx_kl=0.00709037 train/clip_epsilon=0.2 train/actor_lr=0.0003 train/post_transition_steps=503808 rollout/episode_return_std=nan train/grad_norm=0.883216
[V25 PPO] phase=1 rollout/transitions=2015232 safety/h_hard_min=4.86137 train/value_loss=21.1793 train/value_explained_variance=0.950531 train/approx_kl=0.00885318 train/clip_epsilon=0.2 train/actor_lr=0.0003 train/post_transition_steps=507904 rollout/episode_return_std=nan train/grad_norm=19.2888
[V25 PPO] phase=1 rollout/transitions=2019328 safety/h_hard_min=4.95389 train/value_loss=18.6278 train/value_explained_variance=0.957752 train/approx_kl=0.00602387 train/clip_epsilon=0.2 train/actor_lr=0.0003 train/post_transition_steps=512000 rollout/episode_return_std=nan train/grad_norm=1.20756
[V25 PPO] phase=1 rollout/transitions=2023424 safety/h_hard_min=4.8788 train/value_loss=21.4752 train/value_explained_variance=0.951864 train/approx_kl=0.00737267 train/clip_epsilon=0.2 train/actor_lr=0.0003 train/post_transition_steps=516096 rollout/episode_return_std=nan train/grad_norm=0.236215
[V25 PPO] phase=1 rollout/transitions=2027520 safety/h_hard_min=4.82434 train/value_loss=21.2664 train/value_explained_variance=0.947306 train/approx_kl=0.00774527 train/clip_epsilon=0.2 train/actor_lr=0.0003 train/post_transition_steps=520192 rollout/episode_return_std=nan train/grad_norm=3.45114
[V25 PPO] phase=1 rollout/transitions=2031616 safety/h_hard_min=4.87569 train/value_loss=27.8654 train/value_explained_variance=0.943126 train/approx_kl=0.00613771 train/clip_epsilon=0.2 train/actor_lr=0.0003 train/post_transition_steps=524288 rollout/episode_return_std=nan train/grad_norm=3.68302
[V25 PPO] phase=1 rollout/transitions=2035712 safety/h_hard_min=4.93511 train/value_loss=22.7288 train/value_explained_variance=0.96077 train/approx_kl=0.013673 train/clip_epsilon=0.2 train/actor_lr=0.0003 train/post_transition_steps=528384 rollout/episode_return_std=nan train/grad_norm=10.2859
[V25 PPO] phase=1 rollout/transitions=2039808 safety/h_hard_min=4.83903 train/value_loss=25.3359 train/value_explained_variance=0.945736 train/approx_kl=0.00705535 train/clip_epsilon=0.2 train/actor_lr=0.0003 train/post_transition_steps=532480 rollout/episode_return_std=nan train/grad_norm=3.05156
[V25 PPO] phase=1 rollout/transitions=2043904 safety/h_hard_min=4.85913 train/value_loss=23.0379 train/value_explained_variance=0.950543 train/approx_kl=0.00922787 train/clip_epsilon=0.2 train/actor_lr=0.0003 train/post_transition_steps=536576 rollout/episode_return_std=nan train/grad_norm=0.178869
[V25 PPO] phase=1 rollout/transitions=2048000 safety/h_hard_min=4.7829 train/value_loss=24.1573 train/value_explained_variance=0.948146 train/approx_kl=0.00858858 train/clip_epsilon=0.2 train/actor_lr=0.0003 train/post_transition_steps=540672 rollout/episode_return_std=nan train/grad_norm=0.56521
[V25 PPO] phase=1 rollout/transitions=2052096 safety/h_hard_min=4.89568 train/value_loss=26.8282 train/value_explained_variance=0.946344 train/approx_kl=0.00880984 train/clip_epsilon=0.2 train/actor_lr=0.0003 train/post_transition_steps=544768 rollout/episode_return_std=nan train/grad_norm=5.88736
[V25 PPO] phase=1 rollout/transitions=2056192 safety/h_hard_min=4.80696 train/value_loss=25.3125 train/value_explained_variance=0.947128 train/approx_kl=0.00920933 train/clip_epsilon=0.2 train/actor_lr=0.0003 train/post_transition_steps=548864 rollout/episode_return_std=nan train/grad_norm=6.36532
[V25 PPO] phase=1 rollout/transitions=2060288 safety/h_hard_min=4.83755 train/value_loss=25.8937 train/value_explained_variance=0.938539 train/approx_kl=0.00881602 train/clip_epsilon=0.2 train/actor_lr=0.0003 train/post_transition_steps=552960 rollout/episode_return_std=nan train/grad_norm=1.45429
[V25 PPO] phase=1 rollout/transitions=2064384 safety/h_hard_min=4.88641 train/value_loss=18.9649 train/value_explained_variance=0.950955 train/approx_kl=0.0071716 train/clip_epsilon=0.2 train/actor_lr=0.0003 train/post_transition_steps=557056 rollout/episode_return_std=nan train/grad_norm=0.329112
[V25 PPO] phase=1 rollout/transitions=2068480 safety/h_hard_min=4.84191 train/value_loss=23.6239 train/value_explained_variance=0.943007 train/approx_kl=0.00762647 train/clip_epsilon=0.2 train/actor_lr=0.0003 train/post_transition_steps=561152 rollout/episode_return_std=nan train/grad_norm=5.51169
[V25 PPO] phase=1 rollout/transitions=2072576 safety/h_hard_min=4.94532 train/value_loss=24.97 train/value_explained_variance=0.949384 train/approx_kl=0.00887817 train/clip_epsilon=0.2 train/actor_lr=0.0003 train/post_transition_steps=565248 rollout/episode_return_std=nan train/grad_norm=12.1942
[V25 PPO] phase=1 rollout/transitions=2076672 safety/h_hard_min=4.92431 train/value_loss=28.4889 train/value_explained_variance=0.94179 train/approx_kl=0.0103682 train/clip_epsilon=0.2 train/actor_lr=0.0003 train/post_transition_steps=569344 rollout/episode_return_std=nan train/grad_norm=5.69416
[V25 PPO] phase=1 rollout/transitions=2080768 safety/h_hard_min=4.83631 train/value_loss=25.4167 train/value_explained_variance=0.944088 train/approx_kl=0.00818423 train/clip_epsilon=0.2 train/actor_lr=0.0003 train/post_transition_steps=573440 rollout/episode_return_std=nan train/grad_norm=0.601157
[V25 PPO] phase=1 rollout/transitions=2084864 safety/h_hard_min=4.89085 train/value_loss=25.8015 train/value_explained_variance=0.934093 train/approx_kl=0.00816402 train/clip_epsilon=0.2 train/actor_lr=0.0003 train/post_transition_steps=577536 rollout/episode_return_std=nan train/grad_norm=1.39232
[V25 PPO] phase=1 rollout/transitions=2088960 safety/h_hard_min=4.8982 train/value_loss=25.4726 train/value_explained_variance=0.934572 train/approx_kl=0.00978541 train/clip_epsilon=0.2 train/actor_lr=0.0003 train/post_transition_steps=581632 rollout/episode_return_std=nan train/grad_norm=4.54988
[V25 PPO] phase=1 rollout/transitions=2093056 safety/h_hard_min=4.79039 train/value_loss=21.6858 train/value_explained_variance=0.949643 train/approx_kl=0.00702421 train/clip_epsilon=0.2 train/actor_lr=0.0003 train/post_transition_steps=585728 rollout/episode_return_std=nan train/grad_norm=5.20344
[V25 PPO] phase=1 rollout/transitions=2097152 safety/h_hard_min=4.81521 train/value_loss=29.4026 train/value_explained_variance=0.935828 train/approx_kl=0.00879637 train/clip_epsilon=0.2 train/actor_lr=0.0003 train/post_transition_steps=589824 rollout/episode_return_std=nan train/grad_norm=3.48158
[V25 PPO] phase=1 rollout/transitions=2101248 safety/h_hard_min=4.76284 train/value_loss=32.6302 train/value_explained_variance=0.945358 train/approx_kl=0.0139133 train/clip_epsilon=0.2 train/actor_lr=0.0003 train/post_transition_steps=593920 rollout/episode_return_std=nan train/grad_norm=0.592853
[V25 PPO] phase=1 rollout/transitions=2105344 safety/h_hard_min=4.83693 train/value_loss=22.5839 train/value_explained_variance=0.955163 train/approx_kl=0.00848189 train/clip_epsilon=0.2 train/actor_lr=0.0003 train/post_transition_steps=598016 rollout/episode_return_std=nan train/grad_norm=3.94504
[V25 PPO] phase=1 rollout/transitions=2109440 safety/h_hard_min=4.88541 train/value_loss=22.9338 train/value_explained_variance=0.951801 train/approx_kl=0.00887757 train/clip_epsilon=0.2 train/actor_lr=0.0003 train/post_transition_steps=602112 rollout/episode_return_std=nan train/grad_norm=0.393283
[V25 PPO] phase=1 rollout/transitions=2113536 safety/h_hard_min=4.84467 train/value_loss=22.4546 train/value_explained_variance=0.948341 train/approx_kl=0.00635049 train/clip_epsilon=0.2 train/actor_lr=0.0003 train/post_transition_steps=606208 rollout/episode_return_std=nan train/grad_norm=0.717427
[V25 PPO] phase=1 rollout/transitions=2117632 safety/h_hard_min=4.89019 train/value_loss=19.2772 train/value_explained_variance=0.953961 train/approx_kl=0.00858103 train/clip_epsilon=0.2 train/actor_lr=0.0003 train/post_transition_steps=610304 rollout/episode_return_std=nan train/grad_norm=0.778443
[V25 PPO] phase=1 rollout/transitions=2121728 safety/h_hard_min=4.89226 train/value_loss=19.9961 train/value_explained_variance=0.948206 train/approx_kl=0.00873871 train/clip_epsilon=0.2 train/actor_lr=0.0003 train/post_transition_steps=614400 rollout/episode_return_std=nan train/grad_norm=5.44854
[V25 PPO] phase=1 rollout/transitions=2125824 safety/h_hard_min=4.94575 train/value_loss=24.7577 train/value_explained_variance=0.944669 train/approx_kl=0.00830131 train/clip_epsilon=0.2 train/actor_lr=0.0003 train/post_transition_steps=618496 rollout/episode_return_std=nan train/grad_norm=1.55688
[V25 PPO] phase=1 rollout/transitions=2129920 safety/h_hard_min=4.8093 train/value_loss=25.7187 train/value_explained_variance=0.947726 train/approx_kl=0.00760143 train/clip_epsilon=0.2 train/actor_lr=0.0003 train/post_transition_steps=622592 rollout/episode_return_std=nan train/grad_norm=0.29664
[V25 PPO] phase=1 rollout/transitions=2134016 safety/h_hard_min=4.91588 train/value_loss=22.2698 train/value_explained_variance=0.948211 train/approx_kl=0.00769411 train/clip_epsilon=0.2 train/actor_lr=0.0003 train/post_transition_steps=626688 rollout/episode_return_std=nan train/grad_norm=4.48133
[V25 PPO] phase=1 rollout/transitions=2138112 safety/h_hard_min=4.79533 train/value_loss=23.1194 train/value_explained_variance=0.9462 train/approx_kl=0.0087254 train/clip_epsilon=0.2 train/actor_lr=0.0003 train/post_transition_steps=630784 rollout/episode_return_std=nan train/grad_norm=4.98437
[V25 PPO] phase=1 rollout/transitions=2142208 safety/h_hard_min=4.95715 train/value_loss=22.6625 train/value_explained_variance=0.940064 train/approx_kl=0.008232 train/clip_epsilon=0.2 train/actor_lr=0.0003 train/post_transition_steps=634880 rollout/episode_return_std=nan train/grad_norm=2.013
[V25 PPO] phase=1 rollout/transitions=2146304 safety/h_hard_min=4.77159 train/value_loss=24.3232 train/value_explained_variance=0.937587 train/approx_kl=0.00794786 train/clip_epsilon=0.2 train/actor_lr=0.0003 train/post_transition_steps=638976 rollout/episode_return_std=nan train/grad_norm=0.576201
[V25 PPO] phase=1 rollout/transitions=2150400 safety/h_hard_min=4.91198 train/value_loss=17.9555 train/value_explained_variance=0.952223 train/approx_kl=0.00680906 train/clip_epsilon=0.2 train/actor_lr=0.0003 train/post_transition_steps=643072 rollout/episode_return_std=nan train/grad_norm=0.170599
[V25 PPO] phase=1 rollout/transitions=2154496 safety/h_hard_min=4.84636 train/value_loss=27.2955 train/value_explained_variance=0.925648 train/approx_kl=0.00753301 train/clip_epsilon=0.2 train/actor_lr=0.0003 train/post_transition_steps=647168 rollout/episode_return_std=nan train/grad_norm=0.182951
[V25 PPO] phase=1 rollout/transitions=2158592 safety/h_hard_min=4.94657 train/value_loss=25.3068 train/value_explained_variance=0.930267 train/approx_kl=0.0104359 train/clip_epsilon=0.2 train/actor_lr=0.0003 train/post_transition_steps=651264 rollout/episode_return_std=nan train/grad_norm=1.50186
[V25 PPO] phase=1 rollout/transitions=2162688 safety/h_hard_min=4.82212 train/value_loss=27.3679 train/value_explained_variance=0.932967 train/approx_kl=0.00954763 train/clip_epsilon=0.2 train/actor_lr=0.0003 train/post_transition_steps=655360 rollout/episode_return_std=nan train/grad_norm=0.521952
[V25 PPO] phase=1 rollout/transitions=2166784 safety/h_hard_min=4.86372 train/value_loss=29.5363 train/value_explained_variance=0.936802 train/approx_kl=0.00880583 train/clip_epsilon=0.2 train/actor_lr=0.0003 train/post_transition_steps=659456 rollout/episode_return_std=nan train/grad_norm=0.43186
[V25 PPO] phase=1 rollout/transitions=2170880 safety/h_hard_min=4.8951 train/value_loss=31.5983 train/value_explained_variance=0.919495 train/approx_kl=0.00776278 train/clip_epsilon=0.2 train/actor_lr=0.0003 train/post_transition_steps=663552 rollout/episode_return_std=nan train/grad_norm=0.350407
[V25 PPO] phase=1 rollout/transitions=2174976 safety/h_hard_min=4.79986 train/value_loss=31.8353 train/value_explained_variance=0.917568 train/approx_kl=0.00800106 train/clip_epsilon=0.2 train/actor_lr=0.0003 train/post_transition_steps=667648 rollout/episode_return_std=nan train/grad_norm=0.695601
[V25 PPO] phase=1 rollout/transitions=2179072 safety/h_hard_min=4.87053 train/value_loss=27.5499 train/value_explained_variance=0.91871 train/approx_kl=0.00853564 train/clip_epsilon=0.2 train/actor_lr=0.0003 train/post_transition_steps=671744 rollout/episode_return_std=nan train/grad_norm=1.17723
[V25 PPO] phase=1 rollout/transitions=2183168 safety/h_hard_min=4.7951 train/value_loss=32.2704 train/value_explained_variance=0.922279 train/approx_kl=0.00732398 train/clip_epsilon=0.2 train/actor_lr=0.0003 train/post_transition_steps=675840 rollout/episode_return_std=nan train/grad_norm=0.703688
[V25 PPO] phase=1 rollout/transitions=2187264 safety/h_hard_min=4.83693 train/value_loss=24.6811 train/value_explained_variance=0.932049 train/approx_kl=0.00952428 train/clip_epsilon=0.2 train/actor_lr=0.0003 train/post_transition_steps=679936 rollout/episode_return_std=nan train/grad_norm=3.05442
[V25 PPO] phase=1 rollout/transitions=2191360 safety/h_hard_min=4.7962 train/value_loss=30.0712 train/value_explained_variance=0.922484 train/approx_kl=0.00844806 train/clip_epsilon=0.2 train/actor_lr=0.0003 train/post_transition_steps=684032 rollout/episode_return_std=nan train/grad_norm=4.00841
[V25 PPO] phase=1 rollout/transitions=2195456 safety/h_hard_min=4.8425 train/value_loss=34.7152 train/value_explained_variance=0.91726 train/approx_kl=0.00948666 train/clip_epsilon=0.2 train/actor_lr=0.0003 train/post_transition_steps=688128 rollout/episode_return_std=nan train/grad_norm=2.67618
[V25 PPO] phase=1 rollout/transitions=2199552 safety/h_hard_min=4.81723 train/value_loss=28.5584 train/value_explained_variance=0.929808 train/approx_kl=0.00986302 train/clip_epsilon=0.2 train/actor_lr=0.0003 train/post_transition_steps=692224 rollout/episode_return_std=nan train/grad_norm=5.52245
[V25 PPO] phase=1 rollout/transitions=2203648 safety/h_hard_min=4.83565 train/value_loss=27.3986 train/value_explained_variance=0.917745 train/approx_kl=0.00710668 train/clip_epsilon=0.2 train/actor_lr=0.0003 train/post_transition_steps=696320 rollout/episode_return_std=nan train/grad_norm=9.12322
[V25 PPO] phase=1 rollout/transitions=2207744 safety/h_hard_min=4.86731 train/value_loss=34.1045 train/value_explained_variance=0.918829 train/approx_kl=0.00974434 train/clip_epsilon=0.2 train/actor_lr=0.0003 train/post_transition_steps=700416 rollout/episode_return_std=nan train/grad_norm=0.268114
[V25 PPO] phase=1 rollout/transitions=2211840 safety/h_hard_min=4.85096 train/value_loss=39.0497 train/value_explained_variance=0.906019 train/approx_kl=0.0112408 train/clip_epsilon=0.2 train/actor_lr=0.0003 train/post_transition_steps=704512 rollout/episode_return_std=nan train/grad_norm=0.654391
[V25 PPO] phase=1 rollout/transitions=2215936 safety/h_hard_min=4.77797 train/value_loss=28.8482 train/value_explained_variance=0.918767 train/approx_kl=0.0104313 train/clip_epsilon=0.2 train/actor_lr=0.0003 train/post_transition_steps=708608 rollout/episode_return_std=nan train/grad_norm=0.744541
[V25 PPO] phase=1 rollout/transitions=2220032 safety/h_hard_min=4.78191 train/value_loss=35.6299 train/value_explained_variance=0.918556 train/approx_kl=0.0103524 train/clip_epsilon=0.2 train/actor_lr=0.0003 train/post_transition_steps=712704 rollout/episode_return_std=nan train/grad_norm=1.14166
[V25 PPO] phase=1 rollout/transitions=2224128 safety/h_hard_min=4.86844 train/value_loss=29.5014 train/value_explained_variance=0.922618 train/approx_kl=0.0089959 train/clip_epsilon=0.2 train/actor_lr=0.0003 train/post_transition_steps=716800 rollout/episode_return_std=nan train/grad_norm=1.88985
[V25 PPO] phase=1 rollout/transitions=2228224 safety/h_hard_min=4.79583 train/value_loss=28.8001 train/value_explained_variance=0.928117 train/approx_kl=0.0129414 train/clip_epsilon=0.2 train/actor_lr=0.0003 train/post_transition_steps=720896 rollout/episode_return_std=nan train/grad_norm=6.89597
[V25 PPO] phase=1 rollout/transitions=2232320 safety/h_hard_min=4.8024 train/value_loss=24.3729 train/value_explained_variance=0.933976 train/approx_kl=0.00761975 train/clip_epsilon=0.2 train/actor_lr=0.0003 train/post_transition_steps=724992 rollout/episode_return_std=nan train/grad_norm=5.60304
[V25 PPO] phase=1 rollout/transitions=2236416 safety/h_hard_min=4.88079 train/value_loss=28.1351 train/value_explained_variance=0.926078 train/approx_kl=0.0090753 train/clip_epsilon=0.2 train/actor_lr=0.0003 train/post_transition_steps=729088 rollout/episode_return_std=nan train/grad_norm=7.62976
[V25 PPO] phase=1 rollout/transitions=2240512 safety/h_hard_min=4.83657 train/value_loss=26.2255 train/value_explained_variance=0.925447 train/approx_kl=0.00969721 train/clip_epsilon=0.2 train/actor_lr=0.0003 train/post_transition_steps=733184 rollout/episode_return_std=nan train/grad_norm=0.20992
[V25 PPO] phase=1 rollout/transitions=2244608 safety/h_hard_min=4.77805 train/value_loss=36.985 train/value_explained_variance=0.91377 train/approx_kl=0.0100386 train/clip_epsilon=0.2 train/actor_lr=0.0003 train/post_transition_steps=737280 rollout/episode_return_std=nan train/grad_norm=0.640688
[V25 PPO] phase=1 rollout/transitions=2248704 safety/h_hard_min=4.84043 train/value_loss=22.0579 train/value_explained_variance=0.926355 train/approx_kl=0.00730508 train/clip_epsilon=0.2 train/actor_lr=0.0003 train/post_transition_steps=741376 rollout/episode_return_std=nan train/grad_norm=10.0062
[V25 PPO] phase=1 rollout/transitions=2252800 safety/h_hard_min=4.95702 train/value_loss=24.4257 train/value_explained_variance=0.925632 train/approx_kl=0.00676532 train/clip_epsilon=0.2 train/actor_lr=0.0003 train/post_transition_steps=745472 rollout/episode_return_std=nan train/grad_norm=8.66788
[V25 PPO] phase=1 rollout/transitions=2256896 safety/h_hard_min=4.57697 train/value_loss=37.3084 train/value_explained_variance=0.906801 train/approx_kl=0.00922776 train/clip_epsilon=0.2 train/actor_lr=0.0003 train/post_transition_steps=749568 rollout/episode_return_std=nan train/grad_norm=2.72655
[V25 PPO] phase=1 rollout/transitions=2260992 safety/h_hard_min=4.54105 train/value_loss=28.5278 train/value_explained_variance=0.92358 train/approx_kl=0.00744839 train/clip_epsilon=0.2 train/actor_lr=0.0003 train/post_transition_steps=753664 rollout/episode_return_std=nan train/grad_norm=6.41722
[V25 PPO] phase=1 rollout/transitions=2265088 safety/h_hard_min=4.89532 train/value_loss=22.7373 train/value_explained_variance=0.940667 train/approx_kl=0.00565367 train/clip_epsilon=0.2 train/actor_lr=0.0003 train/post_transition_steps=757760 rollout/episode_return_std=nan train/grad_norm=6.74619
[V25 PPO] phase=1 rollout/transitions=2269184 safety/h_hard_min=4.80541 train/value_loss=24.5039 train/value_explained_variance=0.941942 train/approx_kl=0.0106626 train/clip_epsilon=0.2 train/actor_lr=0.0003 train/post_transition_steps=761856 rollout/episode_return_std=nan train/grad_norm=5.87664
[V25 PPO] phase=1 rollout/transitions=2273280 safety/h_hard_min=4.79204 train/value_loss=16.9864 train/value_explained_variance=0.947681 train/approx_kl=0.00447594 train/clip_epsilon=0.2 train/actor_lr=0.0003 train/post_transition_steps=765952 rollout/episode_return_std=nan train/grad_norm=2.16481
[V25 PPO] phase=1 rollout/transitions=2277376 safety/h_hard_min=4.77691 train/value_loss=24.3969 train/value_explained_variance=0.934081 train/approx_kl=0.0109867 train/clip_epsilon=0.2 train/actor_lr=0.0003 train/post_transition_steps=770048 rollout/episode_return_std=nan train/grad_norm=0.947236
[V25 PPO] phase=1 rollout/transitions=2281472 safety/h_hard_min=4.85921 train/value_loss=23.3226 train/value_explained_variance=0.942964 train/approx_kl=0.00758934 train/clip_epsilon=0.2 train/actor_lr=0.0003 train/post_transition_steps=774144 rollout/episode_return_std=nan train/grad_norm=8.51976
[V25 PPO] phase=1 rollout/transitions=2285568 safety/h_hard_min=4.81136 train/value_loss=22.092 train/value_explained_variance=0.938817 train/approx_kl=0.00746084 train/clip_epsilon=0.2 train/actor_lr=0.0003 train/post_transition_steps=778240 rollout/episode_return_std=nan train/grad_norm=0.394059
[V25 PPO] phase=1 rollout/transitions=2289664 safety/h_hard_min=4.82908 train/value_loss=15.9893 train/value_explained_variance=0.946407 train/approx_kl=0.00573131 train/clip_epsilon=0.2 train/actor_lr=0.0003 train/post_transition_steps=782336 rollout/episode_return_std=nan train/grad_norm=0.90771
[V25 PPO] phase=1 rollout/transitions=2293760 safety/h_hard_min=4.81306 train/value_loss=17.9176 train/value_explained_variance=0.94313 train/approx_kl=0.00782485 train/clip_epsilon=0.2 train/actor_lr=0.0003 train/post_transition_steps=786432 rollout/episode_return_std=nan train/grad_norm=0.387065
[V25 PPO] phase=1 rollout/transitions=2297856 safety/h_hard_min=4.79537 train/value_loss=19.3207 train/value_explained_variance=0.942262 train/approx_kl=0.00716933 train/clip_epsilon=0.2 train/actor_lr=0.0003 train/post_transition_steps=790528 rollout/episode_return_std=nan train/grad_norm=0.409985
[V25 PPO] phase=1 rollout/transitions=2301952 safety/h_hard_min=4.81967 train/value_loss=18.5441 train/value_explained_variance=0.94391 train/approx_kl=0.00699705 train/clip_epsilon=0.2 train/actor_lr=0.0003 train/post_transition_steps=794624 rollout/episode_return_std=nan train/grad_norm=0.805385
[V25 PPO] phase=1 rollout/transitions=2306048 safety/h_hard_min=4.80001 train/value_loss=19.9179 train/value_explained_variance=0.934491 train/approx_kl=0.00776663 train/clip_epsilon=0.2 train/actor_lr=0.0003 train/post_transition_steps=798720 rollout/episode_return_std=nan train/grad_norm=0.820407
[V25 PPO] phase=1 rollout/transitions=2310144 safety/h_hard_min=4.84051 train/value_loss=21.4149 train/value_explained_variance=0.931151 train/approx_kl=0.00722818 train/clip_epsilon=0.2 train/actor_lr=0.0003 train/post_transition_steps=802816 rollout/episode_return_std=nan train/grad_norm=1.54754
[V25 PPO] phase=1 rollout/transitions=2314240 safety/h_hard_min=4.80016 train/value_loss=24.2937 train/value_explained_variance=0.937881 train/approx_kl=0.00994614 train/clip_epsilon=0.2 train/actor_lr=0.0003 train/post_transition_steps=806912 rollout/episode_return_std=nan train/grad_norm=5.80178
[V25 PPO] phase=1 rollout/transitions=2318336 safety/h_hard_min=4.79071 train/value_loss=24.5369 train/value_explained_variance=0.924414 train/approx_kl=0.0108106 train/clip_epsilon=0.2 train/actor_lr=0.0003 train/post_transition_steps=811008 rollout/episode_return_std=nan train/grad_norm=1.67075
[V25 PPO] phase=1 rollout/transitions=2322432 safety/h_hard_min=4.85514 train/value_loss=18.2177 train/value_explained_variance=0.942596 train/approx_kl=0.00657777 train/clip_epsilon=0.2 train/actor_lr=0.0003 train/post_transition_steps=815104 rollout/episode_return_std=nan train/grad_norm=0.348841
[V25 PPO] phase=1 rollout/transitions=2326528 safety/h_hard_min=4.82226 train/value_loss=19.767 train/value_explained_variance=0.936133 train/approx_kl=0.00679753 train/clip_epsilon=0.2 train/actor_lr=0.0003 train/post_transition_steps=819200 rollout/episode_return_std=nan train/grad_norm=0.387456
[V25 PPO] phase=1 rollout/transitions=2330624 safety/h_hard_min=4.83424 train/value_loss=25.2842 train/value_explained_variance=0.926773 train/approx_kl=0.00813155 train/clip_epsilon=0.2 train/actor_lr=0.0003 train/post_transition_steps=823296 rollout/episode_return_std=nan train/grad_norm=0.45169
[V25 PPO] phase=1 rollout/transitions=2334720 safety/h_hard_min=4.82478 train/value_loss=23.8014 train/value_explained_variance=0.931458 train/approx_kl=0.00889115 train/clip_epsilon=0.2 train/actor_lr=0.0003 train/post_transition_steps=827392 rollout/episode_return_std=nan train/grad_norm=0.425361
[V25 PPO] phase=1 rollout/transitions=2338816 safety/h_hard_min=4.77549 train/value_loss=19.1587 train/value_explained_variance=0.933551 train/approx_kl=0.00805691 train/clip_epsilon=0.2 train/actor_lr=0.0003 train/post_transition_steps=831488 rollout/episode_return_std=nan train/grad_norm=0.54214
[V25 PPO] phase=1 rollout/transitions=2342912 safety/h_hard_min=4.78334 train/value_loss=23.5916 train/value_explained_variance=0.929033 train/approx_kl=0.0112974 train/clip_epsilon=0.2 train/actor_lr=0.0003 train/post_transition_steps=835584 rollout/episode_return_std=nan train/grad_norm=1.69689
[V25 PPO] phase=1 rollout/transitions=2347008 safety/h_hard_min=4.83974 train/value_loss=29.0246 train/value_explained_variance=0.905278 train/approx_kl=0.00767214 train/clip_epsilon=0.2 train/actor_lr=0.0003 train/post_transition_steps=839680 rollout/episode_return_std=nan train/grad_norm=12.1395
[V25 PPO] phase=1 rollout/transitions=2351104 safety/h_hard_min=4.75505 train/value_loss=26.644 train/value_explained_variance=0.927056 train/approx_kl=0.0111972 train/clip_epsilon=0.2 train/actor_lr=0.0003 train/post_transition_steps=843776 rollout/episode_return_std=nan train/grad_norm=4.08255
[V25 PPO] phase=1 rollout/transitions=2355200 safety/h_hard_min=4.91066 train/value_loss=18.7208 train/value_explained_variance=0.942883 train/approx_kl=0.00666585 train/clip_epsilon=0.2 train/actor_lr=0.0003 train/post_transition_steps=847872 rollout/episode_return_std=nan train/grad_norm=6.55544
[V25 PPO] phase=1 rollout/transitions=2359296 safety/h_hard_min=4.72451 train/value_loss=24.7836 train/value_explained_variance=0.934648 train/approx_kl=0.0101099 train/clip_epsilon=0.2 train/actor_lr=0.0003 train/post_transition_steps=851968 rollout/episode_return_std=nan train/grad_norm=0.308989
[V25 PPO] phase=1 rollout/transitions=2363392 safety/h_hard_min=4.80499 train/value_loss=19.6492 train/value_explained_variance=0.940711 train/approx_kl=0.00902648 train/clip_epsilon=0.2 train/actor_lr=0.0003 train/post_transition_steps=856064 rollout/episode_return_std=nan train/grad_norm=0.297912
[V25 PPO] phase=1 rollout/transitions=2367488 safety/h_hard_min=4.7926 train/value_loss=26.1208 train/value_explained_variance=0.92821 train/approx_kl=0.00975753 train/clip_epsilon=0.2 train/actor_lr=0.0003 train/post_transition_steps=860160 rollout/episode_return_std=nan train/grad_norm=1.70214
[V25 PPO] phase=1 rollout/transitions=2371584 safety/h_hard_min=4.79152 train/value_loss=22.8464 train/value_explained_variance=0.93454 train/approx_kl=0.0102483 train/clip_epsilon=0.2 train/actor_lr=0.0003 train/post_transition_steps=864256 rollout/episode_return_std=nan train/grad_norm=2.5438
[V25 PPO] phase=1 rollout/transitions=2375680 safety/h_hard_min=4.86399 train/value_loss=24.5247 train/value_explained_variance=0.925431 train/approx_kl=0.00741665 train/clip_epsilon=0.2 train/actor_lr=0.0003 train/post_transition_steps=868352 rollout/episode_return_std=nan train/grad_norm=4.22722
[V25 PPO] phase=1 rollout/transitions=2379776 safety/h_hard_min=4.81967 train/value_loss=26.5685 train/value_explained_variance=0.924229 train/approx_kl=0.00860954 train/clip_epsilon=0.2 train/actor_lr=0.0003 train/post_transition_steps=872448 rollout/episode_return_std=nan train/grad_norm=10.0848
[V25 PPO] phase=1 rollout/transitions=2383872 safety/h_hard_min=4.85566 train/value_loss=19.5698 train/value_explained_variance=0.934802 train/approx_kl=0.00744887 train/clip_epsilon=0.2 train/actor_lr=0.0003 train/post_transition_steps=876544 rollout/episode_return_std=nan train/grad_norm=1.06551
[V25 PPO] phase=1 rollout/transitions=2387968 safety/h_hard_min=4.80988 train/value_loss=20.0522 train/value_explained_variance=0.934596 train/approx_kl=0.00709233 train/clip_epsilon=0.2 train/actor_lr=0.0003 train/post_transition_steps=880640 rollout/episode_return_std=nan train/grad_norm=1.19485
[V25 PPO] phase=1 rollout/transitions=2392064 safety/h_hard_min=4.80606 train/value_loss=24.6536 train/value_explained_variance=0.926298 train/approx_kl=0.00764655 train/clip_epsilon=0.2 train/actor_lr=0.0003 train/post_transition_steps=884736 rollout/episode_return_std=nan train/grad_norm=1.5134
[V25 PPO] phase=1 rollout/transitions=2396160 safety/h_hard_min=4.81889 train/value_loss=26.064 train/value_explained_variance=0.921813 train/approx_kl=0.0111093 train/clip_epsilon=0.2 train/actor_lr=0.0003 train/post_transition_steps=888832 rollout/episode_return_std=nan train/grad_norm=1.41446
[V25 PPO] phase=1 rollout/transitions=2400256 safety/h_hard_min=4.83844 train/value_loss=24.1004 train/value_explained_variance=0.91368 train/approx_kl=0.00841329 train/clip_epsilon=0.2 train/actor_lr=0.0003 train/post_transition_steps=892928 rollout/episode_return_std=nan train/grad_norm=4.61286
[V25 PPO] phase=1 rollout/transitions=2404352 safety/h_hard_min=4.85517 train/value_loss=21.3307 train/value_explained_variance=0.920527 train/approx_kl=0.00764098 train/clip_epsilon=0.2 train/actor_lr=0.0003 train/post_transition_steps=897024 rollout/episode_return_std=nan train/grad_norm=10.0216
[V25 PPO] phase=1 rollout/transitions=2408448 safety/h_hard_min=4.81223 train/value_loss=23.4061 train/value_explained_variance=0.911886 train/approx_kl=0.00736991 train/clip_epsilon=0.2 train/actor_lr=0.0003 train/post_transition_steps=901120 rollout/episode_return_std=nan train/grad_norm=1.64928
[V25 PPO] phase=1 rollout/transitions=2412544 safety/h_hard_min=4.83284 train/value_loss=22.7533 train/value_explained_variance=0.923548 train/approx_kl=0.00853152 train/clip_epsilon=0.2 train/actor_lr=0.0003 train/post_transition_steps=905216 rollout/episode_return_std=nan train/grad_norm=0.234046
[V25 PPO] phase=1 rollout/transitions=2416640 safety/h_hard_min=4.76468 train/value_loss=26.9059 train/value_explained_variance=0.916189 train/approx_kl=0.00788157 train/clip_epsilon=0.2 train/actor_lr=0.0003 train/post_transition_steps=909312 rollout/episode_return_std=nan train/grad_norm=0.355665
[V25 PPO] phase=1 rollout/transitions=2420736 safety/h_hard_min=4.81541 train/value_loss=27.9193 train/value_explained_variance=0.900119 train/approx_kl=0.00771561 train/clip_epsilon=0.2 train/actor_lr=0.0003 train/post_transition_steps=913408 rollout/episode_return_std=nan train/grad_norm=0.62368
[V25 PPO] phase=1 rollout/transitions=2424832 safety/h_hard_min=4.77433 train/value_loss=27.8897 train/value_explained_variance=0.896129 train/approx_kl=0.00756704 train/clip_epsilon=0.2 train/actor_lr=0.0003 train/post_transition_steps=917504 rollout/episode_return_std=nan train/grad_norm=0.772928
[V25 PPO] phase=1 rollout/transitions=2428928 safety/h_hard_min=4.87131 train/value_loss=23.2344 train/value_explained_variance=0.915439 train/approx_kl=0.0100817 train/clip_epsilon=0.2 train/actor_lr=0.0003 train/post_transition_steps=921600 rollout/episode_return_std=nan train/grad_norm=0.555292
[V25 PPO] phase=1 rollout/transitions=2433024 safety/h_hard_min=4.82827 train/value_loss=23.631 train/value_explained_variance=0.923305 train/approx_kl=0.00590812 train/clip_epsilon=0.2 train/actor_lr=0.0003 train/post_transition_steps=925696 rollout/episode_return_std=nan train/grad_norm=0.687707
[V25 PPO] phase=1 rollout/transitions=2437120 safety/h_hard_min=4.80045 train/value_loss=21.963 train/value_explained_variance=0.931121 train/approx_kl=0.0078131 train/clip_epsilon=0.2 train/actor_lr=0.0003 train/post_transition_steps=929792 rollout/episode_return_std=nan train/grad_norm=1.30923
[V25 PPO] phase=1 rollout/transitions=2441216 safety/h_hard_min=4.89866 train/value_loss=23.0547 train/value_explained_variance=0.93348 train/approx_kl=0.00736185 train/clip_epsilon=0.2 train/actor_lr=0.0003 train/post_transition_steps=933888 rollout/episode_return_std=nan train/grad_norm=1.99127
[V25 PPO] phase=1 rollout/transitions=2445312 safety/h_hard_min=4.66768 train/value_loss=26.9314 train/value_explained_variance=0.914509 train/approx_kl=0.00812846 train/clip_epsilon=0.2 train/actor_lr=0.0003 train/post_transition_steps=937984 rollout/episode_return_std=nan train/grad_norm=2.30471
[V25 PPO] phase=1 rollout/transitions=2449408 safety/h_hard_min=4.96756 train/value_loss=18.5336 train/value_explained_variance=0.935386 train/approx_kl=0.00923791 train/clip_epsilon=0.2 train/actor_lr=0.0003 train/post_transition_steps=942080 rollout/episode_return_std=nan train/grad_norm=2.50596
[V25 PPO] phase=1 rollout/transitions=2453504 safety/h_hard_min=4.66833 train/value_loss=25.2463 train/value_explained_variance=0.914197 train/approx_kl=0.00884193 train/clip_epsilon=0.2 train/actor_lr=0.0003 train/post_transition_steps=946176 rollout/episode_return_std=nan train/grad_norm=4.6373
[V25 PPO] phase=1 rollout/transitions=2457600 safety/h_hard_min=4.93858 train/value_loss=19.685 train/value_explained_variance=0.924204 train/approx_kl=0.00794372 train/clip_epsilon=0.2 train/actor_lr=0.0003 train/post_transition_steps=950272 rollout/episode_return_std=nan train/grad_norm=11.7762
[V25 PPO] phase=1 rollout/transitions=2461696 safety/h_hard_min=4.78418 train/value_loss=18.8581 train/value_explained_variance=0.935181 train/approx_kl=0.0103292 train/clip_epsilon=0.2 train/actor_lr=0.0003 train/post_transition_steps=954368 rollout/episode_return_std=nan train/grad_norm=4.10151
[V25 PPO] phase=1 rollout/transitions=2465792 safety/h_hard_min=4.8318 train/value_loss=22.1283 train/value_explained_variance=0.928088 train/approx_kl=0.00823946 train/clip_epsilon=0.2 train/actor_lr=0.0003 train/post_transition_steps=958464 rollout/episode_return_std=nan train/grad_norm=2.32852
[V25 PPO] phase=1 rollout/transitions=2469888 safety/h_hard_min=4.81654 train/value_loss=18.1293 train/value_explained_variance=0.932872 train/approx_kl=0.00781415 train/clip_epsilon=0.2 train/actor_lr=0.0003 train/post_transition_steps=962560 rollout/episode_return_std=nan train/grad_norm=1.49765
[V25 PPO] phase=1 rollout/transitions=2473984 safety/h_hard_min=4.82644 train/value_loss=22.0511 train/value_explained_variance=0.926986 train/approx_kl=0.0090043 train/clip_epsilon=0.2 train/actor_lr=0.0003 train/post_transition_steps=966656 rollout/episode_return_std=nan train/grad_norm=11.7535
[V25 PPO] phase=1 rollout/transitions=2478080 safety/h_hard_min=4.76777 train/value_loss=23.2711 train/value_explained_variance=0.914389 train/approx_kl=0.00775832 train/clip_epsilon=0.2 train/actor_lr=0.0003 train/post_transition_steps=970752 rollout/episode_return_std=nan train/grad_norm=5.53652
[V25 PPO] phase=1 rollout/transitions=2482176 safety/h_hard_min=4.88116 train/value_loss=27.7991 train/value_explained_variance=0.908984 train/approx_kl=0.00917491 train/clip_epsilon=0.2 train/actor_lr=0.0003 train/post_transition_steps=974848 rollout/episode_return_std=nan train/grad_norm=0.654966
[V25 PPO] phase=1 rollout/transitions=2486272 safety/h_hard_min=4.7799 train/value_loss=30.2411 train/value_explained_variance=0.902659 train/approx_kl=0.00906148 train/clip_epsilon=0.2 train/actor_lr=0.0003 train/post_transition_steps=978944 rollout/episode_return_std=nan train/grad_norm=0.451763
[V25 PPO] phase=1 rollout/transitions=2490368 safety/h_hard_min=4.7262 train/value_loss=32.5589 train/value_explained_variance=0.89528 train/approx_kl=0.00988303 train/clip_epsilon=0.2 train/actor_lr=0.0003 train/post_transition_steps=983040 rollout/episode_return_std=nan train/grad_norm=0.478034
[V25 PPO] phase=1 rollout/transitions=2494464 safety/h_hard_min=4.78386 train/value_loss=26.7437 train/value_explained_variance=0.902049 train/approx_kl=0.00949477 train/clip_epsilon=0.2 train/actor_lr=0.0003 train/post_transition_steps=987136 rollout/episode_return_std=nan train/grad_norm=0.449658
[V25 PPO] phase=1 rollout/transitions=2498560 safety/h_hard_min=4.74787 train/value_loss=26.819 train/value_explained_variance=0.911654 train/approx_kl=0.00848315 train/clip_epsilon=0.2 train/actor_lr=0.0003 train/post_transition_steps=991232 rollout/episode_return_std=nan train/grad_norm=0.427646
[V25 PPO] phase=1 rollout/transitions=2502656 safety/h_hard_min=4.79813 train/value_loss=27.1121 train/value_explained_variance=0.908921 train/approx_kl=0.00844872 train/clip_epsilon=0.2 train/actor_lr=0.0003 train/post_transition_steps=995328 rollout/episode_return_std=nan train/grad_norm=3.67453
[V25 PPO] phase=1 rollout/transitions=2506752 safety/h_hard_min=4.76832 train/value_loss=26.803 train/value_explained_variance=0.902381 train/approx_kl=0.0101571 train/clip_epsilon=0.2 train/actor_lr=0.0003 train/post_transition_steps=999424 rollout/episode_return_std=nan train/grad_norm=2.46108
[V25 PPO] phase=1 rollout/transitions=2510848 safety/h_hard_min=4.82457 train/value_loss=28.6774 train/value_explained_variance=0.897962 train/approx_kl=0.00885571 train/clip_epsilon=0.2 train/actor_lr=0.0003 train/post_transition_steps=1003520 rollout/episode_return_std=nan train/grad_norm=9.47504
[V25 PPO] phase=1 rollout/transitions=2514944 safety/h_hard_min=4.86666 train/value_loss=24.3557 train/value_explained_variance=0.908275 train/approx_kl=0.00868704 train/clip_epsilon=0.2 train/actor_lr=0.0003 train/post_transition_steps=1007616 rollout/episode_return_std=nan train/grad_norm=0.842613
[V25 PPO] phase=1 rollout/transitions=2519040 safety/h_hard_min=4.84995 train/value_loss=21.964 train/value_explained_variance=0.91856 train/approx_kl=0.00847223 train/clip_epsilon=0.2 train/actor_lr=0.0003 train/post_transition_steps=1011712 rollout/episode_return_std=nan train/grad_norm=1.41798
[V25 PPO] phase=1 rollout/transitions=2523136 safety/h_hard_min=4.84168 train/value_loss=29.8044 train/value_explained_variance=0.904419 train/approx_kl=0.00972317 train/clip_epsilon=0.2 train/actor_lr=0.0003 train/post_transition_steps=1015808 rollout/episode_return_std=nan train/grad_norm=0.477885
[V25 PPO] phase=1 rollout/transitions=2527232 safety/h_hard_min=4.81916 train/value_loss=28.7108 train/value_explained_variance=0.908471 train/approx_kl=0.0095623 train/clip_epsilon=0.2 train/actor_lr=0.0003 train/post_transition_steps=1019904 rollout/episode_return_std=nan train/grad_norm=3.42776
[V25 PPO] phase=1 rollout/transitions=2531328 safety/h_hard_min=4.84015 train/value_loss=24.5562 train/value_explained_variance=0.918527 train/approx_kl=0.0102266 train/clip_epsilon=0.2 train/actor_lr=0.0003 train/post_transition_steps=1024000 rollout/episode_return_std=nan train/grad_norm=1.71907
[V25 PPO] phase=1 rollout/transitions=2535424 safety/h_hard_min=4.79833 train/value_loss=29.1917 train/value_explained_variance=0.900971 train/approx_kl=0.00851489 train/clip_epsilon=0.2 train/actor_lr=0.0003 train/post_transition_steps=1028096 rollout/episode_return_std=nan train/grad_norm=0.618448
[V25 PPO] phase=1 rollout/transitions=2539520 safety/h_hard_min=4.82053 train/value_loss=24.4546 train/value_explained_variance=0.910183 train/approx_kl=0.00980651 train/clip_epsilon=0.2 train/actor_lr=0.0003 train/post_transition_steps=1032192 rollout/episode_return_std=nan train/grad_norm=0.197388
[V25 PPO] phase=1 rollout/transitions=2543616 safety/h_hard_min=4.84201 train/value_loss=26.6926 train/value_explained_variance=0.909484 train/approx_kl=0.0107787 train/clip_epsilon=0.2 train/actor_lr=0.0003 train/post_transition_steps=1036288 rollout/episode_return_std=nan train/grad_norm=0.500887
[V25 PPO] phase=1 rollout/transitions=2547712 safety/h_hard_min=4.80762 train/value_loss=25.5697 train/value_explained_variance=0.91547 train/approx_kl=0.00812122 train/clip_epsilon=0.2 train/actor_lr=0.0003 train/post_transition_steps=1040384 rollout/episode_return_std=nan train/grad_norm=2.99686
[V25 PPO] phase=1 rollout/transitions=2551808 safety/h_hard_min=4.8187 train/value_loss=22.9082 train/value_explained_variance=0.91448 train/approx_kl=0.00805066 train/clip_epsilon=0.2 train/actor_lr=0.0003 train/post_transition_steps=1044480 rollout/episode_return_std=nan train/grad_norm=1.42607
[V25 PPO] phase=1 rollout/transitions=2555904 safety/h_hard_min=4.85695 train/value_loss=24.3559 train/value_explained_variance=0.91214 train/approx_kl=0.00885678 train/clip_epsilon=0.2 train/actor_lr=0.0003 train/post_transition_steps=1048576 rollout/episode_return_std=nan train/grad_norm=0.477769
[V25 PPO] phase=1 rollout/transitions=2560000 safety/h_hard_min=4.7991 train/value_loss=30.6649 train/value_explained_variance=0.8958 train/approx_kl=0.00868542 train/clip_epsilon=0.2 train/actor_lr=0.0003 train/post_transition_steps=1052672 rollout/episode_return_std=nan train/grad_norm=0.400578
[V25 PPO] phase=1 rollout/transitions=2564096 safety/h_hard_min=4.85335 train/value_loss=23.9911 train/value_explained_variance=0.906626 train/approx_kl=0.00836894 train/clip_epsilon=0.2 train/actor_lr=0.0003 train/post_transition_steps=1056768 rollout/episode_return_std=nan train/grad_norm=1.48026
[V25 PPO] phase=1 rollout/transitions=2568192 safety/h_hard_min=4.82955 train/value_loss=27.821 train/value_explained_variance=0.899721 train/approx_kl=0.00923722 train/clip_epsilon=0.2 train/actor_lr=0.0003 train/post_transition_steps=1060864 rollout/episode_return_std=nan train/grad_norm=1.92995
[V25 PPO] phase=1 rollout/transitions=2572288 safety/h_hard_min=4.80691 train/value_loss=28.881 train/value_explained_variance=0.895231 train/approx_kl=0.00823252 train/clip_epsilon=0.2 train/actor_lr=0.0003 train/post_transition_steps=1064960 rollout/episode_return_std=nan train/grad_norm=0.96699
[V25 PPO] phase=1 rollout/transitions=2576384 safety/h_hard_min=4.84377 train/value_loss=23.7739 train/value_explained_variance=0.909389 train/approx_kl=0.00930038 train/clip_epsilon=0.2 train/actor_lr=0.0003 train/post_transition_steps=1069056 rollout/episode_return_std=nan train/grad_norm=0.317863
[V25 PPO] phase=1 rollout/transitions=2580480 safety/h_hard_min=4.79869 train/value_loss=27.2389 train/value_explained_variance=0.898381 train/approx_kl=0.00825096 train/clip_epsilon=0.2 train/actor_lr=0.0003 train/post_transition_steps=1073152 rollout/episode_return_std=nan train/grad_norm=0.692798
[V25 PPO] phase=1 rollout/transitions=2584576 safety/h_hard_min=4.80179 train/value_loss=28.0451 train/value_explained_variance=0.89884 train/approx_kl=0.00798657 train/clip_epsilon=0.2 train/actor_lr=0.0003 train/post_transition_steps=1077248 rollout/episode_return_std=nan train/grad_norm=0.245885
[V25 PPO] phase=1 rollout/transitions=2588672 safety/h_hard_min=4.78418 train/value_loss=23.8835 train/value_explained_variance=0.896568 train/approx_kl=0.00753786 train/clip_epsilon=0.2 train/actor_lr=0.0003 train/post_transition_steps=1081344 rollout/episode_return_std=nan train/grad_norm=0.36853
[V25 PPO] phase=1 rollout/transitions=2592768 safety/h_hard_min=4.77352 train/value_loss=25.6625 train/value_explained_variance=0.893983 train/approx_kl=0.0086957 train/clip_epsilon=0.2 train/actor_lr=0.0003 train/post_transition_steps=1085440 rollout/episode_return_std=nan train/grad_norm=0.320325
[V25 PPO] phase=1 rollout/transitions=2596864 safety/h_hard_min=4.85939 train/value_loss=28.9143 train/value_explained_variance=0.897358 train/approx_kl=0.00978041 train/clip_epsilon=0.2 train/actor_lr=0.0003 train/post_transition_steps=1089536 rollout/episode_return_std=nan train/grad_norm=1.74698
[V25 PPO] phase=1 rollout/transitions=2600960 safety/h_hard_min=4.81628 train/value_loss=27.2322 train/value_explained_variance=0.887554 train/approx_kl=0.00901665 train/clip_epsilon=0.2 train/actor_lr=0.0003 train/post_transition_steps=1093632 rollout/episode_return_std=nan train/grad_norm=1.36977
[V25 PPO] phase=1 rollout/transitions=2605056 safety/h_hard_min=4.85104 train/value_loss=22.6415 train/value_explained_variance=0.89172 train/approx_kl=0.00590393 train/clip_epsilon=0.2 train/actor_lr=0.0003 train/post_transition_steps=1097728 rollout/episode_return_std=nan train/grad_norm=1.81536
[V25 PPO] phase=1 rollout/transitions=2609152 safety/h_hard_min=4.78152 train/value_loss=30.6463 train/value_explained_variance=0.878886 train/approx_kl=0.0106109 train/clip_epsilon=0.2 train/actor_lr=0.0003 train/post_transition_steps=1101824 rollout/episode_return_std=nan train/grad_norm=2.19393
[V25 PPO] phase=1 rollout/transitions=2613248 safety/h_hard_min=4.89661 train/value_loss=30.0335 train/value_explained_variance=0.889018 train/approx_kl=0.00931549 train/clip_epsilon=0.2 train/actor_lr=0.0003 train/post_transition_steps=1105920 rollout/episode_return_std=nan train/grad_norm=2.73141
[V25 PPO] phase=1 rollout/transitions=2617344 safety/h_hard_min=4.74443 train/value_loss=32.1215 train/value_explained_variance=0.891168 train/approx_kl=0.00984535 train/clip_epsilon=0.2 train/actor_lr=0.0003 train/post_transition_steps=1110016 rollout/episode_return_std=nan train/grad_norm=0.441863
[V25 PPO] phase=1 rollout/transitions=2621440 safety/h_hard_min=4.94431 train/value_loss=22.0494 train/value_explained_variance=0.913489 train/approx_kl=0.00816755 train/clip_epsilon=0.2 train/actor_lr=0.0003 train/post_transition_steps=1114112 rollout/episode_return_std=nan train/grad_norm=2.22794
[V25 PPO] phase=1 rollout/transitions=2625536 safety/h_hard_min=4.83041 train/value_loss=18.4031 train/value_explained_variance=0.921398 train/approx_kl=0.00839256 train/clip_epsilon=0.2 train/actor_lr=0.0003 train/post_transition_steps=1118208 rollout/episode_return_std=nan train/grad_norm=2.9838
[V25 PPO] phase=1 rollout/transitions=2629632 safety/h_hard_min=4.87641 train/value_loss=19.181 train/value_explained_variance=0.914976 train/approx_kl=0.00852483 train/clip_epsilon=0.2 train/actor_lr=0.0003 train/post_transition_steps=1122304 rollout/episode_return_std=nan train/grad_norm=3.24031
[V25 PPO] phase=1 rollout/transitions=2633728 safety/h_hard_min=4.81708 train/value_loss=26.7172 train/value_explained_variance=0.899167 train/approx_kl=0.0105371 train/clip_epsilon=0.2 train/actor_lr=0.0003 train/post_transition_steps=1126400 rollout/episode_return_std=nan train/grad_norm=0.587614
[V25 PPO] phase=1 rollout/transitions=2637824 safety/h_hard_min=4.84842 train/value_loss=24.7586 train/value_explained_variance=0.90428 train/approx_kl=0.00916465 train/clip_epsilon=0.2 train/actor_lr=0.0003 train/post_transition_steps=1130496 rollout/episode_return_std=nan train/grad_norm=0.473259
[V25 PPO] phase=1 rollout/transitions=2641920 safety/h_hard_min=4.76676 train/value_loss=32.2001 train/value_explained_variance=0.884825 train/approx_kl=0.00894891 train/clip_epsilon=0.2 train/actor_lr=0.0003 train/post_transition_steps=1134592 rollout/episode_return_std=nan train/grad_norm=0.672217
[V25 PPO] phase=1 rollout/transitions=2646016 safety/h_hard_min=4.81632 train/value_loss=22.0197 train/value_explained_variance=0.915374 train/approx_kl=0.0103766 train/clip_epsilon=0.2 train/actor_lr=0.0003 train/post_transition_steps=1138688 rollout/episode_return_std=nan train/grad_norm=1.49705
[V25 PPO] phase=1 rollout/transitions=2650112 safety/h_hard_min=4.91916 train/value_loss=26.5407 train/value_explained_variance=0.91748 train/approx_kl=0.0100864 train/clip_epsilon=0.2 train/actor_lr=0.0003 train/post_transition_steps=1142784 rollout/episode_return_std=nan train/grad_norm=7.04003
[V25 PPO] phase=1 rollout/transitions=2654208 safety/h_hard_min=4.91971 train/value_loss=18.6105 train/value_explained_variance=0.922339 train/approx_kl=0.00417783 train/clip_epsilon=0.2 train/actor_lr=0.0003 train/post_transition_steps=1146880 rollout/episode_return_std=nan train/grad_norm=11.1099
[V25 PPO] phase=1 rollout/transitions=2658304 safety/h_hard_min=4.88763 train/value_loss=21.4922 train/value_explained_variance=0.924338 train/approx_kl=0.0134844 train/clip_epsilon=0.2 train/actor_lr=0.0003 train/post_transition_steps=1150976 rollout/episode_return_std=nan train/grad_norm=3.8343
[V25 PPO] phase=1 rollout/transitions=2662400 safety/h_hard_min=4.86092 train/value_loss=23.3321 train/value_explained_variance=0.911373 train/approx_kl=0.0100395 train/clip_epsilon=0.2 train/actor_lr=0.0003 train/post_transition_steps=1155072 rollout/episode_return_std=nan train/grad_norm=4.79652
[V25 PPO] phase=1 rollout/transitions=2666496 safety/h_hard_min=4.83448 train/value_loss=20.5981 train/value_explained_variance=0.918752 train/approx_kl=0.00950385 train/clip_epsilon=0.2 train/actor_lr=0.0003 train/post_transition_steps=1159168 rollout/episode_return_std=nan train/grad_norm=2.36255
[V25 PPO] phase=1 rollout/transitions=2670592 safety/h_hard_min=4.82826 train/value_loss=22.8968 train/value_explained_variance=0.912297 train/approx_kl=0.0087521 train/clip_epsilon=0.2 train/actor_lr=0.0003 train/post_transition_steps=1163264 rollout/episode_return_std=nan train/grad_norm=1.40624
[V25 PPO] phase=1 rollout/transitions=2674688 safety/h_hard_min=4.89538 train/value_loss=25.3278 train/value_explained_variance=0.91414 train/approx_kl=0.0100874 train/clip_epsilon=0.2 train/actor_lr=0.0003 train/post_transition_steps=1167360 rollout/episode_return_std=nan train/grad_norm=0.479339
[V25 PPO] phase=1 rollout/transitions=2678784 safety/h_hard_min=4.83834 train/value_loss=23.8655 train/value_explained_variance=0.910183 train/approx_kl=0.00883116 train/clip_epsilon=0.2 train/actor_lr=0.0003 train/post_transition_steps=1171456 rollout/episode_return_std=nan train/grad_norm=1.34023
[V25 PPO] phase=1 rollout/transitions=2682880 safety/h_hard_min=4.79945 train/value_loss=24.2931 train/value_explained_variance=0.906001 train/approx_kl=0.00814558 train/clip_epsilon=0.2 train/actor_lr=0.0003 train/post_transition_steps=1175552 rollout/episode_return_std=nan train/grad_norm=0.188806
[V25 PPO] phase=1 rollout/transitions=2686976 safety/h_hard_min=4.83054 train/value_loss=28.9798 train/value_explained_variance=0.908339 train/approx_kl=0.0107254 train/clip_epsilon=0.2 train/actor_lr=0.0003 train/post_transition_steps=1179648 rollout/episode_return_std=nan train/grad_norm=0.719641
[V25 PPO] phase=1 rollout/transitions=2691072 safety/h_hard_min=4.79847 train/value_loss=25.444 train/value_explained_variance=0.907768 train/approx_kl=0.0094826 train/clip_epsilon=0.2 train/actor_lr=0.0003 train/post_transition_steps=1183744 rollout/episode_return_std=nan train/grad_norm=0.47412
[V25 PPO] phase=1 rollout/transitions=2695168 safety/h_hard_min=4.81208 train/value_loss=29.7984 train/value_explained_variance=0.898945 train/approx_kl=0.00955852 train/clip_epsilon=0.2 train/actor_lr=0.0003 train/post_transition_steps=1187840 rollout/episode_return_std=nan train/grad_norm=1.43356
[V25 PPO] phase=1 rollout/transitions=2699264 safety/h_hard_min=4.70412 train/value_loss=26.2839 train/value_explained_variance=0.898871 train/approx_kl=0.00887482 train/clip_epsilon=0.2 train/actor_lr=0.0003 train/post_transition_steps=1191936 rollout/episode_return_std=nan train/grad_norm=0.434961
[V25 PPO] phase=1 rollout/transitions=2703360 safety/h_hard_min=4.81055 train/value_loss=25.1122 train/value_explained_variance=0.907704 train/approx_kl=0.00940359 train/clip_epsilon=0.2 train/actor_lr=0.0003 train/post_transition_steps=1196032 rollout/episode_return_std=nan train/grad_norm=0.849697
[V25 PPO] phase=1 rollout/transitions=2707456 safety/h_hard_min=4.81088 train/value_loss=25.0901 train/value_explained_variance=0.899447 train/approx_kl=0.00975807 train/clip_epsilon=0.2 train/actor_lr=0.0003 train/post_transition_steps=1200128 rollout/episode_return_std=nan train/grad_norm=1.29575
[V25 PPO] phase=1 rollout/transitions=2711552 safety/h_hard_min=4.74661 train/value_loss=20.0374 train/value_explained_variance=0.90477 train/approx_kl=0.00698458 train/clip_epsilon=0.2 train/actor_lr=0.0003 train/post_transition_steps=1204224 rollout/episode_return_std=nan train/grad_norm=2.26481
[V25 PPO] phase=1 rollout/transitions=2715648 safety/h_hard_min=4.79662 train/value_loss=19.9895 train/value_explained_variance=0.910594 train/approx_kl=0.00847573 train/clip_epsilon=0.2 train/actor_lr=0.0003 train/post_transition_steps=1208320 rollout/episode_return_std=nan train/grad_norm=0.537097
[V25 PPO] phase=1 rollout/transitions=2719744 safety/h_hard_min=4.8331 train/value_loss=26.7385 train/value_explained_variance=0.895748 train/approx_kl=0.00851444 train/clip_epsilon=0.2 train/actor_lr=0.0003 train/post_transition_steps=1212416 rollout/episode_return_std=nan train/grad_norm=0.583819
[V25 PPO] phase=1 rollout/transitions=2723840 safety/h_hard_min=4.80965 train/value_loss=28.3099 train/value_explained_variance=0.897084 train/approx_kl=0.00932073 train/clip_epsilon=0.2 train/actor_lr=0.0003 train/post_transition_steps=1216512 rollout/episode_return_std=nan train/grad_norm=0.189293
[V25 PPO] phase=1 rollout/transitions=2727936 safety/h_hard_min=4.83787 train/value_loss=25.5861 train/value_explained_variance=0.893974 train/approx_kl=0.00947582 train/clip_epsilon=0.2 train/actor_lr=0.0003 train/post_transition_steps=1220608 rollout/episode_return_std=nan train/grad_norm=1.03174
[V25 PPO] phase=1 rollout/transitions=2732032 safety/h_hard_min=4.82884 train/value_loss=22.1256 train/value_explained_variance=0.906166 train/approx_kl=0.00997938 train/clip_epsilon=0.2 train/actor_lr=0.0003 train/post_transition_steps=1224704 rollout/episode_return_std=nan train/grad_norm=0.887475
[V25 PPO] phase=1 rollout/transitions=2736128 safety/h_hard_min=4.82153 train/value_loss=28.9742 train/value_explained_variance=0.882546 train/approx_kl=0.0112617 train/clip_epsilon=0.2 train/actor_lr=0.0003 train/post_transition_steps=1228800 rollout/episode_return_std=nan train/grad_norm=3.15419
[V25 PPO] phase=1 rollout/transitions=2740224 safety/h_hard_min=4.83554 train/value_loss=23.1874 train/value_explained_variance=0.904008 train/approx_kl=0.00973623 train/clip_epsilon=0.2 train/actor_lr=0.0003 train/post_transition_steps=1232896 rollout/episode_return_std=nan train/grad_norm=0.196909
[V25 PPO] phase=1 rollout/transitions=2744320 safety/h_hard_min=4.82108 train/value_loss=26.6727 train/value_explained_variance=0.897544 train/approx_kl=0.0100344 train/clip_epsilon=0.2 train/actor_lr=0.0003 train/post_transition_steps=1236992 rollout/episode_return_std=nan train/grad_norm=0.377249
[V25 PPO] phase=1 rollout/transitions=2748416 safety/h_hard_min=4.84188 train/value_loss=27.7196 train/value_explained_variance=0.888326 train/approx_kl=0.0108791 train/clip_epsilon=0.2 train/actor_lr=0.0003 train/post_transition_steps=1241088 rollout/episode_return_std=nan train/grad_norm=1.57574
[V25 PPO] phase=1 rollout/transitions=2752512 safety/h_hard_min=4.83364 train/value_loss=24.0549 train/value_explained_variance=0.891239 train/approx_kl=0.0083298 train/clip_epsilon=0.2 train/actor_lr=0.0003 train/post_transition_steps=1245184 rollout/episode_return_std=nan train/grad_norm=0.739819
[V25 PPO] phase=1 rollout/transitions=2756608 safety/h_hard_min=4.83 train/value_loss=20.2866 train/value_explained_variance=0.893872 train/approx_kl=0.00715514 train/clip_epsilon=0.2 train/actor_lr=0.0003 train/post_transition_steps=1249280 rollout/episode_return_std=nan train/grad_norm=4.22275
[V25 PPO] phase=1 rollout/transitions=2760704 safety/h_hard_min=4.72228 train/value_loss=29.3818 train/value_explained_variance=0.882351 train/approx_kl=0.00851232 train/clip_epsilon=0.2 train/actor_lr=0.0003 train/post_transition_steps=1253376 rollout/episode_return_std=nan train/grad_norm=0.464721
[V25 PPO] phase=1 rollout/transitions=2764800 safety/h_hard_min=4.81143 train/value_loss=24.864 train/value_explained_variance=0.876973 train/approx_kl=0.0101176 train/clip_epsilon=0.2 train/actor_lr=0.0003 train/post_transition_steps=1257472 rollout/episode_return_std=nan train/grad_norm=5.46563
[V25 PPO] phase=1 rollout/transitions=2768896 safety/h_hard_min=4.73089 train/value_loss=27.2365 train/value_explained_variance=0.892244 train/approx_kl=0.00855519 train/clip_epsilon=0.2 train/actor_lr=0.0003 train/post_transition_steps=1261568 rollout/episode_return_std=nan train/grad_norm=2.70664
[V25 PPO] phase=1 rollout/transitions=2772992 safety/h_hard_min=4.85668 train/value_loss=27.7447 train/value_explained_variance=0.894426 train/approx_kl=0.010743 train/clip_epsilon=0.2 train/actor_lr=0.0003 train/post_transition_steps=1265664 rollout/episode_return_std=nan train/grad_norm=2.96668
[V25 PPO] phase=1 rollout/transitions=2777088 safety/h_hard_min=4.72185 train/value_loss=27.0356 train/value_explained_variance=0.894813 train/approx_kl=0.00995237 train/clip_epsilon=0.2 train/actor_lr=0.0003 train/post_transition_steps=1269760 rollout/episode_return_std=nan train/grad_norm=0.867927
[V25 PPO] phase=1 rollout/transitions=2781184 safety/h_hard_min=4.76238 train/value_loss=21.9131 train/value_explained_variance=0.890833 train/approx_kl=0.00864502 train/clip_epsilon=0.2 train/actor_lr=0.0003 train/post_transition_steps=1273856 rollout/episode_return_std=nan train/grad_norm=0.720523
[V25 PPO] phase=1 rollout/transitions=2785280 safety/h_hard_min=4.80152 train/value_loss=19.8302 train/value_explained_variance=0.904276 train/approx_kl=0.00830841 train/clip_epsilon=0.2 train/actor_lr=0.0003 train/post_transition_steps=1277952 rollout/episode_return_std=nan train/grad_norm=2.59555
[V25 PPO] phase=1 rollout/transitions=2789376 safety/h_hard_min=4.80103 train/value_loss=24.1301 train/value_explained_variance=0.896979 train/approx_kl=0.00935587 train/clip_epsilon=0.2 train/actor_lr=0.0003 train/post_transition_steps=1282048 rollout/episode_return_std=nan train/grad_norm=0.91449
[V25 PPO] phase=1 rollout/transitions=2793472 safety/h_hard_min=4.80402 train/value_loss=26.5818 train/value_explained_variance=0.887656 train/approx_kl=0.00939277 train/clip_epsilon=0.2 train/actor_lr=0.0003 train/post_transition_steps=1286144 rollout/episode_return_std=nan train/grad_norm=2.41729
[V25 PPO] phase=1 rollout/transitions=2797568 safety/h_hard_min=4.8214 train/value_loss=21.8628 train/value_explained_variance=0.898022 train/approx_kl=0.00968449 train/clip_epsilon=0.2 train/actor_lr=0.0003 train/post_transition_steps=1290240 rollout/episode_return_std=nan train/grad_norm=2.14901
[V25 PPO] phase=1 rollout/transitions=2801664 safety/h_hard_min=4.83446 train/value_loss=22.307 train/value_explained_variance=0.893902 train/approx_kl=0.00908386 train/clip_epsilon=0.2 train/actor_lr=0.0003 train/post_transition_steps=1294336 rollout/episode_return_std=nan train/grad_norm=1.15697
[V25 PPO] phase=1 rollout/transitions=2805760 safety/h_hard_min=4.84182 train/value_loss=24.4592 train/value_explained_variance=0.89082 train/approx_kl=0.00843001 train/clip_epsilon=0.2 train/actor_lr=0.0003 train/post_transition_steps=1298432 rollout/episode_return_std=nan train/grad_norm=1.14848
[V25 PPO] phase=1 rollout/transitions=2809856 safety/h_hard_min=4.84886 train/value_loss=28.3063 train/value_explained_variance=0.88644 train/approx_kl=0.0101671 train/clip_epsilon=0.2 train/actor_lr=0.0003 train/post_transition_steps=1302528 rollout/episode_return_std=nan train/grad_norm=3.61654
[V25 PPO] phase=1 rollout/transitions=2813952 safety/h_hard_min=4.8549 train/value_loss=22.4735 train/value_explained_variance=0.892828 train/approx_kl=0.0107757 train/clip_epsilon=0.2 train/actor_lr=0.0003 train/post_transition_steps=1306624 rollout/episode_return_std=nan train/grad_norm=4.76631
[V25 PPO] phase=1 rollout/transitions=2818048 safety/h_hard_min=4.76845 train/value_loss=28.0565 train/value_explained_variance=0.881147 train/approx_kl=0.00863845 train/clip_epsilon=0.2 train/actor_lr=0.0003 train/post_transition_steps=1310720 rollout/episode_return_std=nan train/grad_norm=2.24287
[V25 PPO] phase=1 rollout/transitions=2822144 safety/h_hard_min=4.73875 train/value_loss=31.8846 train/value_explained_variance=0.872755 train/approx_kl=0.0103581 train/clip_epsilon=0.2 train/actor_lr=0.0003 train/post_transition_steps=1314816 rollout/episode_return_std=nan train/grad_norm=0.709146
[V25 PPO] phase=1 rollout/transitions=2826240 safety/h_hard_min=4.80135 train/value_loss=25.9743 train/value_explained_variance=0.889924 train/approx_kl=0.00982422 train/clip_epsilon=0.2 train/actor_lr=0.0003 train/post_transition_steps=1318912 rollout/episode_return_std=nan train/grad_norm=3.07578
[V25 PPO] phase=1 rollout/transitions=2830336 safety/h_hard_min=4.87658 train/value_loss=21.2587 train/value_explained_variance=0.901574 train/approx_kl=0.00982031 train/clip_epsilon=0.2 train/actor_lr=0.0003 train/post_transition_steps=1323008 rollout/episode_return_std=nan train/grad_norm=1.57932
[V25 PPO] phase=1 rollout/transitions=2834432 safety/h_hard_min=4.8442 train/value_loss=24.2048 train/value_explained_variance=0.883152 train/approx_kl=0.00866659 train/clip_epsilon=0.2 train/actor_lr=0.0003 train/post_transition_steps=1327104 rollout/episode_return_std=nan train/grad_norm=1.12458
[V25 PPO] phase=1 rollout/transitions=2838528 safety/h_hard_min=4.84364 train/value_loss=22.3805 train/value_explained_variance=0.889145 train/approx_kl=0.00881163 train/clip_epsilon=0.2 train/actor_lr=0.0003 train/post_transition_steps=1331200 rollout/episode_return_std=nan train/grad_norm=4.48494
[V25 PPO] phase=1 rollout/transitions=2842624 safety/h_hard_min=4.83707 train/value_loss=26.9049 train/value_explained_variance=0.882058 train/approx_kl=0.00781018 train/clip_epsilon=0.2 train/actor_lr=0.0003 train/post_transition_steps=1335296 rollout/episode_return_std=nan train/grad_norm=1.85931
[V25 PPO] phase=1 rollout/transitions=2846720 safety/h_hard_min=4.84157 train/value_loss=21.5098 train/value_explained_variance=0.894946 train/approx_kl=0.0117932 train/clip_epsilon=0.2 train/actor_lr=0.0003 train/post_transition_steps=1339392 rollout/episode_return_std=nan train/grad_norm=0.817537
[V25 PPO] phase=1 rollout/transitions=2850816 safety/h_hard_min=4.8625 train/value_loss=26.8369 train/value_explained_variance=0.886307 train/approx_kl=0.00898963 train/clip_epsilon=0.2 train/actor_lr=0.0003 train/post_transition_steps=1343488 rollout/episode_return_std=nan train/grad_norm=1.3202
[V25 PPO] phase=1 rollout/transitions=2854912 safety/h_hard_min=4.87141 train/value_loss=22.3009 train/value_explained_variance=0.903534 train/approx_kl=0.00874106 train/clip_epsilon=0.2 train/actor_lr=0.0003 train/post_transition_steps=1347584 rollout/episode_return_std=nan train/grad_norm=1.52981
[V25 PPO] phase=1 rollout/transitions=2859008 safety/h_hard_min=4.86458 train/value_loss=22.2768 train/value_explained_variance=0.901016 train/approx_kl=0.00892007 train/clip_epsilon=0.2 train/actor_lr=0.0003 train/post_transition_steps=1351680 rollout/episode_return_std=nan train/grad_norm=2.85324
[V25 PPO] phase=1 rollout/transitions=2863104 safety/h_hard_min=4.80678 train/value_loss=25.4986 train/value_explained_variance=0.883528 train/approx_kl=0.00788185 train/clip_epsilon=0.2 train/actor_lr=0.0003 train/post_transition_steps=1355776 rollout/episode_return_std=nan train/grad_norm=2.7993
[V25 PPO] phase=1 rollout/transitions=2867200 safety/h_hard_min=4.83776 train/value_loss=22.9637 train/value_explained_variance=0.89131 train/approx_kl=0.010296 train/clip_epsilon=0.2 train/actor_lr=0.0003 train/post_transition_steps=1359872 rollout/episode_return_std=nan train/grad_norm=0.769393
[V25 PPO] phase=1 rollout/transitions=2871296 safety/h_hard_min=4.89742 train/value_loss=21.0578 train/value_explained_variance=0.889338 train/approx_kl=0.0103178 train/clip_epsilon=0.2 train/actor_lr=0.0003 train/post_transition_steps=1363968 rollout/episode_return_std=nan train/grad_norm=0.557093
[V25 PPO] phase=1 rollout/transitions=2875392 safety/h_hard_min=4.82911 train/value_loss=20.9887 train/value_explained_variance=0.887525 train/approx_kl=0.00748534 train/clip_epsilon=0.2 train/actor_lr=0.0003 train/post_transition_steps=1368064 rollout/episode_return_std=nan train/grad_norm=0.945457
[V25 PPO] phase=1 rollout/transitions=2879488 safety/h_hard_min=4.84697 train/value_loss=24.5066 train/value_explained_variance=0.885007 train/approx_kl=0.00974547 train/clip_epsilon=0.2 train/actor_lr=0.0003 train/post_transition_steps=1372160 rollout/episode_return_std=nan train/grad_norm=0.625701
[V25 PPO] phase=1 rollout/transitions=2883584 safety/h_hard_min=4.8229 train/value_loss=23.1928 train/value_explained_variance=0.888377 train/approx_kl=0.00744005 train/clip_epsilon=0.2 train/actor_lr=0.0003 train/post_transition_steps=1376256 rollout/episode_return_std=nan train/grad_norm=2.23707
[V25 PPO] phase=1 rollout/transitions=2887680 safety/h_hard_min=4.89342 train/value_loss=24.2819 train/value_explained_variance=0.885729 train/approx_kl=0.0104341 train/clip_epsilon=0.2 train/actor_lr=0.0003 train/post_transition_steps=1380352 rollout/episode_return_std=nan train/grad_norm=2.51417
[V25 PPO] phase=1 rollout/transitions=2891776 safety/h_hard_min=4.85989 train/value_loss=21.6781 train/value_explained_variance=0.89674 train/approx_kl=0.0103583 train/clip_epsilon=0.2 train/actor_lr=0.0003 train/post_transition_steps=1384448 rollout/episode_return_std=nan train/grad_norm=1.01463
[V25 PPO] phase=1 rollout/transitions=2895872 safety/h_hard_min=4.84074 train/value_loss=24.7765 train/value_explained_variance=0.882013 train/approx_kl=0.00903902 train/clip_epsilon=0.2 train/actor_lr=0.0003 train/post_transition_steps=1388544 rollout/episode_return_std=nan train/grad_norm=3.18534
[V25 PPO] phase=1 rollout/transitions=2899968 safety/h_hard_min=4.87533 train/value_loss=24.8622 train/value_explained_variance=0.883074 train/approx_kl=0.00981689 train/clip_epsilon=0.2 train/actor_lr=0.0003 train/post_transition_steps=1392640 rollout/episode_return_std=nan train/grad_norm=1.12407
[V25 PPO] phase=1 rollout/transitions=2904064 safety/h_hard_min=4.86879 train/value_loss=21.8618 train/value_explained_variance=0.886469 train/approx_kl=0.00863156 train/clip_epsilon=0.2 train/actor_lr=0.0003 train/post_transition_steps=1396736 rollout/episode_return_std=nan train/grad_norm=5.49342
[V25 PPO] phase=1 rollout/transitions=2908160 safety/h_hard_min=4.81112 train/value_loss=23.2488 train/value_explained_variance=0.881826 train/approx_kl=0.00970433 train/clip_epsilon=0.2 train/actor_lr=0.0003 train/post_transition_steps=1400832 rollout/episode_return_std=nan train/grad_norm=3.60246
[V25 PPO] phase=1 rollout/transitions=2912256 safety/h_hard_min=4.84556 train/value_loss=18.5821 train/value_explained_variance=0.901303 train/approx_kl=0.00804704 train/clip_epsilon=0.2 train/actor_lr=0.0003 train/post_transition_steps=1404928 rollout/episode_return_std=nan train/grad_norm=3.59005
[V25 PPO] phase=1 rollout/transitions=2916352 safety/h_hard_min=4.85488 train/value_loss=25.9269 train/value_explained_variance=0.881167 train/approx_kl=0.0105663 train/clip_epsilon=0.2 train/actor_lr=0.0003 train/post_transition_steps=1409024 rollout/episode_return_std=nan train/grad_norm=3.52122
[V25 PPO] phase=1 rollout/transitions=2920448 safety/h_hard_min=4.88358 train/value_loss=20.5448 train/value_explained_variance=0.89602 train/approx_kl=0.0100262 train/clip_epsilon=0.2 train/actor_lr=0.0003 train/post_transition_steps=1413120 rollout/episode_return_std=nan train/grad_norm=2.03009
[V25 PPO] phase=1 rollout/transitions=2924544 safety/h_hard_min=4.82286 train/value_loss=24.4883 train/value_explained_variance=0.884025 train/approx_kl=0.00955043 train/clip_epsilon=0.2 train/actor_lr=0.0003 train/post_transition_steps=1417216 rollout/episode_return_std=nan train/grad_norm=0.825301
[V25 PPO] phase=1 rollout/transitions=2928640 safety/h_hard_min=4.84805 train/value_loss=20.2284 train/value_explained_variance=0.897262 train/approx_kl=0.0105932 train/clip_epsilon=0.2 train/actor_lr=0.0003 train/post_transition_steps=1421312 rollout/episode_return_std=nan train/grad_norm=1.49557
[V25 PPO] phase=1 rollout/transitions=2932736 safety/h_hard_min=4.79652 train/value_loss=23.2348 train/value_explained_variance=0.871028 train/approx_kl=0.00638705 train/clip_epsilon=0.2 train/actor_lr=0.0003 train/post_transition_steps=1425408 rollout/episode_return_std=nan train/grad_norm=1.56081
[V25 PPO] phase=1 rollout/transitions=2936832 safety/h_hard_min=4.85339 train/value_loss=22.6214 train/value_explained_variance=0.888537 train/approx_kl=0.00934378 train/clip_epsilon=0.2 train/actor_lr=0.0003 train/post_transition_steps=1429504 rollout/episode_return_std=nan train/grad_norm=2.09621
[V25 PPO] phase=1 rollout/transitions=2940928 safety/h_hard_min=4.82285 train/value_loss=27.3242 train/value_explained_variance=0.878674 train/approx_kl=0.0109201 train/clip_epsilon=0.2 train/actor_lr=0.0003 train/post_transition_steps=1433600 rollout/episode_return_std=nan train/grad_norm=0.77282
[V25 PPO] phase=1 rollout/transitions=2945024 safety/h_hard_min=4.8505 train/value_loss=22.687 train/value_explained_variance=0.893545 train/approx_kl=0.00837734 train/clip_epsilon=0.2 train/actor_lr=0.0003 train/post_transition_steps=1437696 rollout/episode_return_std=nan train/grad_norm=2.35725
[V25 PPO] phase=1 rollout/transitions=2949120 safety/h_hard_min=4.85676 train/value_loss=21.0857 train/value_explained_variance=0.891245 train/approx_kl=0.00817995 train/clip_epsilon=0.2 train/actor_lr=0.0003 train/post_transition_steps=1441792 rollout/episode_return_std=nan train/grad_norm=0.218526
[V25 PPO] phase=1 rollout/transitions=2953216 safety/h_hard_min=4.83717 train/value_loss=27.4485 train/value_explained_variance=0.876875 train/approx_kl=0.0101102 train/clip_epsilon=0.2 train/actor_lr=0.0003 train/post_transition_steps=1445888 rollout/episode_return_std=nan train/grad_norm=1.16255
[V25 PPO] phase=1 rollout/transitions=2957312 safety/h_hard_min=4.79872 train/value_loss=23.4599 train/value_explained_variance=0.879427 train/approx_kl=0.00927687 train/clip_epsilon=0.2 train/actor_lr=0.0003 train/post_transition_steps=1449984 rollout/episode_return_std=nan train/grad_norm=2.00923
[V25 PPO] phase=1 rollout/transitions=2961408 safety/h_hard_min=4.86233 train/value_loss=24.0055 train/value_explained_variance=0.886029 train/approx_kl=0.00928821 train/clip_epsilon=0.2 train/actor_lr=0.0003 train/post_transition_steps=1454080 rollout/episode_return_std=nan train/grad_norm=1.53536
[V25 PPO] phase=1 rollout/transitions=2965504 safety/h_hard_min=4.84177 train/value_loss=26.5402 train/value_explained_variance=0.874377 train/approx_kl=0.00923145 train/clip_epsilon=0.2 train/actor_lr=0.0003 train/post_transition_steps=1458176 rollout/episode_return_std=nan train/grad_norm=1.75508
[V25 PPO] phase=1 rollout/transitions=2969600 safety/h_hard_min=4.73313 train/value_loss=23.074 train/value_explained_variance=0.886446 train/approx_kl=0.0085513 train/clip_epsilon=0.2 train/actor_lr=0.0003 train/post_transition_steps=1462272 rollout/episode_return_std=nan train/grad_norm=0.75138
[V25 PPO] phase=1 rollout/transitions=2973696 safety/h_hard_min=4.81315 train/value_loss=25.4243 train/value_explained_variance=0.867789 train/approx_kl=0.0082106 train/clip_epsilon=0.2 train/actor_lr=0.0003 train/post_transition_steps=1466368 rollout/episode_return_std=nan train/grad_norm=0.540942
[V25 PPO] phase=1 rollout/transitions=2977792 safety/h_hard_min=4.82214 train/value_loss=23.7678 train/value_explained_variance=0.87149 train/approx_kl=0.00826744 train/clip_epsilon=0.2 train/actor_lr=0.0003 train/post_transition_steps=1470464 rollout/episode_return_std=nan train/grad_norm=2.43471
[V25 PPO] phase=1 rollout/transitions=2981888 safety/h_hard_min=4.85949 train/value_loss=23.4529 train/value_explained_variance=0.883816 train/approx_kl=0.00891832 train/clip_epsilon=0.2 train/actor_lr=0.0003 train/post_transition_steps=1474560 rollout/episode_return_std=nan train/grad_norm=1.44997
[V25 PPO] phase=1 rollout/transitions=2985984 safety/h_hard_min=4.80099 train/value_loss=22.5756 train/value_explained_variance=0.884958 train/approx_kl=0.0094551 train/clip_epsilon=0.2 train/actor_lr=0.0003 train/post_transition_steps=1478656 rollout/episode_return_std=nan train/grad_norm=1.30452
[V25 PPO] phase=1 rollout/transitions=2990080 safety/h_hard_min=4.83338 train/value_loss=23.2717 train/value_explained_variance=0.895326 train/approx_kl=0.00927127 train/clip_epsilon=0.2 train/actor_lr=0.0003 train/post_transition_steps=1482752 rollout/episode_return_std=nan train/grad_norm=1.56281
[V25 PPO] phase=1 rollout/transitions=2994176 safety/h_hard_min=4.84625 train/value_loss=20.8565 train/value_explained_variance=0.886666 train/approx_kl=0.0095572 train/clip_epsilon=0.2 train/actor_lr=0.0003 train/post_transition_steps=1486848 rollout/episode_return_std=nan train/grad_norm=0.496731
[V25 PPO] phase=1 rollout/transitions=2998272 safety/h_hard_min=4.8461 train/value_loss=27.2099 train/value_explained_variance=0.878706 train/approx_kl=0.0103491 train/clip_epsilon=0.2 train/actor_lr=0.0003 train/post_transition_steps=1490944 rollout/episode_return_std=nan train/grad_norm=1.25671
[V25 PPO] phase=1 rollout/transitions=3002368 safety/h_hard_min=4.84662 train/value_loss=22.2252 train/value_explained_variance=0.885717 train/approx_kl=0.010345 train/clip_epsilon=0.2 train/actor_lr=0.0003 train/post_transition_steps=1495040 rollout/episode_return_std=nan train/grad_norm=1.37058
[V25 PPO] phase=1 rollout/transitions=3006464 safety/h_hard_min=4.83753 train/value_loss=22.2001 train/value_explained_variance=0.869258 train/approx_kl=0.00740395 train/clip_epsilon=0.2 train/actor_lr=0.0003 train/post_transition_steps=1499136 rollout/episode_return_std=nan train/grad_norm=4.12916
[V25 PPO] phase=1 rollout/transitions=3010560 safety/h_hard_min=4.78415 train/value_loss=22.9868 train/value_explained_variance=0.874193 train/approx_kl=0.00892552 train/clip_epsilon=0.2 train/actor_lr=0.0003 train/post_transition_steps=1503232 rollout/episode_return_std=nan train/grad_norm=2.7767
[V25 PPO] phase=1 rollout/transitions=3014656 safety/h_hard_min=4.88809 train/value_loss=23.407 train/value_explained_variance=0.872037 train/approx_kl=0.00947208 train/clip_epsilon=0.2 train/actor_lr=0.0003 train/post_transition_steps=1507328 rollout/episode_return_std=nan train/grad_norm=0.732377
[V25 PPO] phase=1 rollout/transitions=3018752 safety/h_hard_min=4.85547 train/value_loss=19.0532 train/value_explained_variance=0.901281 train/approx_kl=0.0100406 train/clip_epsilon=0.2 train/actor_lr=0.0003 train/post_transition_steps=1511424 rollout/episode_return_std=nan train/grad_norm=1.32422
[V25 PPO] phase=1 rollout/transitions=3022848 safety/h_hard_min=4.83772 train/value_loss=16.3458 train/value_explained_variance=0.920565 train/approx_kl=0.00843218 train/clip_epsilon=0.2 train/actor_lr=0.0003 train/post_transition_steps=1515520 rollout/episode_return_std=nan train/grad_norm=4.8672
[V25 PPO] phase=1 rollout/transitions=3026944 safety/h_hard_min=4.89863 train/value_loss=16.5916 train/value_explained_variance=0.910159 train/approx_kl=0.00749059 train/clip_epsilon=0.2 train/actor_lr=0.0003 train/post_transition_steps=1519616 rollout/episode_return_std=nan train/grad_norm=0.939468
[V25 PPO] phase=1 rollout/transitions=3031040 safety/h_hard_min=4.71892 train/value_loss=18.2085 train/value_explained_variance=0.914091 train/approx_kl=0.00765023 train/clip_epsilon=0.2 train/actor_lr=0.0003 train/post_transition_steps=1523712 rollout/episode_return_std=nan train/grad_norm=0.491282
[V25 PPO] phase=1 rollout/transitions=3035136 safety/h_hard_min=4.74961 train/value_loss=17.6842 train/value_explained_variance=0.918954 train/approx_kl=0.0105071 train/clip_epsilon=0.2 train/actor_lr=0.0003 train/post_transition_steps=1527808 rollout/episode_return_std=nan train/grad_norm=1.98646
[V25 PPO] phase=1 rollout/transitions=3039232 safety/h_hard_min=4.77729 train/value_loss=15.985 train/value_explained_variance=0.917634 train/approx_kl=0.00937845 train/clip_epsilon=0.2 train/actor_lr=0.0003 train/post_transition_steps=1531904 rollout/episode_return_std=nan train/grad_norm=0.286592
[V25 PPO] phase=1 rollout/transitions=3043328 safety/h_hard_min=4.78814 train/value_loss=22.3443 train/value_explained_variance=0.895946 train/approx_kl=0.0107449 train/clip_epsilon=0.2 train/actor_lr=0.0003 train/post_transition_steps=1536000 rollout/episode_return_std=nan train/grad_norm=2.9174
[V25 PPO] phase=1 rollout/transitions=3047424 safety/h_hard_min=4.75968 train/value_loss=14.0972 train/value_explained_variance=0.932381 train/approx_kl=0.00812084 train/clip_epsilon=0.2 train/actor_lr=0.0003 train/post_transition_steps=1540096 rollout/episode_return_std=nan train/grad_norm=2.40052
[V25 PPO] phase=1 rollout/transitions=3051520 safety/h_hard_min=4.86722 train/value_loss=15.2142 train/value_explained_variance=0.923149 train/approx_kl=0.00454085 train/clip_epsilon=0.2 train/actor_lr=0.0003 train/post_transition_steps=1544192 rollout/episode_return_std=nan train/grad_norm=9.6491
[V25 PPO] phase=1 rollout/transitions=3055616 safety/h_hard_min=4.57857 train/value_loss=17.3495 train/value_explained_variance=0.924383 train/approx_kl=0.0131013 train/clip_epsilon=0.2 train/actor_lr=0.0003 train/post_transition_steps=1548288 rollout/episode_return_std=nan train/grad_norm=4.08905
[V25 PPO] phase=1 rollout/transitions=3059712 safety/h_hard_min=4.87339 train/value_loss=14.5435 train/value_explained_variance=0.931235 train/approx_kl=0.00919073 train/clip_epsilon=0.2 train/actor_lr=0.0003 train/post_transition_steps=1552384 rollout/episode_return_std=nan train/grad_norm=3.77669
[V25 PPO] phase=1 rollout/transitions=3063808 safety/h_hard_min=4.86114 train/value_loss=13.293 train/value_explained_variance=0.935041 train/approx_kl=0.00792431 train/clip_epsilon=0.2 train/actor_lr=0.0003 train/post_transition_steps=1556480 rollout/episode_return_std=nan train/grad_norm=0.697808
[V25 PPO] phase=1 rollout/transitions=3067904 safety/h_hard_min=4.78626 train/value_loss=11.3599 train/value_explained_variance=0.93996 train/approx_kl=0.0061149 train/clip_epsilon=0.2 train/actor_lr=0.0003 train/post_transition_steps=1560576 rollout/episode_return_std=nan train/grad_norm=0.894263
[V25 PPO] phase=1 rollout/transitions=3072000 safety/h_hard_min=4.82471 train/value_loss=17.9285 train/value_explained_variance=0.919307 train/approx_kl=0.00963039 train/clip_epsilon=0.2 train/actor_lr=0.0003 train/post_transition_steps=1564672 rollout/episode_return_std=nan train/grad_norm=0.762213
[V25 PPO] phase=1 rollout/transitions=3076096 safety/h_hard_min=4.832 train/value_loss=14.6535 train/value_explained_variance=0.933058 train/approx_kl=0.00916325 train/clip_epsilon=0.2 train/actor_lr=0.0003 train/post_transition_steps=1568768 rollout/episode_return_std=nan train/grad_norm=8.97853
[V25 PPO] phase=1 rollout/transitions=3080192 safety/h_hard_min=4.80978 train/value_loss=20.7752 train/value_explained_variance=0.900522 train/approx_kl=0.00889098 train/clip_epsilon=0.2 train/actor_lr=0.0003 train/post_transition_steps=1572864 rollout/episode_return_std=nan train/grad_norm=2.86515
[V25 PPO] phase=1 rollout/transitions=3084288 safety/h_hard_min=4.83926 train/value_loss=13.8783 train/value_explained_variance=0.927775 train/approx_kl=0.00916323 train/clip_epsilon=0.2 train/actor_lr=0.0003 train/post_transition_steps=1576960 rollout/episode_return_std=nan train/grad_norm=0.214282
[V25 PPO] phase=1 rollout/transitions=3088384 safety/h_hard_min=4.75853 train/value_loss=22.0324 train/value_explained_variance=0.903056 train/approx_kl=0.00870628 train/clip_epsilon=0.2 train/actor_lr=0.0003 train/post_transition_steps=1581056 rollout/episode_return_std=nan train/grad_norm=1.18728
[V25 PPO] phase=1 rollout/transitions=3092480 safety/h_hard_min=4.81839 train/value_loss=17.4131 train/value_explained_variance=0.915776 train/approx_kl=0.00919513 train/clip_epsilon=0.2 train/actor_lr=0.0003 train/post_transition_steps=1585152 rollout/episode_return_std=nan train/grad_norm=1.30062
[V25 PPO] phase=1 rollout/transitions=3096576 safety/h_hard_min=4.77733 train/value_loss=20.694 train/value_explained_variance=0.902982 train/approx_kl=0.00821776 train/clip_epsilon=0.2 train/actor_lr=0.0003 train/post_transition_steps=1589248 rollout/episode_return_std=nan train/grad_norm=0.848219
[V25 PPO] phase=1 rollout/transitions=3100672 safety/h_hard_min=4.75832 train/value_loss=20.1605 train/value_explained_variance=0.904303 train/approx_kl=0.00952876 train/clip_epsilon=0.2 train/actor_lr=0.0003 train/post_transition_steps=1593344 rollout/episode_return_std=nan train/grad_norm=1.25655
[V25 PPO] phase=1 rollout/transitions=3104768 safety/h_hard_min=4.76764 train/value_loss=15.8534 train/value_explained_variance=0.916952 train/approx_kl=0.0090103 train/clip_epsilon=0.2 train/actor_lr=0.0003 train/post_transition_steps=1597440 rollout/episode_return_std=nan train/grad_norm=1.40374
[V25 PPO] phase=1 rollout/transitions=3108864 safety/h_hard_min=4.79179 train/value_loss=19.6632 train/value_explained_variance=0.906388 train/approx_kl=0.00912712 train/clip_epsilon=0.2 train/actor_lr=0.0003 train/post_transition_steps=1601536 rollout/episode_return_std=nan train/grad_norm=1.21686
[V25 PPO] phase=1 rollout/transitions=3112960 safety/h_hard_min=4.82156 train/value_loss=17.5787 train/value_explained_variance=0.91185 train/approx_kl=0.00828489 train/clip_epsilon=0.2 train/actor_lr=0.0003 train/post_transition_steps=1605632 rollout/episode_return_std=nan train/grad_norm=3.42523
[V25 PPO] phase=1 rollout/transitions=3117056 safety/h_hard_min=4.85807 train/value_loss=16.5641 train/value_explained_variance=0.921596 train/approx_kl=0.00965448 train/clip_epsilon=0.2 train/actor_lr=0.0003 train/post_transition_steps=1609728 rollout/episode_return_std=nan train/grad_norm=1.88562
[V25 PPO] phase=1 rollout/transitions=3121152 safety/h_hard_min=4.82224 train/value_loss=17.2789 train/value_explained_variance=0.91094 train/approx_kl=0.00946337 train/clip_epsilon=0.2 train/actor_lr=0.0003 train/post_transition_steps=1613824 rollout/episode_return_std=nan train/grad_norm=1.14469
[V25 PPO] phase=1 rollout/transitions=3125248 safety/h_hard_min=4.83549 train/value_loss=15.3546 train/value_explained_variance=0.921457 train/approx_kl=0.0108242 train/clip_epsilon=0.2 train/actor_lr=0.0003 train/post_transition_steps=1617920 rollout/episode_return_std=nan train/grad_norm=0.940832
[V25 PPO] phase=1 rollout/transitions=3129344 safety/h_hard_min=4.82624 train/value_loss=16.0128 train/value_explained_variance=0.914857 train/approx_kl=0.0083472 train/clip_epsilon=0.2 train/actor_lr=0.0003 train/post_transition_steps=1622016 rollout/episode_return_std=nan train/grad_norm=1.93196
[V25 PPO] phase=1 rollout/transitions=3133440 safety/h_hard_min=4.83333 train/value_loss=15.5685 train/value_explained_variance=0.916978 train/approx_kl=0.00912663 train/clip_epsilon=0.2 train/actor_lr=0.0003 train/post_transition_steps=1626112 rollout/episode_return_std=nan train/grad_norm=0.939591
[V25 PPO] phase=1 rollout/transitions=3137536 safety/h_hard_min=4.80027 train/value_loss=17.1553 train/value_explained_variance=0.910035 train/approx_kl=0.00783654 train/clip_epsilon=0.2 train/actor_lr=0.0003 train/post_transition_steps=1630208 rollout/episode_return_std=nan train/grad_norm=1.65153
[V25 PPO] phase=1 rollout/transitions=3141632 safety/h_hard_min=4.81057 train/value_loss=18.6815 train/value_explained_variance=0.910285 train/approx_kl=0.00932515 train/clip_epsilon=0.2 train/actor_lr=0.0003 train/post_transition_steps=1634304 rollout/episode_return_std=nan train/grad_norm=1.79234
[V25 PPO] phase=1 rollout/transitions=3145728 safety/h_hard_min=4.80878 train/value_loss=19.7604 train/value_explained_variance=0.907306 train/approx_kl=0.00793073 train/clip_epsilon=0.2 train/actor_lr=0.0003 train/post_transition_steps=1638400 rollout/episode_return_std=nan train/grad_norm=0.698861
[V25 PPO] phase=1 rollout/transitions=3149824 safety/h_hard_min=4.82269 train/value_loss=17.5003 train/value_explained_variance=0.914336 train/approx_kl=0.0108566 train/clip_epsilon=0.2 train/actor_lr=0.0003 train/post_transition_steps=1642496 rollout/episode_return_std=nan train/grad_norm=0.880464
[V25 PPO] phase=1 rollout/transitions=3153920 safety/h_hard_min=4.82488 train/value_loss=14.9206 train/value_explained_variance=0.920294 train/approx_kl=0.00727041 train/clip_epsilon=0.2 train/actor_lr=0.0003 train/post_transition_steps=1646592 rollout/episode_return_std=nan train/grad_norm=1.34204
[V25 PPO] phase=1 rollout/transitions=3158016 safety/h_hard_min=4.78134 train/value_loss=20.0723 train/value_explained_variance=0.907239 train/approx_kl=0.0100475 train/clip_epsilon=0.2 train/actor_lr=0.0003 train/post_transition_steps=1650688 rollout/episode_return_std=nan train/grad_norm=1.95344
[V25 PPO] phase=1 rollout/transitions=3162112 safety/h_hard_min=4.83929 train/value_loss=21.0565 train/value_explained_variance=0.904841 train/approx_kl=0.00909494 train/clip_epsilon=0.2 train/actor_lr=0.0003 train/post_transition_steps=1654784 rollout/episode_return_std=nan train/grad_norm=2.05562
[V25 PPO] phase=1 rollout/transitions=3166208 safety/h_hard_min=4.8051 train/value_loss=18.7991 train/value_explained_variance=0.913069 train/approx_kl=0.00886224 train/clip_epsilon=0.2 train/actor_lr=0.0003 train/post_transition_steps=1658880 rollout/episode_return_std=nan train/grad_norm=0.456626
[V25 PPO] phase=1 rollout/transitions=3170304 safety/h_hard_min=4.80048 train/value_loss=17.3892 train/value_explained_variance=0.909048 train/approx_kl=0.0100216 train/clip_epsilon=0.2 train/actor_lr=0.0003 train/post_transition_steps=1662976 rollout/episode_return_std=nan train/grad_norm=0.235145
[V25 PPO] phase=1 rollout/transitions=3174400 safety/h_hard_min=4.80416 train/value_loss=22.1811 train/value_explained_variance=0.901715 train/approx_kl=0.0100979 train/clip_epsilon=0.2 train/actor_lr=0.0003 train/post_transition_steps=1667072 rollout/episode_return_std=nan train/grad_norm=2.47976
[V25 PPO] phase=1 rollout/transitions=3178496 safety/h_hard_min=4.83851 train/value_loss=19.397 train/value_explained_variance=0.904489 train/approx_kl=0.00892323 train/clip_epsilon=0.2 train/actor_lr=0.0003 train/post_transition_steps=1671168 rollout/episode_return_std=nan train/grad_norm=0.405668
[V25 PPO] phase=1 rollout/transitions=3182592 safety/h_hard_min=4.82903 train/value_loss=20.7516 train/value_explained_variance=0.904056 train/approx_kl=0.00964114 train/clip_epsilon=0.2 train/actor_lr=0.0003 train/post_transition_steps=1675264 rollout/episode_return_std=nan train/grad_norm=0.286979
[V25 PPO] phase=1 rollout/transitions=3186688 safety/h_hard_min=4.82724 train/value_loss=19.0133 train/value_explained_variance=0.911517 train/approx_kl=0.01118 train/clip_epsilon=0.2 train/actor_lr=0.0003 train/post_transition_steps=1679360 rollout/episode_return_std=nan train/grad_norm=0.595035
[V25 PPO] phase=1 rollout/transitions=3190784 safety/h_hard_min=4.79013 train/value_loss=15.8547 train/value_explained_variance=0.910321 train/approx_kl=0.00780821 train/clip_epsilon=0.2 train/actor_lr=0.0003 train/post_transition_steps=1683456 rollout/episode_return_std=nan train/grad_norm=1.92943
[V25 PPO] phase=1 rollout/transitions=3194880 safety/h_hard_min=4.81017 train/value_loss=16.8122 train/value_explained_variance=0.902959 train/approx_kl=0.00798762 train/clip_epsilon=0.2 train/actor_lr=0.0003 train/post_transition_steps=1687552 rollout/episode_return_std=nan train/grad_norm=0.843042
[V25 PPO] phase=1 rollout/transitions=3198976 safety/h_hard_min=4.83904 train/value_loss=15.4517 train/value_explained_variance=0.922865 train/approx_kl=0.0110155 train/clip_epsilon=0.2 train/actor_lr=0.0003 train/post_transition_steps=1691648 rollout/episode_return_std=nan train/grad_norm=0.81955
[V25 PPO] phase=1 rollout/transitions=3203072 safety/h_hard_min=4.83177 train/value_loss=21.4917 train/value_explained_variance=0.892583 train/approx_kl=0.00893939 train/clip_epsilon=0.2 train/actor_lr=0.0003 train/post_transition_steps=1695744 rollout/episode_return_std=nan train/grad_norm=0.501566
[V25 PPO] phase=1 rollout/transitions=3207168 safety/h_hard_min=4.82044 train/value_loss=21.9099 train/value_explained_variance=0.900377 train/approx_kl=0.0116226 train/clip_epsilon=0.2 train/actor_lr=0.0003 train/post_transition_steps=1699840 rollout/episode_return_std=nan train/grad_norm=0.408893
[V25 PPO] phase=1 rollout/transitions=3211264 safety/h_hard_min=4.82294 train/value_loss=16.8628 train/value_explained_variance=0.899951 train/approx_kl=0.00946462 train/clip_epsilon=0.2 train/actor_lr=0.0003 train/post_transition_steps=1703936 rollout/episode_return_std=nan train/grad_norm=1.31934
[V25 PPO] phase=1 rollout/transitions=3215360 safety/h_hard_min=4.76678 train/value_loss=22.1958 train/value_explained_variance=0.900896 train/approx_kl=0.00895475 train/clip_epsilon=0.2 train/actor_lr=0.0003 train/post_transition_steps=1708032 rollout/episode_return_std=nan train/grad_norm=0.47074
[V25 PPO] phase=1 rollout/transitions=3219456 safety/h_hard_min=4.79741 train/value_loss=20.6429 train/value_explained_variance=0.891909 train/approx_kl=0.00728393 train/clip_epsilon=0.2 train/actor_lr=0.0003 train/post_transition_steps=1712128 rollout/episode_return_std=nan train/grad_norm=1.39441
[V25 PPO] phase=1 rollout/transitions=3223552 safety/h_hard_min=4.84863 train/value_loss=18.587 train/value_explained_variance=0.898554 train/approx_kl=0.00937841 train/clip_epsilon=0.2 train/actor_lr=0.0003 train/post_transition_steps=1716224 rollout/episode_return_std=nan train/grad_norm=0.96914
[V25 PPO] phase=1 rollout/transitions=3227648 safety/h_hard_min=4.86007 train/value_loss=19.2939 train/value_explained_variance=0.900224 train/approx_kl=0.00904597 train/clip_epsilon=0.2 train/actor_lr=0.0003 train/post_transition_steps=1720320 rollout/episode_return_std=nan train/grad_norm=0.591014
[V25 PPO] phase=1 rollout/transitions=3231744 safety/h_hard_min=4.79926 train/value_loss=19.2204 train/value_explained_variance=0.902389 train/approx_kl=0.00826601 train/clip_epsilon=0.2 train/actor_lr=0.0003 train/post_transition_steps=1724416 rollout/episode_return_std=nan train/grad_norm=0.61171
[V25 PPO] phase=1 rollout/transitions=3235840 safety/h_hard_min=4.866 train/value_loss=17.8776 train/value_explained_variance=0.899434 train/approx_kl=0.00831185 train/clip_epsilon=0.2 train/actor_lr=0.0003 train/post_transition_steps=1728512 rollout/episode_return_std=nan train/grad_norm=1.86415
[V25 PPO] phase=1 rollout/transitions=3239936 safety/h_hard_min=4.83919 train/value_loss=19.7034 train/value_explained_variance=0.895957 train/approx_kl=0.010761 train/clip_epsilon=0.2 train/actor_lr=0.0003 train/post_transition_steps=1732608 rollout/episode_return_std=nan train/grad_norm=0.261524
[V25 PPO] phase=1 rollout/transitions=3244032 safety/h_hard_min=4.81749 train/value_loss=23.7081 train/value_explained_variance=0.887493 train/approx_kl=0.0099185 train/clip_epsilon=0.2 train/actor_lr=0.0003 train/post_transition_steps=1736704 rollout/episode_return_std=nan train/grad_norm=0.852182
[V25 PPO] phase=1 rollout/transitions=3248128 safety/h_hard_min=4.81771 train/value_loss=22.1227 train/value_explained_variance=0.889428 train/approx_kl=0.00925324 train/clip_epsilon=0.2 train/actor_lr=0.0003 train/post_transition_steps=1740800 rollout/episode_return_std=nan train/grad_norm=1.22724
[V25 PPO] phase=1 rollout/transitions=3252224 safety/h_hard_min=4.84598 train/value_loss=21.6262 train/value_explained_variance=0.888666 train/approx_kl=0.00955626 train/clip_epsilon=0.2 train/actor_lr=0.0003 train/post_transition_steps=1744896 rollout/episode_return_std=nan train/grad_norm=0.298926
[V25 PPO] phase=1 rollout/transitions=3256320 safety/h_hard_min=4.79168 train/value_loss=16.2124 train/value_explained_variance=0.903168 train/approx_kl=0.00803406 train/clip_epsilon=0.2 train/actor_lr=0.0003 train/post_transition_steps=1748992 rollout/episode_return_std=nan train/grad_norm=2.53048
[V25 PPO] phase=1 rollout/transitions=3260416 safety/h_hard_min=4.8427 train/value_loss=22.6564 train/value_explained_variance=0.887358 train/approx_kl=0.0095446 train/clip_epsilon=0.2 train/actor_lr=0.0003 train/post_transition_steps=1753088 rollout/episode_return_std=nan train/grad_norm=2.81157
[V25 PPO] phase=1 rollout/transitions=3264512 safety/h_hard_min=4.72567 train/value_loss=20.8875 train/value_explained_variance=0.889925 train/approx_kl=0.00790139 train/clip_epsilon=0.2 train/actor_lr=0.0003 train/post_transition_steps=1757184 rollout/episode_return_std=nan train/grad_norm=0.432539
[V25 PPO] phase=1 rollout/transitions=3268608 safety/h_hard_min=4.82168 train/value_loss=23.1575 train/value_explained_variance=0.880836 train/approx_kl=0.00831038 train/clip_epsilon=0.2 train/actor_lr=0.0003 train/post_transition_steps=1761280 rollout/episode_return_std=nan train/grad_norm=0.918358
[V25 PPO] phase=1 rollout/transitions=3272704 safety/h_hard_min=4.85521 train/value_loss=20.9252 train/value_explained_variance=0.889263 train/approx_kl=0.00963177 train/clip_epsilon=0.2 train/actor_lr=0.0003 train/post_transition_steps=1765376 rollout/episode_return_std=nan train/grad_norm=0.685063
[V25 PPO] phase=1 rollout/transitions=3276800 safety/h_hard_min=4.82107 train/value_loss=21.7724 train/value_explained_variance=0.889839 train/approx_kl=0.0115093 train/clip_epsilon=0.2 train/actor_lr=0.0003 train/post_transition_steps=1769472 rollout/episode_return_std=nan train/grad_norm=0.402652
[V25 PPO] phase=1 rollout/transitions=3280896 safety/h_hard_min=4.83542 train/value_loss=18.2588 train/value_explained_variance=0.88962 train/approx_kl=0.010293 train/clip_epsilon=0.2 train/actor_lr=0.0003 train/post_transition_steps=1773568 rollout/episode_return_std=nan train/grad_norm=2.06205
[V25 PPO] phase=1 rollout/transitions=3284992 safety/h_hard_min=4.84365 train/value_loss=18.1198 train/value_explained_variance=0.896209 train/approx_kl=0.00764881 train/clip_epsilon=0.2 train/actor_lr=0.0003 train/post_transition_steps=1777664 rollout/episode_return_std=nan train/grad_norm=0.555325
[V25 PPO] phase=1 rollout/transitions=3289088 safety/h_hard_min=4.82013 train/value_loss=19.6372 train/value_explained_variance=0.889807 train/approx_kl=0.00682559 train/clip_epsilon=0.2 train/actor_lr=0.0003 train/post_transition_steps=1781760 rollout/episode_return_std=nan train/grad_norm=0.483591
[V25 PPO] phase=1 rollout/transitions=3293184 safety/h_hard_min=4.80503 train/value_loss=20.1088 train/value_explained_variance=0.893505 train/approx_kl=0.00803339 train/clip_epsilon=0.2 train/actor_lr=0.0003 train/post_transition_steps=1785856 rollout/episode_return_std=nan train/grad_norm=0.771089
[V25 PPO] phase=1 rollout/transitions=3297280 safety/h_hard_min=4.90069 train/value_loss=15.3377 train/value_explained_variance=0.905624 train/approx_kl=0.0104635 train/clip_epsilon=0.2 train/actor_lr=0.0003 train/post_transition_steps=1789952 rollout/episode_return_std=nan train/grad_norm=2.50613
[V25 PPO] phase=1 rollout/transitions=3301376 safety/h_hard_min=4.86414 train/value_loss=15.4904 train/value_explained_variance=0.912567 train/approx_kl=0.00708349 train/clip_epsilon=0.2 train/actor_lr=0.0003 train/post_transition_steps=1794048 rollout/episode_return_std=nan train/grad_norm=0.778291
[V25 PPO] phase=1 rollout/transitions=3305472 safety/h_hard_min=4.85178 train/value_loss=22.8537 train/value_explained_variance=0.896679 train/approx_kl=0.0108012 train/clip_epsilon=0.2 train/actor_lr=0.0003 train/post_transition_steps=1798144 rollout/episode_return_std=nan train/grad_norm=1.46334
[V25 PPO] phase=1 rollout/transitions=3309568 safety/h_hard_min=4.76743 train/value_loss=16.5952 train/value_explained_variance=0.914937 train/approx_kl=0.00861091 train/clip_epsilon=0.2 train/actor_lr=0.0003 train/post_transition_steps=1802240 rollout/episode_return_std=nan train/grad_norm=0.521658
[V25 PPO] phase=1 rollout/transitions=3313664 safety/h_hard_min=4.82089 train/value_loss=19.1369 train/value_explained_variance=0.902351 train/approx_kl=0.00994467 train/clip_epsilon=0.2 train/actor_lr=0.0003 train/post_transition_steps=1806336 rollout/episode_return_std=nan train/grad_norm=1.2873
[V25 PPO] phase=1 rollout/transitions=3317760 safety/h_hard_min=4.82363 train/value_loss=22.2963 train/value_explained_variance=0.895358 train/approx_kl=0.00962319 train/clip_epsilon=0.2 train/actor_lr=0.0003 train/post_transition_steps=1810432 rollout/episode_return_std=nan train/grad_norm=1.77662
[V25 PPO] phase=1 rollout/transitions=3321856 safety/h_hard_min=4.83754 train/value_loss=18.1234 train/value_explained_variance=0.905035 train/approx_kl=0.00865804 train/clip_epsilon=0.2 train/actor_lr=0.0003 train/post_transition_steps=1814528 rollout/episode_return_std=nan train/grad_norm=1.51612
[V25 PPO] phase=1 rollout/transitions=3325952 safety/h_hard_min=4.86686 train/value_loss=18.7518 train/value_explained_variance=0.905685 train/approx_kl=0.0106422 train/clip_epsilon=0.2 train/actor_lr=0.0003 train/post_transition_steps=1818624 rollout/episode_return_std=nan train/grad_norm=0.618854
[V25 PPO] phase=1 rollout/transitions=3330048 safety/h_hard_min=4.82815 train/value_loss=20.7453 train/value_explained_variance=0.896865 train/approx_kl=0.00842988 train/clip_epsilon=0.2 train/actor_lr=0.0003 train/post_transition_steps=1822720 rollout/episode_return_std=nan train/grad_norm=0.215674
[V25 PPO] phase=1 rollout/transitions=3334144 safety/h_hard_min=4.80254 train/value_loss=18.6541 train/value_explained_variance=0.894842 train/approx_kl=0.00937725 train/clip_epsilon=0.2 train/actor_lr=0.0003 train/post_transition_steps=1826816 rollout/episode_return_std=nan train/grad_norm=1.0489
[V25 PPO] phase=1 rollout/transitions=3338240 safety/h_hard_min=4.867 train/value_loss=21.0219 train/value_explained_variance=0.890894 train/approx_kl=0.00895432 train/clip_epsilon=0.2 train/actor_lr=0.0003 train/post_transition_steps=1830912 rollout/episode_return_std=nan train/grad_norm=4.15695
[V25 PPO] phase=1 rollout/transitions=3342336 safety/h_hard_min=4.82226 train/value_loss=18.7635 train/value_explained_variance=0.895075 train/approx_kl=0.00778944 train/clip_epsilon=0.2 train/actor_lr=0.0003 train/post_transition_steps=1835008 rollout/episode_return_std=nan train/grad_norm=1.23378
[V25 PPO] phase=1 rollout/transitions=3346432 safety/h_hard_min=4.84146 train/value_loss=20.8604 train/value_explained_variance=0.887224 train/approx_kl=0.0115683 train/clip_epsilon=0.2 train/actor_lr=0.0003 train/post_transition_steps=1839104 rollout/episode_return_std=nan train/grad_norm=1.0755
[V25 PPO] phase=1 rollout/transitions=3350528 safety/h_hard_min=4.81126 train/value_loss=23.315 train/value_explained_variance=0.881201 train/approx_kl=0.0091812 train/clip_epsilon=0.2 train/actor_lr=0.0003 train/post_transition_steps=1843200 rollout/episode_return_std=nan train/grad_norm=1.18891
[V25 PPO] phase=1 rollout/transitions=3354624 safety/h_hard_min=4.84166 train/value_loss=18.4327 train/value_explained_variance=0.889244 train/approx_kl=0.0088276 train/clip_epsilon=0.2 train/actor_lr=0.0003 train/post_transition_steps=1847296 rollout/episode_return_std=nan train/grad_norm=1.83668
[V25 PPO] phase=1 rollout/transitions=3358720 safety/h_hard_min=4.86651 train/value_loss=14.871 train/value_explained_variance=0.899791 train/approx_kl=0.00692952 train/clip_epsilon=0.2 train/actor_lr=0.0003 train/post_transition_steps=1851392 rollout/episode_return_std=nan train/grad_norm=0.351445
[V25 PPO] phase=1 rollout/transitions=3362816 safety/h_hard_min=4.8369 train/value_loss=26.7359 train/value_explained_variance=0.870451 train/approx_kl=0.00967945 train/clip_epsilon=0.2 train/actor_lr=0.0003 train/post_transition_steps=1855488 rollout/episode_return_std=nan train/grad_norm=0.831779
[V25 PPO] phase=1 rollout/transitions=3366912 safety/h_hard_min=4.84329 train/value_loss=24.5858 train/value_explained_variance=0.869164 train/approx_kl=0.0113551 train/clip_epsilon=0.2 train/actor_lr=0.0003 train/post_transition_steps=1859584 rollout/episode_return_std=nan train/grad_norm=1.44308
[V25 PPO] phase=1 rollout/transitions=3371008 safety/h_hard_min=4.81854 train/value_loss=20.3446 train/value_explained_variance=0.880315 train/approx_kl=0.0087771 train/clip_epsilon=0.2 train/actor_lr=0.0003 train/post_transition_steps=1863680 rollout/episode_return_std=nan train/grad_norm=0.253317
[V25 PPO] phase=1 rollout/transitions=3375104 safety/h_hard_min=4.81715 train/value_loss=25.214 train/value_explained_variance=0.866697 train/approx_kl=0.0101412 train/clip_epsilon=0.2 train/actor_lr=0.0003 train/post_transition_steps=1867776 rollout/episode_return_std=nan train/grad_norm=1.0349
[V25 PPO] phase=1 rollout/transitions=3379200 safety/h_hard_min=4.79695 train/value_loss=20.6867 train/value_explained_variance=0.886637 train/approx_kl=0.00803325 train/clip_epsilon=0.2 train/actor_lr=0.0003 train/post_transition_steps=1871872 rollout/episode_return_std=nan train/grad_norm=0.464803
[V25 PPO] phase=1 rollout/transitions=3383296 safety/h_hard_min=4.79712 train/value_loss=25.043 train/value_explained_variance=0.860438 train/approx_kl=0.00922639 train/clip_epsilon=0.2 train/actor_lr=0.0003 train/post_transition_steps=1875968 rollout/episode_return_std=nan train/grad_norm=0.323098
[V25 PPO] phase=1 rollout/transitions=3387392 safety/h_hard_min=4.83648 train/value_loss=27.2192 train/value_explained_variance=0.86546 train/approx_kl=0.00933626 train/clip_epsilon=0.2 train/actor_lr=0.0003 train/post_transition_steps=1880064 rollout/episode_return_std=nan train/grad_norm=0.546037
[V25 PPO] phase=1 rollout/transitions=3391488 safety/h_hard_min=4.79912 train/value_loss=21.1594 train/value_explained_variance=0.883962 train/approx_kl=0.00866287 train/clip_epsilon=0.2 train/actor_lr=0.0003 train/post_transition_steps=1884160 rollout/episode_return_std=nan train/grad_norm=0.819086
[V25 PPO] phase=1 rollout/transitions=3395584 safety/h_hard_min=4.8262 train/value_loss=25.8446 train/value_explained_variance=0.874891 train/approx_kl=0.00960169 train/clip_epsilon=0.2 train/actor_lr=0.0003 train/post_transition_steps=1888256 rollout/episode_return_std=nan train/grad_norm=0.448148
[V25 PPO] phase=1 rollout/transitions=3399680 safety/h_hard_min=4.83899 train/value_loss=19.6204 train/value_explained_variance=0.875617 train/approx_kl=0.008175 train/clip_epsilon=0.2 train/actor_lr=0.0003 train/post_transition_steps=1892352 rollout/episode_return_std=nan train/grad_norm=0.713322
[V25 PPO] phase=1 rollout/transitions=3403776 safety/h_hard_min=4.82054 train/value_loss=20.3796 train/value_explained_variance=0.878824 train/approx_kl=0.00917189 train/clip_epsilon=0.2 train/actor_lr=0.0003 train/post_transition_steps=1896448 rollout/episode_return_std=nan train/grad_norm=0.253194
[V25 PPO] phase=1 rollout/transitions=3407872 safety/h_hard_min=4.86684 train/value_loss=20.6513 train/value_explained_variance=0.895745 train/approx_kl=0.00980251 train/clip_epsilon=0.2 train/actor_lr=0.0003 train/post_transition_steps=1900544 rollout/episode_return_std=nan train/grad_norm=1.54096
[V25 PPO] phase=1 rollout/transitions=3411968 safety/h_hard_min=4.84456 train/value_loss=21.4067 train/value_explained_variance=0.880362 train/approx_kl=0.00990563 train/clip_epsilon=0.2 train/actor_lr=0.0003 train/post_transition_steps=1904640 rollout/episode_return_std=nan train/grad_norm=0.501566
[V25 PPO] phase=1 rollout/transitions=3416064 safety/h_hard_min=4.81951 train/value_loss=24.5463 train/value_explained_variance=0.859618 train/approx_kl=0.00808445 train/clip_epsilon=0.2 train/actor_lr=0.0003 train/post_transition_steps=1908736 rollout/episode_return_std=nan train/grad_norm=0.92384
[V25 PPO] phase=1 rollout/transitions=3420160 safety/h_hard_min=4.79837 train/value_loss=19.9519 train/value_explained_variance=0.875224 train/approx_kl=0.00702529 train/clip_epsilon=0.2 train/actor_lr=0.0003 train/post_transition_steps=1912832 rollout/episode_return_std=nan train/grad_norm=0.250626
[V25 PPO] phase=1 rollout/transitions=3424256 safety/h_hard_min=4.82259 train/value_loss=25.8103 train/value_explained_variance=0.85869 train/approx_kl=0.00842034 train/clip_epsilon=0.2 train/actor_lr=0.0003 train/post_transition_steps=1916928 rollout/episode_return_std=nan train/grad_norm=1.01509
[V25 PPO] phase=1 rollout/transitions=3428352 safety/h_hard_min=4.80997 train/value_loss=22.6821 train/value_explained_variance=0.865997 train/approx_kl=0.00899525 train/clip_epsilon=0.2 train/actor_lr=0.0003 train/post_transition_steps=1921024 rollout/episode_return_std=nan train/grad_norm=0.536894
[V25 PPO] phase=1 rollout/transitions=3432448 safety/h_hard_min=4.82365 train/value_loss=22.7275 train/value_explained_variance=0.864401 train/approx_kl=0.00804224 train/clip_epsilon=0.2 train/actor_lr=0.0003 train/post_transition_steps=1925120 rollout/episode_return_std=nan train/grad_norm=0.83952
[V25 PPO] phase=1 rollout/transitions=3436544 safety/h_hard_min=4.82557 train/value_loss=23.1146 train/value_explained_variance=0.871419 train/approx_kl=0.00960144 train/clip_epsilon=0.2 train/actor_lr=0.0003 train/post_transition_steps=1929216 rollout/episode_return_std=nan train/grad_norm=1.60411
[V25 PPO] phase=1 rollout/transitions=3440640 safety/h_hard_min=4.84886 train/value_loss=19.7822 train/value_explained_variance=0.883765 train/approx_kl=0.00890157 train/clip_epsilon=0.2 train/actor_lr=0.0003 train/post_transition_steps=1933312 rollout/episode_return_std=nan train/grad_norm=0.218451
[V25 PPO] phase=1 rollout/transitions=3444736 safety/h_hard_min=4.79799 train/value_loss=24.987 train/value_explained_variance=0.867795 train/approx_kl=0.00914125 train/clip_epsilon=0.2 train/actor_lr=0.0003 train/post_transition_steps=1937408 rollout/episode_return_std=nan train/grad_norm=0.608427
[V25 PPO] phase=1 rollout/transitions=3448832 safety/h_hard_min=4.80795 train/value_loss=19.8567 train/value_explained_variance=0.875803 train/approx_kl=0.00914776 train/clip_epsilon=0.2 train/actor_lr=0.0003 train/post_transition_steps=1941504 rollout/episode_return_std=nan train/grad_norm=0.677087
[V25 PPO] phase=1 rollout/transitions=3452928 safety/h_hard_min=4.83043 train/value_loss=26.4232 train/value_explained_variance=0.85677 train/approx_kl=0.00885692 train/clip_epsilon=0.2 train/actor_lr=0.0003 train/post_transition_steps=1945600 rollout/episode_return_std=nan train/grad_norm=0.56486
[V25 PPO] phase=1 rollout/transitions=3457024 safety/h_hard_min=4.9137 train/value_loss=18.1125 train/value_explained_variance=0.893525 train/approx_kl=0.00815944 train/clip_epsilon=0.2 train/actor_lr=0.0003 train/post_transition_steps=1949696 rollout/episode_return_std=nan train/grad_norm=1.82658
[V25 PPO] phase=1 rollout/transitions=3461120 safety/h_hard_min=4.85639 train/value_loss=25.6554 train/value_explained_variance=0.858688 train/approx_kl=0.00898615 train/clip_epsilon=0.2 train/actor_lr=0.0003 train/post_transition_steps=1953792 rollout/episode_return_std=nan train/grad_norm=2.13068
[V25 PPO] phase=1 rollout/transitions=3465216 safety/h_hard_min=4.89062 train/value_loss=17.9434 train/value_explained_variance=0.88 train/approx_kl=0.00794701 train/clip_epsilon=0.2 train/actor_lr=0.0003 train/post_transition_steps=1957888 rollout/episode_return_std=nan train/grad_norm=1.09365
[V25 PPO] phase=1 rollout/transitions=3469312 safety/h_hard_min=4.73607 train/value_loss=21.1505 train/value_explained_variance=0.875804 train/approx_kl=0.0101901 train/clip_epsilon=0.2 train/actor_lr=0.0003 train/post_transition_steps=1961984 rollout/episode_return_std=nan train/grad_norm=0.988455
[V25 PPO] phase=1 rollout/transitions=3473408 safety/h_hard_min=4.82472 train/value_loss=19.9028 train/value_explained_variance=0.87792 train/approx_kl=0.0092737 train/clip_epsilon=0.2 train/actor_lr=0.0003 train/post_transition_steps=1966080 rollout/episode_return_std=nan train/grad_norm=0.945181
[V25 PPO] phase=1 rollout/transitions=3477504 safety/h_hard_min=4.8378 train/value_loss=18.5155 train/value_explained_variance=0.893839 train/approx_kl=0.00887612 train/clip_epsilon=0.2 train/actor_lr=0.0003 train/post_transition_steps=1970176 rollout/episode_return_std=nan train/grad_norm=3.90712
[V25 PPO] phase=1 rollout/transitions=3481600 safety/h_hard_min=4.82893 train/value_loss=18.9888 train/value_explained_variance=0.880955 train/approx_kl=0.00812908 train/clip_epsilon=0.2 train/actor_lr=0.0003 train/post_transition_steps=1974272 rollout/episode_return_std=nan train/grad_norm=0.600315
[V25 PPO] phase=1 rollout/transitions=3485696 safety/h_hard_min=4.83268 train/value_loss=17.438 train/value_explained_variance=0.885286 train/approx_kl=0.00861389 train/clip_epsilon=0.2 train/actor_lr=0.0003 train/post_transition_steps=1978368 rollout/episode_return_std=nan train/grad_norm=0.869195
[V25 PPO] phase=1 rollout/transitions=3489792 safety/h_hard_min=4.83173 train/value_loss=19.0339 train/value_explained_variance=0.893331 train/approx_kl=0.00774943 train/clip_epsilon=0.2 train/actor_lr=0.0003 train/post_transition_steps=1982464 rollout/episode_return_std=nan train/grad_norm=1.10188
[V25 PPO] phase=1 rollout/transitions=3493888 safety/h_hard_min=4.77758 train/value_loss=20.6819 train/value_explained_variance=0.87937 train/approx_kl=0.00882784 train/clip_epsilon=0.2 train/actor_lr=0.0003 train/post_transition_steps=1986560 rollout/episode_return_std=nan train/grad_norm=1.39287
[V25 PPO] phase=1 rollout/transitions=3497984 safety/h_hard_min=4.83214 train/value_loss=18.9326 train/value_explained_variance=0.877099 train/approx_kl=0.00791932 train/clip_epsilon=0.2 train/actor_lr=0.0003 train/post_transition_steps=1990656 rollout/episode_return_std=nan train/grad_norm=0.851495
[V25 PPO] phase=1 rollout/transitions=3502080 safety/h_hard_min=4.79681 train/value_loss=20.2182 train/value_explained_variance=0.882331 train/approx_kl=0.0089831 train/clip_epsilon=0.2 train/actor_lr=0.0003 train/post_transition_steps=1994752 rollout/episode_return_std=nan train/grad_norm=1.09878
[V25 PPO] phase=1 rollout/transitions=3506176 safety/h_hard_min=4.75017 train/value_loss=20.3525 train/value_explained_variance=0.864577 train/approx_kl=0.00802707 train/clip_epsilon=0.2 train/actor_lr=0.0003 train/post_transition_steps=1998848 rollout/episode_return_std=nan train/grad_norm=1.5106
[V25 PPO] phase=1 rollout/transitions=3510272 safety/h_hard_min=4.83124 train/value_loss=21.6422 train/value_explained_variance=0.864195 train/approx_kl=0.0102881 train/clip_epsilon=0.2 train/actor_lr=0.0003 train/post_transition_steps=2002944 rollout/episode_return_std=nan train/grad_norm=1.38389
[V25 PPO] phase=1 rollout/transitions=3514368 safety/h_hard_min=4.80625 train/value_loss=20.7208 train/value_explained_variance=0.879622 train/approx_kl=0.00904856 train/clip_epsilon=0.2 train/actor_lr=0.0003 train/post_transition_steps=2007040 rollout/episode_return_std=nan train/grad_norm=1.026
[V25 PPO] phase=1 rollout/transitions=3518464 safety/h_hard_min=4.83743 train/value_loss=21.062 train/value_explained_variance=0.871248 train/approx_kl=0.00907085 train/clip_epsilon=0.2 train/actor_lr=0.0003 train/post_transition_steps=2011136 rollout/episode_return_std=nan train/grad_norm=1.89671
[V25 PPO] phase=1 rollout/transitions=3522560 safety/h_hard_min=4.89002 train/value_loss=22.1196 train/value_explained_variance=0.870409 train/approx_kl=0.00885733 train/clip_epsilon=0.2 train/actor_lr=0.0003 train/post_transition_steps=2015232 rollout/episode_return_std=nan train/grad_norm=1.17713
[V25 PPO] phase=1 rollout/transitions=3526656 safety/h_hard_min=4.83701 train/value_loss=21.1299 train/value_explained_variance=0.874382 train/approx_kl=0.00975552 train/clip_epsilon=0.2 train/actor_lr=0.0003 train/post_transition_steps=2019328 rollout/episode_return_std=nan train/grad_norm=0.621751
[V25 PPO] phase=1 rollout/transitions=3530752 safety/h_hard_min=4.84041 train/value_loss=26.0429 train/value_explained_variance=0.856206 train/approx_kl=0.00976346 train/clip_epsilon=0.2 train/actor_lr=0.0003 train/post_transition_steps=2023424 rollout/episode_return_std=nan train/grad_norm=0.791852
[V25 PPO] phase=1 rollout/transitions=3534848 safety/h_hard_min=4.82778 train/value_loss=21.578 train/value_explained_variance=0.867396 train/approx_kl=0.0093572 train/clip_epsilon=0.2 train/actor_lr=0.0003 train/post_transition_steps=2027520 rollout/episode_return_std=nan train/grad_norm=0.517038
[V25 PPO] phase=1 rollout/transitions=3538944 safety/h_hard_min=4.8292 train/value_loss=22.0936 train/value_explained_variance=0.869679 train/approx_kl=0.0092778 train/clip_epsilon=0.2 train/actor_lr=0.0003 train/post_transition_steps=2031616 rollout/episode_return_std=nan train/grad_norm=0.576463
[V25 PPO] phase=1 rollout/transitions=3543040 safety/h_hard_min=4.79765 train/value_loss=21.8033 train/value_explained_variance=0.874465 train/approx_kl=0.00862348 train/clip_epsilon=0.2 train/actor_lr=0.0003 train/post_transition_steps=2035712 rollout/episode_return_std=nan train/grad_norm=0.771479
[V25 PPO] phase=1 rollout/transitions=3547136 safety/h_hard_min=4.81802 train/value_loss=21.8889 train/value_explained_variance=0.869602 train/approx_kl=0.00964476 train/clip_epsilon=0.2 train/actor_lr=0.0003 train/post_transition_steps=2039808 rollout/episode_return_std=nan train/grad_norm=1.20831
[V25 PPO] phase=1 rollout/transitions=3551232 safety/h_hard_min=4.80427 train/value_loss=24.7151 train/value_explained_variance=0.860966 train/approx_kl=0.0101212 train/clip_epsilon=0.2 train/actor_lr=0.0003 train/post_transition_steps=2043904 rollout/episode_return_std=nan train/grad_norm=1.49917
[V25 PPO] phase=1 rollout/transitions=3555328 safety/h_hard_min=4.87487 train/value_loss=23.539 train/value_explained_variance=0.86141 train/approx_kl=0.00912531 train/clip_epsilon=0.2 train/actor_lr=0.0003 train/post_transition_steps=2048000 rollout/episode_return_std=nan train/grad_norm=0.792937
[V25 PPO] phase=1 rollout/transitions=3559424 safety/h_hard_min=4.79838 train/value_loss=22.9575 train/value_explained_variance=0.862714 train/approx_kl=0.00956384 train/clip_epsilon=0.2 train/actor_lr=0.0003 train/post_transition_steps=2052096 rollout/episode_return_std=nan train/grad_norm=0.310272
[V25 PPO] phase=1 rollout/transitions=3563520 safety/h_hard_min=4.88273 train/value_loss=18.7256 train/value_explained_variance=0.872441 train/approx_kl=0.00963499 train/clip_epsilon=0.2 train/actor_lr=0.0003 train/post_transition_steps=2056192 rollout/episode_return_std=nan train/grad_norm=0.8308
[V25 PPO] phase=1 rollout/transitions=3567616 safety/h_hard_min=4.76649 train/value_loss=17.1547 train/value_explained_variance=0.882921 train/approx_kl=0.00855698 train/clip_epsilon=0.2 train/actor_lr=0.0003 train/post_transition_steps=2060288 rollout/episode_return_std=nan train/grad_norm=1.67874
[V25 PPO] phase=1 rollout/transitions=3571712 safety/h_hard_min=4.83837 train/value_loss=23.3946 train/value_explained_variance=0.860946 train/approx_kl=0.00954413 train/clip_epsilon=0.2 train/actor_lr=0.0003 train/post_transition_steps=2064384 rollout/episode_return_std=nan train/grad_norm=0.528008
[V25 PPO] phase=1 rollout/transitions=3575808 safety/h_hard_min=4.8266 train/value_loss=23.9159 train/value_explained_variance=0.849222 train/approx_kl=0.00879252 train/clip_epsilon=0.2 train/actor_lr=0.0003 train/post_transition_steps=2068480 rollout/episode_return_std=nan train/grad_norm=0.687459
[V25 PPO] phase=1 rollout/transitions=3579904 safety/h_hard_min=4.84394 train/value_loss=21.5844 train/value_explained_variance=0.860872 train/approx_kl=0.00891673 train/clip_epsilon=0.2 train/actor_lr=0.0003 train/post_transition_steps=2072576 rollout/episode_return_std=nan train/grad_norm=0.683471
[V25 PPO] phase=1 rollout/transitions=3584000 safety/h_hard_min=4.88883 train/value_loss=18.3354 train/value_explained_variance=0.876076 train/approx_kl=0.00892609 train/clip_epsilon=0.2 train/actor_lr=0.0003 train/post_transition_steps=2076672 rollout/episode_return_std=nan train/grad_norm=1.49233
[V25 PPO] phase=1 rollout/transitions=3588096 safety/h_hard_min=4.81538 train/value_loss=24.674 train/value_explained_variance=0.849405 train/approx_kl=0.0091653 train/clip_epsilon=0.2 train/actor_lr=0.0003 train/post_transition_steps=2080768 rollout/episode_return_std=nan train/grad_norm=1.98687
[V25 PPO] phase=1 rollout/transitions=3592192 safety/h_hard_min=4.82453 train/value_loss=27.5725 train/value_explained_variance=0.854637 train/approx_kl=0.0107036 train/clip_epsilon=0.2 train/actor_lr=0.0003 train/post_transition_steps=2084864 rollout/episode_return_std=nan train/grad_norm=1.50886
[V25 PPO] phase=1 rollout/transitions=3596288 safety/h_hard_min=4.8369 train/value_loss=23.2408 train/value_explained_variance=0.855812 train/approx_kl=0.00985114 train/clip_epsilon=0.2 train/actor_lr=0.0003 train/post_transition_steps=2088960 rollout/episode_return_std=nan train/grad_norm=0.450883
[V25 PPO] phase=1 rollout/transitions=3600384 safety/h_hard_min=4.75632 train/value_loss=22.6408 train/value_explained_variance=0.871 train/approx_kl=0.00935577 train/clip_epsilon=0.2 train/actor_lr=0.0003 train/post_transition_steps=2093056 rollout/episode_return_std=nan train/grad_norm=1.46881
[V25 PPO] phase=1 rollout/transitions=3604480 safety/h_hard_min=4.83831 train/value_loss=20.6237 train/value_explained_variance=0.881453 train/approx_kl=0.00874058 train/clip_epsilon=0.2 train/actor_lr=0.0003 train/post_transition_steps=2097152 rollout/episode_return_std=nan train/grad_norm=1.19307
[V25 PPO] phase=1 rollout/transitions=3608576 safety/h_hard_min=4.89222 train/value_loss=16.6143 train/value_explained_variance=0.893777 train/approx_kl=0.00867829 train/clip_epsilon=0.2 train/actor_lr=0.0003 train/post_transition_steps=2101248 rollout/episode_return_std=nan train/grad_norm=1.24067
[V25 PPO] phase=1 rollout/transitions=3612672 safety/h_hard_min=4.81618 train/value_loss=15.1736 train/value_explained_variance=0.903834 train/approx_kl=0.00820069 train/clip_epsilon=0.2 train/actor_lr=0.0003 train/post_transition_steps=2105344 rollout/episode_return_std=nan train/grad_norm=1.06238
[V25 PPO] phase=1 rollout/transitions=3616768 safety/h_hard_min=4.8471 train/value_loss=18.7272 train/value_explained_variance=0.903127 train/approx_kl=0.0104501 train/clip_epsilon=0.2 train/actor_lr=0.0003 train/post_transition_steps=2109440 rollout/episode_return_std=nan train/grad_norm=0.804501
[V25 PPO] phase=1 rollout/transitions=3620864 safety/h_hard_min=4.84571 train/value_loss=18.2674 train/value_explained_variance=0.899555 train/approx_kl=0.00952881 train/clip_epsilon=0.2 train/actor_lr=0.0003 train/post_transition_steps=2113536 rollout/episode_return_std=nan train/grad_norm=2.68357
[V25 PPO] phase=1 rollout/transitions=3624960 safety/h_hard_min=4.8117 train/value_loss=19.4805 train/value_explained_variance=0.900277 train/approx_kl=0.00933127 train/clip_epsilon=0.2 train/actor_lr=0.0003 train/post_transition_steps=2117632 rollout/episode_return_std=nan train/grad_norm=0.841364
[V25 PPO] phase=1 rollout/transitions=3629056 safety/h_hard_min=4.77733 train/value_loss=18.2189 train/value_explained_variance=0.901795 train/approx_kl=0.00779598 train/clip_epsilon=0.2 train/actor_lr=0.0003 train/post_transition_steps=2121728 rollout/episode_return_std=nan train/grad_norm=2.61204
[V25 PPO] phase=1 rollout/transitions=3633152 safety/h_hard_min=4.8276 train/value_loss=19.2284 train/value_explained_variance=0.901247 train/approx_kl=0.0102573 train/clip_epsilon=0.2 train/actor_lr=0.0003 train/post_transition_steps=2125824 rollout/episode_return_std=nan train/grad_norm=0.324023
[V25 PPO] phase=1 rollout/transitions=3637248 safety/h_hard_min=4.80823 train/value_loss=13.0535 train/value_explained_variance=0.911184 train/approx_kl=0.00718662 train/clip_epsilon=0.2 train/actor_lr=0.0003 train/post_transition_steps=2129920 rollout/episode_return_std=nan train/grad_norm=0.365934
[V25 PPO] phase=1 rollout/transitions=3641344 safety/h_hard_min=4.86216 train/value_loss=18.5242 train/value_explained_variance=0.894435 train/approx_kl=0.0110287 train/clip_epsilon=0.2 train/actor_lr=0.0003 train/post_transition_steps=2134016 rollout/episode_return_std=nan train/grad_norm=0.434557
[V25 PPO] phase=1 rollout/transitions=3645440 safety/h_hard_min=4.81144 train/value_loss=21.2978 train/value_explained_variance=0.884331 train/approx_kl=0.0102014 train/clip_epsilon=0.2 train/actor_lr=0.0003 train/post_transition_steps=2138112 rollout/episode_return_std=nan train/grad_norm=0.6149
[V25 PPO] phase=1 rollout/transitions=3649536 safety/h_hard_min=4.86248 train/value_loss=17.1128 train/value_explained_variance=0.892036 train/approx_kl=0.0107084 train/clip_epsilon=0.2 train/actor_lr=0.0003 train/post_transition_steps=2142208 rollout/episode_return_std=nan train/grad_norm=0.705806
[V25 PPO] phase=1 rollout/transitions=3653632 safety/h_hard_min=4.82753 train/value_loss=16.803 train/value_explained_variance=0.897296 train/approx_kl=0.00924984 train/clip_epsilon=0.2 train/actor_lr=0.0003 train/post_transition_steps=2146304 rollout/episode_return_std=nan train/grad_norm=1.31019
[V25 PPO] phase=1 rollout/transitions=3657728 safety/h_hard_min=4.91547 train/value_loss=19.6243 train/value_explained_variance=0.894578 train/approx_kl=0.0122395 train/clip_epsilon=0.2 train/actor_lr=0.0003 train/post_transition_steps=2150400 rollout/episode_return_std=nan train/grad_norm=0.341454
[V25 PPO] phase=1 rollout/transitions=3661824 safety/h_hard_min=4.80788 train/value_loss=19.1767 train/value_explained_variance=0.89285 train/approx_kl=0.0098236 train/clip_epsilon=0.2 train/actor_lr=0.0003 train/post_transition_steps=2154496 rollout/episode_return_std=nan train/grad_norm=0.344478
[V25 PPO] phase=1 rollout/transitions=3665920 safety/h_hard_min=4.82274 train/value_loss=16.8892 train/value_explained_variance=0.894277 train/approx_kl=0.00858909 train/clip_epsilon=0.2 train/actor_lr=0.0003 train/post_transition_steps=2158592 rollout/episode_return_std=nan train/grad_norm=0.450251
[V25 PPO] phase=1 rollout/transitions=3670016 safety/h_hard_min=4.83201 train/value_loss=18.536 train/value_explained_variance=0.886499 train/approx_kl=0.00889359 train/clip_epsilon=0.2 train/actor_lr=0.0003 train/post_transition_steps=2162688 rollout/episode_return_std=nan train/grad_norm=1.0438
[V25 PPO] phase=1 rollout/transitions=3674112 safety/h_hard_min=4.86459 train/value_loss=18.3731 train/value_explained_variance=0.891764 train/approx_kl=0.0090125 train/clip_epsilon=0.2 train/actor_lr=0.0003 train/post_transition_steps=2166784 rollout/episode_return_std=nan train/grad_norm=2.05945
[V25 PPO] phase=1 rollout/transitions=3678208 safety/h_hard_min=4.8668 train/value_loss=18.0124 train/value_explained_variance=0.891658 train/approx_kl=0.00853095 train/clip_epsilon=0.2 train/actor_lr=0.0003 train/post_transition_steps=2170880 rollout/episode_return_std=nan train/grad_norm=0.573418
[V25 PPO] phase=1 rollout/transitions=3682304 safety/h_hard_min=4.8277 train/value_loss=16.633 train/value_explained_variance=0.89548 train/approx_kl=0.00945712 train/clip_epsilon=0.2 train/actor_lr=0.0003 train/post_transition_steps=2174976 rollout/episode_return_std=nan train/grad_norm=1.14616
[V25 PPO] phase=1 rollout/transitions=3686400 safety/h_hard_min=4.8212 train/value_loss=21.7133 train/value_explained_variance=0.879353 train/approx_kl=0.0104116 train/clip_epsilon=0.2 train/actor_lr=0.0003 train/post_transition_steps=2179072 rollout/episode_return_std=nan train/grad_norm=1.37644
[V25 PPO] phase=1 rollout/transitions=3690496 safety/h_hard_min=4.83498 train/value_loss=18.4518 train/value_explained_variance=0.885228 train/approx_kl=0.0106239 train/clip_epsilon=0.2 train/actor_lr=0.0003 train/post_transition_steps=2183168 rollout/episode_return_std=nan train/grad_norm=1.23323
[V25 PPO] phase=1 rollout/transitions=3694592 safety/h_hard_min=4.81913 train/value_loss=21.5066 train/value_explained_variance=0.877872 train/approx_kl=0.0091939 train/clip_epsilon=0.2 train/actor_lr=0.0003 train/post_transition_steps=2187264 rollout/episode_return_std=nan train/grad_norm=0.294904
[V25 PPO] phase=1 rollout/transitions=3698688 safety/h_hard_min=4.82391 train/value_loss=21.757 train/value_explained_variance=0.877218 train/approx_kl=0.0094467 train/clip_epsilon=0.2 train/actor_lr=0.0003 train/post_transition_steps=2191360 rollout/episode_return_std=nan train/grad_norm=1.34068
[V25 PPO] phase=1 rollout/transitions=3702784 safety/h_hard_min=4.87302 train/value_loss=19.4274 train/value_explained_variance=0.883798 train/approx_kl=0.00794227 train/clip_epsilon=0.2 train/actor_lr=0.0003 train/post_transition_steps=2195456 rollout/episode_return_std=nan train/grad_norm=0.886442
[V25 PPO] phase=1 rollout/transitions=3706880 safety/h_hard_min=4.79461 train/value_loss=18.2116 train/value_explained_variance=0.88216 train/approx_kl=0.00718409 train/clip_epsilon=0.2 train/actor_lr=0.0003 train/post_transition_steps=2199552 rollout/episode_return_std=nan train/grad_norm=0.719334
[V25 PPO] phase=1 rollout/transitions=3710976 safety/h_hard_min=4.79571 train/value_loss=18.9535 train/value_explained_variance=0.881967 train/approx_kl=0.0080471 train/clip_epsilon=0.2 train/actor_lr=0.0003 train/post_transition_steps=2203648 rollout/episode_return_std=nan train/grad_norm=0.423493
[V25 PPO] phase=1 rollout/transitions=3715072 safety/h_hard_min=4.83343 train/value_loss=16.6661 train/value_explained_variance=0.892584 train/approx_kl=0.0084572 train/clip_epsilon=0.2 train/actor_lr=0.0003 train/post_transition_steps=2207744 rollout/episode_return_std=nan train/grad_norm=0.780674
[V25 PPO] phase=1 rollout/transitions=3719168 safety/h_hard_min=4.79968 train/value_loss=16.3123 train/value_explained_variance=0.885234 train/approx_kl=0.00823401 train/clip_epsilon=0.2 train/actor_lr=0.0003 train/post_transition_steps=2211840 rollout/episode_return_std=nan train/grad_norm=1.5202
[V25 PPO] phase=1 rollout/transitions=3723264 safety/h_hard_min=4.8575 train/value_loss=22.7861 train/value_explained_variance=0.871383 train/approx_kl=0.0101189 train/clip_epsilon=0.2 train/actor_lr=0.0003 train/post_transition_steps=2215936 rollout/episode_return_std=nan train/grad_norm=0.80246
[V25 PPO] phase=1 rollout/transitions=3727360 safety/h_hard_min=4.73315 train/value_loss=19.8922 train/value_explained_variance=0.879752 train/approx_kl=0.00882538 train/clip_epsilon=0.2 train/actor_lr=0.0003 train/post_transition_steps=2220032 rollout/episode_return_std=nan train/grad_norm=0.645165
[V25 PPO] phase=1 rollout/transitions=3731456 safety/h_hard_min=4.86319 train/value_loss=20.5162 train/value_explained_variance=0.881014 train/approx_kl=0.00939016 train/clip_epsilon=0.2 train/actor_lr=0.0003 train/post_transition_steps=2224128 rollout/episode_return_std=nan train/grad_norm=1.83303
[V25 PPO] phase=1 rollout/transitions=3735552 safety/h_hard_min=4.81231 train/value_loss=22.3407 train/value_explained_variance=0.865811 train/approx_kl=0.0101191 train/clip_epsilon=0.2 train/actor_lr=0.0003 train/post_transition_steps=2228224 rollout/episode_return_std=nan train/grad_norm=2.1931
[V25 PPO] phase=1 rollout/transitions=3739648 safety/h_hard_min=4.87063 train/value_loss=22.6527 train/value_explained_variance=0.865386 train/approx_kl=0.0091816 train/clip_epsilon=0.2 train/actor_lr=0.0003 train/post_transition_steps=2232320 rollout/episode_return_std=nan train/grad_norm=0.728814
[V25 PPO] phase=1 rollout/transitions=3743744 safety/h_hard_min=4.80959 train/value_loss=18.6675 train/value_explained_variance=0.883304 train/approx_kl=0.00870184 train/clip_epsilon=0.2 train/actor_lr=0.0003 train/post_transition_steps=2236416 rollout/episode_return_std=nan train/grad_norm=0.48961
[V25 PPO] phase=1 rollout/transitions=3747840 safety/h_hard_min=4.78357 train/value_loss=20.0611 train/value_explained_variance=0.883186 train/approx_kl=0.00852093 train/clip_epsilon=0.2 train/actor_lr=0.0003 train/post_transition_steps=2240512 rollout/episode_return_std=nan train/grad_norm=0.915951
[V25 PPO] phase=1 rollout/transitions=3751936 safety/h_hard_min=4.83772 train/value_loss=16.6572 train/value_explained_variance=0.879932 train/approx_kl=0.00930005 train/clip_epsilon=0.2 train/actor_lr=0.0003 train/post_transition_steps=2244608 rollout/episode_return_std=nan train/grad_norm=2.04923
[V25 PPO] phase=1 rollout/transitions=3756032 safety/h_hard_min=4.87667 train/value_loss=15.6233 train/value_explained_variance=0.877999 train/approx_kl=0.00842389 train/clip_epsilon=0.2 train/actor_lr=0.0003 train/post_transition_steps=2248704 rollout/episode_return_std=nan train/grad_norm=0.862089
[V25 PPO] phase=1 rollout/transitions=3760128 safety/h_hard_min=4.81483 train/value_loss=16.7539 train/value_explained_variance=0.882144 train/approx_kl=0.00779264 train/clip_epsilon=0.2 train/actor_lr=0.0003 train/post_transition_steps=2252800 rollout/episode_return_std=nan train/grad_norm=2.33017
[V25 PPO] phase=1 rollout/transitions=3764224 safety/h_hard_min=4.75515 train/value_loss=18.907 train/value_explained_variance=0.875321 train/approx_kl=0.00901739 train/clip_epsilon=0.2 train/actor_lr=0.0003 train/post_transition_steps=2256896 rollout/episode_return_std=nan train/grad_norm=1.32814
[V25 PPO] phase=1 rollout/transitions=3768320 safety/h_hard_min=4.79108 train/value_loss=15.3018 train/value_explained_variance=0.881942 train/approx_kl=0.00763523 train/clip_epsilon=0.2 train/actor_lr=0.0003 train/post_transition_steps=2260992 rollout/episode_return_std=nan train/grad_norm=0.96885
[V25 PPO] phase=1 rollout/transitions=3772416 safety/h_hard_min=4.83537 train/value_loss=21.361 train/value_explained_variance=0.874143 train/approx_kl=0.0115713 train/clip_epsilon=0.2 train/actor_lr=0.0003 train/post_transition_steps=2265088 rollout/episode_return_std=nan train/grad_norm=1.02181
[V25 PPO] phase=1 rollout/transitions=3776512 safety/h_hard_min=4.81349 train/value_loss=15.9357 train/value_explained_variance=0.88316 train/approx_kl=0.00792774 train/clip_epsilon=0.2 train/actor_lr=0.0003 train/post_transition_steps=2269184 rollout/episode_return_std=nan train/grad_norm=0.488663
[V25 PPO] phase=1 rollout/transitions=3780608 safety/h_hard_min=4.83976 train/value_loss=16.4467 train/value_explained_variance=0.878436 train/approx_kl=0.0087847 train/clip_epsilon=0.2 train/actor_lr=0.0003 train/post_transition_steps=2273280 rollout/episode_return_std=nan train/grad_norm=1.16548
[V25 PPO] phase=1 rollout/transitions=3784704 safety/h_hard_min=4.73397 train/value_loss=21.0902 train/value_explained_variance=0.875414 train/approx_kl=0.0100242 train/clip_epsilon=0.2 train/actor_lr=0.0003 train/post_transition_steps=2277376 rollout/episode_return_std=nan train/grad_norm=2.83795
[V25 PPO] phase=1 rollout/transitions=3788800 safety/h_hard_min=4.8154 train/value_loss=22.1634 train/value_explained_variance=0.87117 train/approx_kl=0.00978557 train/clip_epsilon=0.2 train/actor_lr=0.0003 train/post_transition_steps=2281472 rollout/episode_return_std=nan train/grad_norm=1.552
[V25 PPO] phase=1 rollout/transitions=3792896 safety/h_hard_min=4.80143 train/value_loss=22.7979 train/value_explained_variance=0.866631 train/approx_kl=0.00889342 train/clip_epsilon=0.2 train/actor_lr=0.0003 train/post_transition_steps=2285568 rollout/episode_return_std=nan train/grad_norm=1.04344
[V25 PPO] phase=1 rollout/transitions=3796992 safety/h_hard_min=4.83771 train/value_loss=23.3818 train/value_explained_variance=0.863357 train/approx_kl=0.00988993 train/clip_epsilon=0.2 train/actor_lr=0.0003 train/post_transition_steps=2289664 rollout/episode_return_std=nan train/grad_norm=1.15877
[V25 PPO] phase=1 rollout/transitions=3801088 safety/h_hard_min=4.81406 train/value_loss=21.2729 train/value_explained_variance=0.867141 train/approx_kl=0.00884843 train/clip_epsilon=0.2 train/actor_lr=0.0003 train/post_transition_steps=2293760 rollout/episode_return_std=nan train/grad_norm=2.19895
[V25 PPO] phase=1 rollout/transitions=3805184 safety/h_hard_min=4.83261 train/value_loss=22.6895 train/value_explained_variance=0.860588 train/approx_kl=0.00962312 train/clip_epsilon=0.2 train/actor_lr=0.0003 train/post_transition_steps=2297856 rollout/episode_return_std=nan train/grad_norm=2.14738
[V25 PPO] phase=1 rollout/transitions=3809280 safety/h_hard_min=4.85887 train/value_loss=19.3944 train/value_explained_variance=0.873573 train/approx_kl=0.00869097 train/clip_epsilon=0.2 train/actor_lr=0.0003 train/post_transition_steps=2301952 rollout/episode_return_std=nan train/grad_norm=0.622084
[V25 PPO] phase=1 rollout/transitions=3813376 safety/h_hard_min=4.86257 train/value_loss=13.0083 train/value_explained_variance=0.895425 train/approx_kl=0.00869309 train/clip_epsilon=0.2 train/actor_lr=0.0003 train/post_transition_steps=2306048 rollout/episode_return_std=nan train/grad_norm=0.540979
[V25 PPO] phase=1 rollout/transitions=3817472 safety/h_hard_min=4.81976 train/value_loss=16.6957 train/value_explained_variance=0.880945 train/approx_kl=0.0073596 train/clip_epsilon=0.2 train/actor_lr=0.0003 train/post_transition_steps=2310144 rollout/episode_return_std=nan train/grad_norm=0.815512
[V25 PPO] phase=1 rollout/transitions=3821568 safety/h_hard_min=4.86363 train/value_loss=19.4796 train/value_explained_variance=0.873517 train/approx_kl=0.0077774 train/clip_epsilon=0.2 train/actor_lr=0.0003 train/post_transition_steps=2314240 rollout/episode_return_std=nan train/grad_norm=1.58712
[V25 PPO] phase=1 rollout/transitions=3825664 safety/h_hard_min=4.88645 train/value_loss=22.6794 train/value_explained_variance=0.864155 train/approx_kl=0.00969295 train/clip_epsilon=0.2 train/actor_lr=0.0003 train/post_transition_steps=2318336 rollout/episode_return_std=nan train/grad_norm=0.684771
[V25 PPO] phase=1 rollout/transitions=3829760 safety/h_hard_min=4.79828 train/value_loss=21.3022 train/value_explained_variance=0.869149 train/approx_kl=0.00905995 train/clip_epsilon=0.2 train/actor_lr=0.0003 train/post_transition_steps=2322432 rollout/episode_return_std=nan train/grad_norm=1.36631
[V25 PPO] phase=1 rollout/transitions=3833856 safety/h_hard_min=4.78602 train/value_loss=21.5107 train/value_explained_variance=0.859874 train/approx_kl=0.00942414 train/clip_epsilon=0.2 train/actor_lr=0.0003 train/post_transition_steps=2326528 rollout/episode_return_std=nan train/grad_norm=1.23654
[V25 PPO] phase=1 rollout/transitions=3837952 safety/h_hard_min=4.82962 train/value_loss=22.6751 train/value_explained_variance=0.868383 train/approx_kl=0.0101312 train/clip_epsilon=0.2 train/actor_lr=0.0003 train/post_transition_steps=2330624 rollout/episode_return_std=nan train/grad_norm=0.642338
[V25 PPO] phase=1 rollout/transitions=3842048 safety/h_hard_min=4.79971 train/value_loss=21.0399 train/value_explained_variance=0.856803 train/approx_kl=0.0080946 train/clip_epsilon=0.2 train/actor_lr=0.0003 train/post_transition_steps=2334720 rollout/episode_return_std=nan train/grad_norm=0.51343
[V25 PPO] phase=1 rollout/transitions=3846144 safety/h_hard_min=4.83808 train/value_loss=19.133 train/value_explained_variance=0.86169 train/approx_kl=0.00848091 train/clip_epsilon=0.2 train/actor_lr=0.0003 train/post_transition_steps=2338816 rollout/episode_return_std=nan train/grad_norm=0.784152
[V25 PPO] phase=1 rollout/transitions=3850240 safety/h_hard_min=4.79948 train/value_loss=18.3283 train/value_explained_variance=0.866482 train/approx_kl=0.0080623 train/clip_epsilon=0.2 train/actor_lr=0.0003 train/post_transition_steps=2342912 rollout/episode_return_std=nan train/grad_norm=0.936105
[V25 PPO] phase=1 rollout/transitions=3854336 safety/h_hard_min=4.84439 train/value_loss=19.4752 train/value_explained_variance=0.870226 train/approx_kl=0.00858247 train/clip_epsilon=0.2 train/actor_lr=0.0003 train/post_transition_steps=2347008 rollout/episode_return_std=nan train/grad_norm=0.571488
[V25 PPO] phase=1 rollout/transitions=3858432 safety/h_hard_min=4.81799 train/value_loss=23.2971 train/value_explained_variance=0.848078 train/approx_kl=0.00925225 train/clip_epsilon=0.2 train/actor_lr=0.0003 train/post_transition_steps=2351104 rollout/episode_return_std=nan train/grad_norm=0.963965
[V25 PPO] phase=1 rollout/transitions=3862528 safety/h_hard_min=4.80255 train/value_loss=21.1632 train/value_explained_variance=0.863438 train/approx_kl=0.00925854 train/clip_epsilon=0.2 train/actor_lr=0.0003 train/post_transition_steps=2355200 rollout/episode_return_std=nan train/grad_norm=0.877843
[V25 PPO] phase=1 rollout/transitions=3866624 safety/h_hard_min=4.83996 train/value_loss=19.9533 train/value_explained_variance=0.852385 train/approx_kl=0.00776862 train/clip_epsilon=0.2 train/actor_lr=0.0003 train/post_transition_steps=2359296 rollout/episode_return_std=nan train/grad_norm=0.235638
[V25 PPO] phase=1 rollout/transitions=3870720 safety/h_hard_min=4.79325 train/value_loss=21.6777 train/value_explained_variance=0.863726 train/approx_kl=0.00889952 train/clip_epsilon=0.2 train/actor_lr=0.0003 train/post_transition_steps=2363392 rollout/episode_return_std=nan train/grad_norm=1.08645
[V25 PPO] phase=1 rollout/transitions=3874816 safety/h_hard_min=4.84148 train/value_loss=21.0334 train/value_explained_variance=0.857544 train/approx_kl=0.00920081 train/clip_epsilon=0.2 train/actor_lr=0.0003 train/post_transition_steps=2367488 rollout/episode_return_std=nan train/grad_norm=0.935491
[V25 PPO] phase=1 rollout/transitions=3878912 safety/h_hard_min=4.87475 train/value_loss=18.018 train/value_explained_variance=0.862315 train/approx_kl=0.00727854 train/clip_epsilon=0.2 train/actor_lr=0.0003 train/post_transition_steps=2371584 rollout/episode_return_std=nan train/grad_norm=1.93833
[V25 PPO] phase=1 rollout/transitions=3883008 safety/h_hard_min=4.86035 train/value_loss=22.0091 train/value_explained_variance=0.843287 train/approx_kl=0.00862439 train/clip_epsilon=0.2 train/actor_lr=0.0003 train/post_transition_steps=2375680 rollout/episode_return_std=nan train/grad_norm=0.488285
[V25 PPO] phase=1 rollout/transitions=3887104 safety/h_hard_min=4.82822 train/value_loss=19.9182 train/value_explained_variance=0.857539 train/approx_kl=0.00928289 train/clip_epsilon=0.2 train/actor_lr=0.0003 train/post_transition_steps=2379776 rollout/episode_return_std=nan train/grad_norm=0.624695
[V25 PPO] phase=1 rollout/transitions=3891200 safety/h_hard_min=4.82928 train/value_loss=20.9308 train/value_explained_variance=0.852319 train/approx_kl=0.0082913 train/clip_epsilon=0.2 train/actor_lr=0.0003 train/post_transition_steps=2383872 rollout/episode_return_std=nan train/grad_norm=0.596287
[V25 PPO] phase=1 rollout/transitions=3895296 safety/h_hard_min=4.83418 train/value_loss=20.5141 train/value_explained_variance=0.848449 train/approx_kl=0.00884746 train/clip_epsilon=0.2 train/actor_lr=0.0003 train/post_transition_steps=2387968 rollout/episode_return_std=nan train/grad_norm=1.57803
[V25 PPO] phase=1 rollout/transitions=3899392 safety/h_hard_min=4.82 train/value_loss=23.4802 train/value_explained_variance=0.83915 train/approx_kl=0.00871118 train/clip_epsilon=0.2 train/actor_lr=0.0003 train/post_transition_steps=2392064 rollout/episode_return_std=nan train/grad_norm=1.58208
[V25 PPO] phase=1 rollout/transitions=3903488 safety/h_hard_min=4.8794 train/value_loss=19.1027 train/value_explained_variance=0.858067 train/approx_kl=0.00869017 train/clip_epsilon=0.2 train/actor_lr=0.0003 train/post_transition_steps=2396160 rollout/episode_return_std=nan train/grad_norm=0.349913
[V25 PPO] phase=1 rollout/transitions=3907584 safety/h_hard_min=4.81233 train/value_loss=20.517 train/value_explained_variance=0.847717 train/approx_kl=0.00834642 train/clip_epsilon=0.2 train/actor_lr=0.0003 train/post_transition_steps=2400256 rollout/episode_return_std=nan train/grad_norm=0.491068
[V25 PPO] phase=1 rollout/transitions=3911680 safety/h_hard_min=4.84638 train/value_loss=22.7153 train/value_explained_variance=0.841665 train/approx_kl=0.00907527 train/clip_epsilon=0.2 train/actor_lr=0.0003 train/post_transition_steps=2404352 rollout/episode_return_std=nan train/grad_norm=0.45094
[V25 PPO] phase=1 rollout/transitions=3915776 safety/h_hard_min=4.85125 train/value_loss=17.5509 train/value_explained_variance=0.865394 train/approx_kl=0.00978685 train/clip_epsilon=0.2 train/actor_lr=0.0003 train/post_transition_steps=2408448 rollout/episode_return_std=nan train/grad_norm=0.909695
[V25 PPO] phase=1 rollout/transitions=3919872 safety/h_hard_min=4.81151 train/value_loss=20.1105 train/value_explained_variance=0.854922 train/approx_kl=0.00946942 train/clip_epsilon=0.2 train/actor_lr=0.0003 train/post_transition_steps=2412544 rollout/episode_return_std=nan train/grad_norm=0.651283
[V25 PPO] phase=1 rollout/transitions=3923968 safety/h_hard_min=4.8077 train/value_loss=22.4558 train/value_explained_variance=0.841619 train/approx_kl=0.00936376 train/clip_epsilon=0.2 train/actor_lr=0.0003 train/post_transition_steps=2416640 rollout/episode_return_std=nan train/grad_norm=1.52592
[V25 PPO] phase=1 rollout/transitions=3928064 safety/h_hard_min=4.85571 train/value_loss=19.4841 train/value_explained_variance=0.854831 train/approx_kl=0.00886505 train/clip_epsilon=0.2 train/actor_lr=0.0003 train/post_transition_steps=2420736 rollout/episode_return_std=nan train/grad_norm=0.680464
[V25 PPO] phase=1 rollout/transitions=3932160 safety/h_hard_min=4.84645 train/value_loss=20.8628 train/value_explained_variance=0.860045 train/approx_kl=0.00913688 train/clip_epsilon=0.2 train/actor_lr=0.0003 train/post_transition_steps=2424832 rollout/episode_return_std=nan train/grad_norm=1.18578
[V25 PPO] phase=1 rollout/transitions=3936256 safety/h_hard_min=4.81609 train/value_loss=21.1834 train/value_explained_variance=0.861839 train/approx_kl=0.0101659 train/clip_epsilon=0.2 train/actor_lr=0.0003 train/post_transition_steps=2428928 rollout/episode_return_std=nan train/grad_norm=1.75872
[V25 PPO] phase=1 rollout/transitions=3940352 safety/h_hard_min=4.81381 train/value_loss=21.1717 train/value_explained_variance=0.855411 train/approx_kl=0.00860298 train/clip_epsilon=0.2 train/actor_lr=0.0003 train/post_transition_steps=2433024 rollout/episode_return_std=nan train/grad_norm=0.448894
[V25 PPO] phase=1 rollout/transitions=3944448 safety/h_hard_min=4.84855 train/value_loss=20.6031 train/value_explained_variance=0.856983 train/approx_kl=0.00826821 train/clip_epsilon=0.2 train/actor_lr=0.0003 train/post_transition_steps=2437120 rollout/episode_return_std=nan train/grad_norm=1.07997
[V25 PPO] phase=1 rollout/transitions=3948544 safety/h_hard_min=4.82551 train/value_loss=21.6498 train/value_explained_variance=0.859768 train/approx_kl=0.00938517 train/clip_epsilon=0.2 train/actor_lr=0.0003 train/post_transition_steps=2441216 rollout/episode_return_std=nan train/grad_norm=0.167245
[V25 PPO] phase=1 rollout/transitions=3952640 safety/h_hard_min=4.8326 train/value_loss=17.4754 train/value_explained_variance=0.86081 train/approx_kl=0.00880923 train/clip_epsilon=0.2 train/actor_lr=0.0003 train/post_transition_steps=2445312 rollout/episode_return_std=nan train/grad_norm=1.09598
[V25 PPO] phase=1 rollout/transitions=3956736 safety/h_hard_min=4.82577 train/value_loss=23.0841 train/value_explained_variance=0.853872 train/approx_kl=0.00917804 train/clip_epsilon=0.2 train/actor_lr=0.0003 train/post_transition_steps=2449408 rollout/episode_return_std=nan train/grad_norm=0.752151
[V25 PPO] phase=1 rollout/transitions=3960832 safety/h_hard_min=4.84752 train/value_loss=23.6755 train/value_explained_variance=0.84318 train/approx_kl=0.00866028 train/clip_epsilon=0.2 train/actor_lr=0.0003 train/post_transition_steps=2453504 rollout/episode_return_std=nan train/grad_norm=1.08439
[V25 PPO] phase=1 rollout/transitions=3964928 safety/h_hard_min=4.7987 train/value_loss=22.6715 train/value_explained_variance=0.852097 train/approx_kl=0.00810246 train/clip_epsilon=0.2 train/actor_lr=0.0003 train/post_transition_steps=2457600 rollout/episode_return_std=nan train/grad_norm=1.31113
[V25 PPO] phase=1 rollout/transitions=3969024 safety/h_hard_min=4.84886 train/value_loss=19.9726 train/value_explained_variance=0.852436 train/approx_kl=0.00948166 train/clip_epsilon=0.2 train/actor_lr=0.0003 train/post_transition_steps=2461696 rollout/episode_return_std=nan train/grad_norm=0.359677
[V25 PPO] phase=1 rollout/transitions=3973120 safety/h_hard_min=4.78283 train/value_loss=24.1127 train/value_explained_variance=0.838344 train/approx_kl=0.00874245 train/clip_epsilon=0.2 train/actor_lr=0.0003 train/post_transition_steps=2465792 rollout/episode_return_std=nan train/grad_norm=0.632396
[V25 PPO] phase=1 rollout/transitions=3977216 safety/h_hard_min=4.85826 train/value_loss=20.2147 train/value_explained_variance=0.858423 train/approx_kl=0.00877559 train/clip_epsilon=0.2 train/actor_lr=0.0003 train/post_transition_steps=2469888 rollout/episode_return_std=nan train/grad_norm=0.500055
[V25 PPO] phase=1 rollout/transitions=3981312 safety/h_hard_min=4.80743 train/value_loss=23.3206 train/value_explained_variance=0.853869 train/approx_kl=0.00916046 train/clip_epsilon=0.2 train/actor_lr=0.0003 train/post_transition_steps=2473984 rollout/episode_return_std=nan train/grad_norm=1.3686
[V25 PPO] phase=1 rollout/transitions=3985408 safety/h_hard_min=4.85297 train/value_loss=19.1948 train/value_explained_variance=0.863422 train/approx_kl=0.00975849 train/clip_epsilon=0.2 train/actor_lr=0.0003 train/post_transition_steps=2478080 rollout/episode_return_std=nan train/grad_norm=0.249365
[V25 PPO] phase=1 rollout/transitions=3989504 safety/h_hard_min=4.77914 train/value_loss=21.7058 train/value_explained_variance=0.846178 train/approx_kl=0.00833479 train/clip_epsilon=0.2 train/actor_lr=0.0003 train/post_transition_steps=2482176 rollout/episode_return_std=nan train/grad_norm=0.236821
[V25 PPO] phase=1 rollout/transitions=3993600 safety/h_hard_min=4.8467 train/value_loss=22.3954 train/value_explained_variance=0.837864 train/approx_kl=0.00788037 train/clip_epsilon=0.2 train/actor_lr=0.0003 train/post_transition_steps=2486272 rollout/episode_return_std=nan train/grad_norm=0.467642
[V25 PPO] phase=1 rollout/transitions=3997696 safety/h_hard_min=4.79169 train/value_loss=25.863 train/value_explained_variance=0.839304 train/approx_kl=0.00991395 train/clip_epsilon=0.2 train/actor_lr=0.0003 train/post_transition_steps=2490368 rollout/episode_return_std=nan train/grad_norm=0.249688
[V25 PPO] phase=1 rollout/transitions=4001792 safety/h_hard_min=4.868 train/value_loss=23.6478 train/value_explained_variance=0.845927 train/approx_kl=0.00993067 train/clip_epsilon=0.2 train/actor_lr=0.0003 train/post_transition_steps=2494464 rollout/episode_return_std=nan train/grad_norm=0.97988
[V25 PPO] phase=1 rollout/transitions=4005888 safety/h_hard_min=4.77315 train/value_loss=20.2927 train/value_explained_variance=0.851731 train/approx_kl=0.00865194 train/clip_epsilon=0.2 train/actor_lr=0.0003 train/post_transition_steps=2498560 rollout/episode_return_std=nan train/grad_norm=0.681093
[V25 PPO] phase=1 rollout/transitions=4009984 safety/h_hard_min=4.87636 train/value_loss=25.0732 train/value_explained_variance=0.824422 train/approx_kl=0.0106379 train/clip_epsilon=0.2 train/actor_lr=0.0003 train/post_transition_steps=2502656 rollout/episode_return_std=nan train/grad_norm=0.669701
[V25 PPO] phase=1 rollout/transitions=4014080 safety/h_hard_min=4.78845 train/value_loss=19.712 train/value_explained_variance=0.857869 train/approx_kl=0.00855099 train/clip_epsilon=0.2 train/actor_lr=0.0003 train/post_transition_steps=2506752 rollout/episode_return_std=nan train/grad_norm=0.310919
[V25 PPO] phase=1 rollout/transitions=4018176 safety/h_hard_min=4.83074 train/value_loss=22.3541 train/value_explained_variance=0.840538 train/approx_kl=0.00944358 train/clip_epsilon=0.2 train/actor_lr=0.0003 train/post_transition_steps=2510848 rollout/episode_return_std=nan train/grad_norm=1.3936
[V25 PPO] phase=1 rollout/transitions=4022272 safety/h_hard_min=4.81413 train/value_loss=19.7203 train/value_explained_variance=0.847829 train/approx_kl=0.00822977 train/clip_epsilon=0.2 train/actor_lr=0.0003 train/post_transition_steps=2514944 rollout/episode_return_std=nan train/grad_norm=0.357815
[V25 PPO] phase=1 rollout/transitions=4026368 safety/h_hard_min=4.80348 train/value_loss=21.6389 train/value_explained_variance=0.83421 train/approx_kl=0.00786063 train/clip_epsilon=0.2 train/actor_lr=0.0003 train/post_transition_steps=2519040 rollout/episode_return_std=nan train/grad_norm=2.17892
[V25 PPO] phase=1 rollout/transitions=4030464 safety/h_hard_min=4.83161 train/value_loss=21.4567 train/value_explained_variance=0.843179 train/approx_kl=0.00916107 train/clip_epsilon=0.2 train/actor_lr=0.0003 train/post_transition_steps=2523136 rollout/episode_return_std=nan train/grad_norm=1.44266
[V25 PPO] phase=1 rollout/transitions=4034560 safety/h_hard_min=4.81925 train/value_loss=22.8705 train/value_explained_variance=0.829209 train/approx_kl=0.0071824 train/clip_epsilon=0.2 train/actor_lr=0.0003 train/post_transition_steps=2527232 rollout/episode_return_std=nan train/grad_norm=0.874421
[V25 PPO] phase=1 rollout/transitions=4038656 safety/h_hard_min=4.81977 train/value_loss=21.6749 train/value_explained_variance=0.83232 train/approx_kl=0.00897908 train/clip_epsilon=0.2 train/actor_lr=0.0003 train/post_transition_steps=2531328 rollout/episode_return_std=nan train/grad_norm=1.64947
[V25 PPO] phase=1 rollout/transitions=4042752 safety/h_hard_min=4.86172 train/value_loss=24.3752 train/value_explained_variance=0.844832 train/approx_kl=0.00974719 train/clip_epsilon=0.2 train/actor_lr=0.0003 train/post_transition_steps=2535424 rollout/episode_return_std=nan train/grad_norm=0.636912
[V25 PPO] phase=1 rollout/transitions=4046848 safety/h_hard_min=4.86625 train/value_loss=20.7952 train/value_explained_variance=0.864001 train/approx_kl=0.0108 train/clip_epsilon=0.2 train/actor_lr=0.0003 train/post_transition_steps=2539520 rollout/episode_return_std=nan train/grad_norm=0.573878
[V25 PPO] phase=1 rollout/transitions=4050944 safety/h_hard_min=4.78433 train/value_loss=19.0508 train/value_explained_variance=0.856456 train/approx_kl=0.00730682 train/clip_epsilon=0.2 train/actor_lr=0.0003 train/post_transition_steps=2543616 rollout/episode_return_std=nan train/grad_norm=1.32125
[V25 PPO] phase=1 rollout/transitions=4055040 safety/h_hard_min=4.80696 train/value_loss=19.4011 train/value_explained_variance=0.869991 train/approx_kl=0.0102126 train/clip_epsilon=0.2 train/actor_lr=0.0003 train/post_transition_steps=2547712 rollout/episode_return_std=nan train/grad_norm=1.20827
[V25 PPO] phase=1 rollout/transitions=4059136 safety/h_hard_min=4.7894 train/value_loss=20.5329 train/value_explained_variance=0.87288 train/approx_kl=0.00916585 train/clip_epsilon=0.2 train/actor_lr=0.0003 train/post_transition_steps=2551808 rollout/episode_return_std=nan train/grad_norm=1.01102
[V25 PPO] phase=1 rollout/transitions=4063232 safety/h_hard_min=4.76613 train/value_loss=19.1448 train/value_explained_variance=0.890327 train/approx_kl=0.00977571 train/clip_epsilon=0.2 train/actor_lr=0.0003 train/post_transition_steps=2555904 rollout/episode_return_std=nan train/grad_norm=2.95394
[V25 PPO] phase=1 rollout/transitions=4067328 safety/h_hard_min=4.78633 train/value_loss=11.9724 train/value_explained_variance=0.911856 train/approx_kl=0.00882091 train/clip_epsilon=0.2 train/actor_lr=0.0003 train/post_transition_steps=2560000 rollout/episode_return_std=nan train/grad_norm=1.26761
[V25 PPO] phase=1 rollout/transitions=4071424 safety/h_hard_min=4.84043 train/value_loss=17.4717 train/value_explained_variance=0.896941 train/approx_kl=0.0113194 train/clip_epsilon=0.2 train/actor_lr=0.0003 train/post_transition_steps=2564096 rollout/episode_return_std=nan train/grad_norm=1.53411
[V25 PPO] phase=1 rollout/transitions=4075520 safety/h_hard_min=4.77978 train/value_loss=15.5958 train/value_explained_variance=0.9114 train/approx_kl=0.010944 train/clip_epsilon=0.2 train/actor_lr=0.0003 train/post_transition_steps=2568192 rollout/episode_return_std=nan train/grad_norm=0.730765
[V25 PPO] phase=1 rollout/transitions=4079616 safety/h_hard_min=4.82678 train/value_loss=12.7474 train/value_explained_variance=0.914772 train/approx_kl=0.00890308 train/clip_epsilon=0.2 train/actor_lr=0.0003 train/post_transition_steps=2572288 rollout/episode_return_std=nan train/grad_norm=1.2034
[V25 PPO] phase=1 rollout/transitions=4083712 safety/h_hard_min=4.78553 train/value_loss=11.7755 train/value_explained_variance=0.919425 train/approx_kl=0.00793088 train/clip_epsilon=0.2 train/actor_lr=0.0003 train/post_transition_steps=2576384 rollout/episode_return_std=nan train/grad_norm=0.110977
[V25 PPO] phase=1 rollout/transitions=4087808 safety/h_hard_min=4.82524 train/value_loss=14.1293 train/value_explained_variance=0.906604 train/approx_kl=0.00896032 train/clip_epsilon=0.2 train/actor_lr=0.0003 train/post_transition_steps=2580480 rollout/episode_return_std=nan train/grad_norm=1.38356
[V25 PPO] phase=1 rollout/transitions=4091904 safety/h_hard_min=4.81726 train/value_loss=12.426 train/value_explained_variance=0.915859 train/approx_kl=0.00853476 train/clip_epsilon=0.2 train/actor_lr=0.0003 train/post_transition_steps=2584576 rollout/episode_return_std=nan train/grad_norm=0.286049
[V25 PPO] phase=1 rollout/transitions=4096000 safety/h_hard_min=4.81635 train/value_loss=14.6315 train/value_explained_variance=0.903616 train/approx_kl=0.00957853 train/clip_epsilon=0.2 train/actor_lr=0.0003 train/post_transition_steps=2588672 rollout/episode_return_std=nan train/grad_norm=1.96848
[V25 PPO] phase=1 rollout/transitions=4100096 safety/h_hard_min=4.8186 train/value_loss=13.8323 train/value_explained_variance=0.913871 train/approx_kl=0.00858352 train/clip_epsilon=0.2 train/actor_lr=0.0003 train/post_transition_steps=2592768 rollout/episode_return_std=nan train/grad_norm=1.26704
[V25 PPO] phase=1 rollout/transitions=4104192 safety/h_hard_min=4.79891 train/value_loss=13.0971 train/value_explained_variance=0.91067 train/approx_kl=0.00900391 train/clip_epsilon=0.2 train/actor_lr=0.0003 train/post_transition_steps=2596864 rollout/episode_return_std=nan train/grad_norm=1.72986
[V25 PPO] phase=1 rollout/transitions=4108288 safety/h_hard_min=4.85021 train/value_loss=11.044 train/value_explained_variance=0.924334 train/approx_kl=0.0100789 train/clip_epsilon=0.2 train/actor_lr=0.0003 train/post_transition_steps=2600960 rollout/episode_return_std=nan train/grad_norm=1.2198
[V25 PPO] phase=1 rollout/transitions=4112384 safety/h_hard_min=4.87834 train/value_loss=15.4972 train/value_explained_variance=0.908483 train/approx_kl=0.0094329 train/clip_epsilon=0.2 train/actor_lr=0.0003 train/post_transition_steps=2605056 rollout/episode_return_std=nan train/grad_norm=2.41064
[V25 PPO] phase=1 rollout/transitions=4116480 safety/h_hard_min=4.86289 train/value_loss=13.8324 train/value_explained_variance=0.916789 train/approx_kl=0.0102561 train/clip_epsilon=0.2 train/actor_lr=0.0003 train/post_transition_steps=2609152 rollout/episode_return_std=nan train/grad_norm=4.15468
[V25 PPO] phase=1 rollout/transitions=4120576 safety/h_hard_min=4.7846 train/value_loss=15.6977 train/value_explained_variance=0.902995 train/approx_kl=0.0105765 train/clip_epsilon=0.2 train/actor_lr=0.0003 train/post_transition_steps=2613248 rollout/episode_return_std=nan train/grad_norm=1.53092
[V25 PPO] phase=1 rollout/transitions=4124672 safety/h_hard_min=4.86702 train/value_loss=15.1803 train/value_explained_variance=0.902535 train/approx_kl=0.00853681 train/clip_epsilon=0.2 train/actor_lr=0.0003 train/post_transition_steps=2617344 rollout/episode_return_std=nan train/grad_norm=1.42545
[V25 PPO] phase=1 rollout/transitions=4128768 safety/h_hard_min=4.82319 train/value_loss=14.914 train/value_explained_variance=0.904259 train/approx_kl=0.00891265 train/clip_epsilon=0.2 train/actor_lr=0.0003 train/post_transition_steps=2621440 rollout/episode_return_std=nan train/grad_norm=1.34758
[V25 PPO] phase=1 rollout/transitions=4132864 safety/h_hard_min=4.85543 train/value_loss=11.687 train/value_explained_variance=0.923355 train/approx_kl=0.00816627 train/clip_epsilon=0.2 train/actor_lr=0.0003 train/post_transition_steps=2625536 rollout/episode_return_std=nan train/grad_norm=0.696051
[V25 PPO] phase=1 rollout/transitions=4136960 safety/h_hard_min=4.81421 train/value_loss=15.5071 train/value_explained_variance=0.902872 train/approx_kl=0.0078212 train/clip_epsilon=0.2 train/actor_lr=0.0003 train/post_transition_steps=2629632 rollout/episode_return_std=nan train/grad_norm=0.195509
[V25 PPO] phase=1 rollout/transitions=4141056 safety/h_hard_min=4.84669 train/value_loss=17.8949 train/value_explained_variance=0.894813 train/approx_kl=0.0103527 train/clip_epsilon=0.2 train/actor_lr=0.0003 train/post_transition_steps=2633728 rollout/episode_return_std=nan train/grad_norm=0.255281
[V25 PPO] phase=1 rollout/transitions=4145152 safety/h_hard_min=4.83166 train/value_loss=15.9619 train/value_explained_variance=0.904348 train/approx_kl=0.00885427 train/clip_epsilon=0.2 train/actor_lr=0.0003 train/post_transition_steps=2637824 rollout/episode_return_std=nan train/grad_norm=0.783815
[V25 PPO] phase=1 rollout/transitions=4149248 safety/h_hard_min=4.82511 train/value_loss=15.3022 train/value_explained_variance=0.910641 train/approx_kl=0.0101746 train/clip_epsilon=0.2 train/actor_lr=0.0003 train/post_transition_steps=2641920 rollout/episode_return_std=nan train/grad_norm=1.54986
[V25 PPO] phase=1 rollout/transitions=4153344 safety/h_hard_min=4.85028 train/value_loss=14.0641 train/value_explained_variance=0.915369 train/approx_kl=0.00827806 train/clip_epsilon=0.2 train/actor_lr=0.0003 train/post_transition_steps=2646016 rollout/episode_return_std=nan train/grad_norm=1.64042
[V25 PPO] phase=1 rollout/transitions=4157440 safety/h_hard_min=4.875 train/value_loss=11.7455 train/value_explained_variance=0.919418 train/approx_kl=0.00946618 train/clip_epsilon=0.2 train/actor_lr=0.0003 train/post_transition_steps=2650112 rollout/episode_return_std=nan train/grad_norm=0.760863
[V25 PPO] phase=1 rollout/transitions=4161536 safety/h_hard_min=4.80986 train/value_loss=16.8523 train/value_explained_variance=0.902678 train/approx_kl=0.00997192 train/clip_epsilon=0.2 train/actor_lr=0.0003 train/post_transition_steps=2654208 rollout/episode_return_std=nan train/grad_norm=0.450772
[V25 PPO] phase=1 rollout/transitions=4165632 safety/h_hard_min=4.82097 train/value_loss=13.6897 train/value_explained_variance=0.907824 train/approx_kl=0.00911187 train/clip_epsilon=0.2 train/actor_lr=0.0003 train/post_transition_steps=2658304 rollout/episode_return_std=nan train/grad_norm=0.682907
[V25 PPO] phase=1 rollout/transitions=4169728 safety/h_hard_min=4.84009 train/value_loss=14.5396 train/value_explained_variance=0.905258 train/approx_kl=0.00844936 train/clip_epsilon=0.2 train/actor_lr=0.0003 train/post_transition_steps=2662400 rollout/episode_return_std=nan train/grad_norm=0.448595
[V25 PPO] phase=1 rollout/transitions=4173824 safety/h_hard_min=4.82675 train/value_loss=13.3375 train/value_explained_variance=0.908771 train/approx_kl=0.00776259 train/clip_epsilon=0.2 train/actor_lr=0.0003 train/post_transition_steps=2666496 rollout/episode_return_std=nan train/grad_norm=1.17297
[V25 PPO] phase=1 rollout/transitions=4177920 safety/h_hard_min=4.84667 train/value_loss=18.1771 train/value_explained_variance=0.897249 train/approx_kl=0.0101812 train/clip_epsilon=0.2 train/actor_lr=0.0003 train/post_transition_steps=2670592 rollout/episode_return_std=nan train/grad_norm=0.5902
[V25 PPO] phase=1 rollout/transitions=4182016 safety/h_hard_min=4.82286 train/value_loss=13.3845 train/value_explained_variance=0.908718 train/approx_kl=0.00926566 train/clip_epsilon=0.2 train/actor_lr=0.0003 train/post_transition_steps=2674688 rollout/episode_return_std=nan train/grad_norm=0.975494
[V25 PPO] phase=1 rollout/transitions=4186112 safety/h_hard_min=4.82894 train/value_loss=16.0141 train/value_explained_variance=0.899338 train/approx_kl=0.00919169 train/clip_epsilon=0.2 train/actor_lr=0.0003 train/post_transition_steps=2678784 rollout/episode_return_std=nan train/grad_norm=0.316525
[V25 PPO] phase=1 rollout/transitions=4190208 safety/h_hard_min=4.82557 train/value_loss=13.6238 train/value_explained_variance=0.902936 train/approx_kl=0.00849292 train/clip_epsilon=0.2 train/actor_lr=0.0003 train/post_transition_steps=2682880 rollout/episode_return_std=nan train/grad_norm=0.506844
[V25 PPO] phase=1 rollout/transitions=4194304 safety/h_hard_min=4.8267 train/value_loss=16.2376 train/value_explained_variance=0.895018 train/approx_kl=0.00984793 train/clip_epsilon=0.2 train/actor_lr=0.0003 train/post_transition_steps=2686976 rollout/episode_return_std=nan train/grad_norm=0.244897
[V25 PPO] phase=1 rollout/transitions=4198400 safety/h_hard_min=4.82929 train/value_loss=13.6672 train/value_explained_variance=0.908087 train/approx_kl=0.00830314 train/clip_epsilon=0.2 train/actor_lr=0.0003 train/post_transition_steps=2691072 rollout/episode_return_std=nan train/grad_norm=1.38188
[V25 PPO] phase=1 rollout/transitions=4202496 safety/h_hard_min=4.82511 train/value_loss=15.0523 train/value_explained_variance=0.893297 train/approx_kl=0.00667521 train/clip_epsilon=0.2 train/actor_lr=0.0003 train/post_transition_steps=2695168 rollout/episode_return_std=nan train/grad_norm=0.436725
[V25 PPO] phase=1 rollout/transitions=4206592 safety/h_hard_min=4.83325 train/value_loss=17.2655 train/value_explained_variance=0.889803 train/approx_kl=0.011191 train/clip_epsilon=0.2 train/actor_lr=0.0003 train/post_transition_steps=2699264 rollout/episode_return_std=nan train/grad_norm=0.264697
[V25 PPO] phase=1 rollout/transitions=4210688 safety/h_hard_min=4.84313 train/value_loss=18.659 train/value_explained_variance=0.892759 train/approx_kl=0.00934454 train/clip_epsilon=0.2 train/actor_lr=0.0003 train/post_transition_steps=2703360 rollout/episode_return_std=nan train/grad_norm=1.14179
[V25 PPO] phase=1 rollout/transitions=4214784 safety/h_hard_min=4.81282 train/value_loss=16.1304 train/value_explained_variance=0.895278 train/approx_kl=0.00978045 train/clip_epsilon=0.2 train/actor_lr=0.0003 train/post_transition_steps=2707456 rollout/episode_return_std=nan train/grad_norm=0.618512
[V25 PPO] phase=1 rollout/transitions=4218880 safety/h_hard_min=4.83619 train/value_loss=14.8265 train/value_explained_variance=0.893951 train/approx_kl=0.00780942 train/clip_epsilon=0.2 train/actor_lr=0.0003 train/post_transition_steps=2711552 rollout/episode_return_std=nan train/grad_norm=0.2226
[V25 PPO] phase=1 rollout/transitions=4222976 safety/h_hard_min=4.84225 train/value_loss=15.3048 train/value_explained_variance=0.905813 train/approx_kl=0.00884613 train/clip_epsilon=0.2 train/actor_lr=0.0003 train/post_transition_steps=2715648 rollout/episode_return_std=nan train/grad_norm=0.507503
[V25 PPO] phase=1 rollout/transitions=4227072 safety/h_hard_min=4.82938 train/value_loss=15.2007 train/value_explained_variance=0.895345 train/approx_kl=0.00883511 train/clip_epsilon=0.2 train/actor_lr=0.0003 train/post_transition_steps=2719744 rollout/episode_return_std=nan train/grad_norm=1.28214
[V25 PPO] phase=1 rollout/transitions=4231168 safety/h_hard_min=4.78619 train/value_loss=13.9362 train/value_explained_variance=0.903317 train/approx_kl=0.00887939 train/clip_epsilon=0.2 train/actor_lr=0.0003 train/post_transition_steps=2723840 rollout/episode_return_std=nan train/grad_norm=0.439741
[V25 PPO] phase=1 rollout/transitions=4235264 safety/h_hard_min=4.81565 train/value_loss=15.2107 train/value_explained_variance=0.900375 train/approx_kl=0.00954641 train/clip_epsilon=0.2 train/actor_lr=0.0003 train/post_transition_steps=2727936 rollout/episode_return_std=nan train/grad_norm=0.73629
[V25 PPO] phase=1 rollout/transitions=4239360 safety/h_hard_min=4.74866 train/value_loss=14.5052 train/value_explained_variance=0.898422 train/approx_kl=0.00745183 train/clip_epsilon=0.2 train/actor_lr=0.0003 train/post_transition_steps=2732032 rollout/episode_return_std=nan train/grad_norm=0.585448
[V25 PPO] phase=1 rollout/transitions=4243456 safety/h_hard_min=4.85941 train/value_loss=15.0451 train/value_explained_variance=0.8967 train/approx_kl=0.00738576 train/clip_epsilon=0.2 train/actor_lr=0.0003 train/post_transition_steps=2736128 rollout/episode_return_std=nan train/grad_norm=3.19285
[V25 PPO] phase=1 rollout/transitions=4247552 safety/h_hard_min=4.79835 train/value_loss=18.2035 train/value_explained_variance=0.883965 train/approx_kl=0.010236 train/clip_epsilon=0.2 train/actor_lr=0.0003 train/post_transition_steps=2740224 rollout/episode_return_std=nan train/grad_norm=0.497192
[V25 PPO] phase=1 rollout/transitions=4251648 safety/h_hard_min=4.87291 train/value_loss=19.8211 train/value_explained_variance=0.887874 train/approx_kl=0.0105893 train/clip_epsilon=0.2 train/actor_lr=0.0003 train/post_transition_steps=2744320 rollout/episode_return_std=nan train/grad_norm=1.67373
[V25 PPO] phase=1 rollout/transitions=4255744 safety/h_hard_min=4.83693 train/value_loss=14.7101 train/value_explained_variance=0.890031 train/approx_kl=0.00883603 train/clip_epsilon=0.2 train/actor_lr=0.0003 train/post_transition_steps=2748416 rollout/episode_return_std=nan train/grad_norm=1.31471
[V25 PPO] phase=1 rollout/transitions=4259840 safety/h_hard_min=4.85973 train/value_loss=16.5471 train/value_explained_variance=0.891499 train/approx_kl=0.0089481 train/clip_epsilon=0.2 train/actor_lr=0.0003 train/post_transition_steps=2752512 rollout/episode_return_std=nan train/grad_norm=0.67843
[V25 PPO] phase=1 rollout/transitions=4263936 safety/h_hard_min=4.82335 train/value_loss=20.588 train/value_explained_variance=0.879754 train/approx_kl=0.0103171 train/clip_epsilon=0.2 train/actor_lr=0.0003 train/post_transition_steps=2756608 rollout/episode_return_std=nan train/grad_norm=0.930691
[V25 PPO] phase=1 rollout/transitions=4268032 safety/h_hard_min=4.8138 train/value_loss=13.213 train/value_explained_variance=0.901739 train/approx_kl=0.00824457 train/clip_epsilon=0.2 train/actor_lr=0.0003 train/post_transition_steps=2760704 rollout/episode_return_std=nan train/grad_norm=0.953667
[V25 PPO] phase=1 rollout/transitions=4272128 safety/h_hard_min=4.81353 train/value_loss=18.0361 train/value_explained_variance=0.883358 train/approx_kl=0.00898479 train/clip_epsilon=0.2 train/actor_lr=0.0003 train/post_transition_steps=2764800 rollout/episode_return_std=nan train/grad_norm=0.651431
[V25 PPO] phase=1 rollout/transitions=4276224 safety/h_hard_min=4.8581 train/value_loss=18.9213 train/value_explained_variance=0.886904 train/approx_kl=0.0101095 train/clip_epsilon=0.2 train/actor_lr=0.0003 train/post_transition_steps=2768896 rollout/episode_return_std=nan train/grad_norm=0.611481
[V25 PPO] phase=1 rollout/transitions=4280320 safety/h_hard_min=4.82598 train/value_loss=18.8643 train/value_explained_variance=0.885962 train/approx_kl=0.00919892 train/clip_epsilon=0.2 train/actor_lr=0.0003 train/post_transition_steps=2772992 rollout/episode_return_std=nan train/grad_norm=0.882243
[V25 PPO] phase=1 rollout/transitions=4284416 safety/h_hard_min=4.84237 train/value_loss=17.5069 train/value_explained_variance=0.892858 train/approx_kl=0.00976773 train/clip_epsilon=0.2 train/actor_lr=0.0003 train/post_transition_steps=2777088 rollout/episode_return_std=nan train/grad_norm=1.14349
[V25 PPO] phase=1 rollout/transitions=4288512 safety/h_hard_min=4.83667 train/value_loss=18.5025 train/value_explained_variance=0.876178 train/approx_kl=0.00817274 train/clip_epsilon=0.2 train/actor_lr=0.0003 train/post_transition_steps=2781184 rollout/episode_return_std=nan train/grad_norm=2.61731
[V25 PPO] phase=1 rollout/transitions=4292608 safety/h_hard_min=4.85866 train/value_loss=17.9542 train/value_explained_variance=0.880619 train/approx_kl=0.00917318 train/clip_epsilon=0.2 train/actor_lr=0.0003 train/post_transition_steps=2785280 rollout/episode_return_std=nan train/grad_norm=1.12119
[V25 PPO] phase=1 rollout/transitions=4296704 safety/h_hard_min=4.85176 train/value_loss=17.678 train/value_explained_variance=0.884158 train/approx_kl=0.00970053 train/clip_epsilon=0.2 train/actor_lr=0.0003 train/post_transition_steps=2789376 rollout/episode_return_std=nan train/grad_norm=0.467626
[V25 PPO] phase=1 rollout/transitions=4300800 safety/h_hard_min=4.82073 train/value_loss=15.8222 train/value_explained_variance=0.891397 train/approx_kl=0.00971236 train/clip_epsilon=0.2 train/actor_lr=0.0003 train/post_transition_steps=2793472 rollout/episode_return_std=nan train/grad_norm=1.35137
[V25 PPO] phase=1 rollout/transitions=4304896 safety/h_hard_min=4.83302 train/value_loss=18.8468 train/value_explained_variance=0.879329 train/approx_kl=0.00896174 train/clip_epsilon=0.2 train/actor_lr=0.0003 train/post_transition_steps=2797568 rollout/episode_return_std=nan train/grad_norm=1.25068
[V25 PPO] phase=1 rollout/transitions=4308992 safety/h_hard_min=4.80898 train/value_loss=18.8742 train/value_explained_variance=0.874598 train/approx_kl=0.010105 train/clip_epsilon=0.2 train/actor_lr=0.0003 train/post_transition_steps=2801664 rollout/episode_return_std=nan train/grad_norm=0.805862
[V25 PPO] phase=1 rollout/transitions=4313088 safety/h_hard_min=4.82953 train/value_loss=17.7434 train/value_explained_variance=0.884761 train/approx_kl=0.00950014 train/clip_epsilon=0.2 train/actor_lr=0.0003 train/post_transition_steps=2805760 rollout/episode_return_std=nan train/grad_norm=0.234405
[V25 PPO] phase=1 rollout/transitions=4317184 safety/h_hard_min=4.81974 train/value_loss=19.464 train/value_explained_variance=0.875008 train/approx_kl=0.00887191 train/clip_epsilon=0.2 train/actor_lr=0.0003 train/post_transition_steps=2809856 rollout/episode_return_std=nan train/grad_norm=0.381741
[V25 PPO] phase=1 rollout/transitions=4321280 safety/h_hard_min=4.8092 train/value_loss=18.5078 train/value_explained_variance=0.871457 train/approx_kl=0.0085616 train/clip_epsilon=0.2 train/actor_lr=0.0003 train/post_transition_steps=2813952 rollout/episode_return_std=nan train/grad_norm=1.17712
[V25 PPO] phase=1 rollout/transitions=4325376 safety/h_hard_min=4.84057 train/value_loss=17.5418 train/value_explained_variance=0.886859 train/approx_kl=0.0097624 train/clip_epsilon=0.2 train/actor_lr=0.0003 train/post_transition_steps=2818048 rollout/episode_return_std=nan train/grad_norm=0.749929
[V25 PPO] phase=1 rollout/transitions=4329472 safety/h_hard_min=4.82591 train/value_loss=20.1423 train/value_explained_variance=0.873621 train/approx_kl=0.00941363 train/clip_epsilon=0.2 train/actor_lr=0.0003 train/post_transition_steps=2822144 rollout/episode_return_std=nan train/grad_norm=0.590359
[V25 PPO] phase=1 rollout/transitions=4333568 safety/h_hard_min=4.84948 train/value_loss=20.3774 train/value_explained_variance=0.877828 train/approx_kl=0.00986317 train/clip_epsilon=0.2 train/actor_lr=0.0003 train/post_transition_steps=2826240 rollout/episode_return_std=nan train/grad_norm=0.392584
[V25 PPO] phase=1 rollout/transitions=4337664 safety/h_hard_min=4.81537 train/value_loss=16.5021 train/value_explained_variance=0.878629 train/approx_kl=0.00876126 train/clip_epsilon=0.2 train/actor_lr=0.0003 train/post_transition_steps=2830336 rollout/episode_return_std=nan train/grad_norm=0.419733
[V25 PPO] phase=1 rollout/transitions=4341760 safety/h_hard_min=4.8401 train/value_loss=14.1377 train/value_explained_variance=0.891256 train/approx_kl=0.00928932 train/clip_epsilon=0.2 train/actor_lr=0.0003 train/post_transition_steps=2834432 rollout/episode_return_std=nan train/grad_norm=0.732473
[V25 PPO] phase=1 rollout/transitions=4345856 safety/h_hard_min=4.83589 train/value_loss=18.4708 train/value_explained_variance=0.875708 train/approx_kl=0.00976486 train/clip_epsilon=0.2 train/actor_lr=0.0003 train/post_transition_steps=2838528 rollout/episode_return_std=nan train/grad_norm=0.466282
[V25 PPO] phase=1 rollout/transitions=4349952 safety/h_hard_min=4.85296 train/value_loss=19.581 train/value_explained_variance=0.8713 train/approx_kl=0.00867535 train/clip_epsilon=0.2 train/actor_lr=0.0003 train/post_transition_steps=2842624 rollout/episode_return_std=nan train/grad_norm=0.688499
[V25 PPO] phase=1 rollout/transitions=4354048 safety/h_hard_min=4.837 train/value_loss=16.2448 train/value_explained_variance=0.890712 train/approx_kl=0.0082062 train/clip_epsilon=0.2 train/actor_lr=0.0003 train/post_transition_steps=2846720 rollout/episode_return_std=nan train/grad_norm=0.669769
[V25 PPO] phase=1 rollout/transitions=4358144 safety/h_hard_min=4.83736 train/value_loss=19.9807 train/value_explained_variance=0.872962 train/approx_kl=0.00888036 train/clip_epsilon=0.2 train/actor_lr=0.0003 train/post_transition_steps=2850816 rollout/episode_return_std=nan train/grad_norm=0.524142
[V25 PPO] phase=1 rollout/transitions=4362240 safety/h_hard_min=4.83284 train/value_loss=18.1218 train/value_explained_variance=0.877865 train/approx_kl=0.00963466 train/clip_epsilon=0.2 train/actor_lr=0.0003 train/post_transition_steps=2854912 rollout/episode_return_std=nan train/grad_norm=0.760803
[V25 PPO] phase=1 rollout/transitions=4366336 safety/h_hard_min=4.85544 train/value_loss=17.764 train/value_explained_variance=0.870885 train/approx_kl=0.00938005 train/clip_epsilon=0.2 train/actor_lr=0.0003 train/post_transition_steps=2859008 rollout/episode_return_std=nan train/grad_norm=0.292668
[V25 PPO] phase=1 rollout/transitions=4370432 safety/h_hard_min=4.80814 train/value_loss=21.519 train/value_explained_variance=0.872354 train/approx_kl=0.0117201 train/clip_epsilon=0.2 train/actor_lr=0.0003 train/post_transition_steps=2863104 rollout/episode_return_std=nan train/grad_norm=0.841885
[V25 PPO] phase=1 rollout/transitions=4374528 safety/h_hard_min=4.85693 train/value_loss=20.2116 train/value_explained_variance=0.878745 train/approx_kl=0.0115334 train/clip_epsilon=0.2 train/actor_lr=0.0003 train/post_transition_steps=2867200 rollout/episode_return_std=nan train/grad_norm=0.56166
[V25 PPO] phase=1 rollout/transitions=4378624 safety/h_hard_min=4.8187 train/value_loss=16.7069 train/value_explained_variance=0.878897 train/approx_kl=0.00896638 train/clip_epsilon=0.2 train/actor_lr=0.0003 train/post_transition_steps=2871296 rollout/episode_return_std=nan train/grad_norm=0.948573
[V25 PPO] phase=1 rollout/transitions=4382720 safety/h_hard_min=4.86249 train/value_loss=14.0376 train/value_explained_variance=0.886191 train/approx_kl=0.00843144 train/clip_epsilon=0.2 train/actor_lr=0.0003 train/post_transition_steps=2875392 rollout/episode_return_std=nan train/grad_norm=1.77952
[V25 PPO] phase=1 rollout/transitions=4386816 safety/h_hard_min=4.83579 train/value_loss=15.891 train/value_explained_variance=0.875134 train/approx_kl=0.00795008 train/clip_epsilon=0.2 train/actor_lr=0.0003 train/post_transition_steps=2879488 rollout/episode_return_std=nan train/grad_norm=0.903708
[V25 PPO] phase=1 rollout/transitions=4390912 safety/h_hard_min=4.86585 train/value_loss=16.8297 train/value_explained_variance=0.871345 train/approx_kl=0.00848877 train/clip_epsilon=0.2 train/actor_lr=0.0003 train/post_transition_steps=2883584 rollout/episode_return_std=nan train/grad_norm=0.405988
[V25 PPO] phase=1 rollout/transitions=4395008 safety/h_hard_min=4.84277 train/value_loss=17.6394 train/value_explained_variance=0.87167 train/approx_kl=0.00853319 train/clip_epsilon=0.2 train/actor_lr=0.0003 train/post_transition_steps=2887680 rollout/episode_return_std=nan train/grad_norm=0.574621
[V25 PPO] phase=1 rollout/transitions=4399104 safety/h_hard_min=4.84765 train/value_loss=16.1628 train/value_explained_variance=0.868424 train/approx_kl=0.00716783 train/clip_epsilon=0.2 train/actor_lr=0.0003 train/post_transition_steps=2891776 rollout/episode_return_std=nan train/grad_norm=0.789362
[V25 PPO] phase=1 rollout/transitions=4403200 safety/h_hard_min=4.80422 train/value_loss=18.3905 train/value_explained_variance=0.869926 train/approx_kl=0.00952122 train/clip_epsilon=0.2 train/actor_lr=0.0003 train/post_transition_steps=2895872 rollout/episode_return_std=nan train/grad_norm=1.14184
[V25 PPO] phase=1 rollout/transitions=4407296 safety/h_hard_min=4.85522 train/value_loss=23.3928 train/value_explained_variance=0.861935 train/approx_kl=0.0105564 train/clip_epsilon=0.2 train/actor_lr=0.0003 train/post_transition_steps=2899968 rollout/episode_return_std=nan train/grad_norm=0.738232
[V25 PPO] phase=1 rollout/transitions=4411392 safety/h_hard_min=4.8326 train/value_loss=21.1459 train/value_explained_variance=0.866689 train/approx_kl=0.0103175 train/clip_epsilon=0.2 train/actor_lr=0.0003 train/post_transition_steps=2904064 rollout/episode_return_std=nan train/grad_norm=0.57521
[V25 PPO] phase=1 rollout/transitions=4415488 safety/h_hard_min=4.84509 train/value_loss=14.8235 train/value_explained_variance=0.875127 train/approx_kl=0.00739776 train/clip_epsilon=0.2 train/actor_lr=0.0003 train/post_transition_steps=2908160 rollout/episode_return_std=nan train/grad_norm=0.400914
[V25 PPO] phase=1 rollout/transitions=4419584 safety/h_hard_min=4.83351 train/value_loss=17.1618 train/value_explained_variance=0.868981 train/approx_kl=0.00841962 train/clip_epsilon=0.2 train/actor_lr=0.0003 train/post_transition_steps=2912256 rollout/episode_return_std=nan train/grad_norm=0.486236
[V25 PPO] phase=1 rollout/transitions=4423680 safety/h_hard_min=4.85827 train/value_loss=15.7019 train/value_explained_variance=0.872098 train/approx_kl=0.00809516 train/clip_epsilon=0.2 train/actor_lr=0.0003 train/post_transition_steps=2916352 rollout/episode_return_std=nan train/grad_norm=1.53324
[V25 PPO] phase=1 rollout/transitions=4427776 safety/h_hard_min=4.79522 train/value_loss=18.783 train/value_explained_variance=0.864195 train/approx_kl=0.00870485 train/clip_epsilon=0.2 train/actor_lr=0.0003 train/post_transition_steps=2920448 rollout/episode_return_std=nan train/grad_norm=0.814213
[V25 PPO] phase=1 rollout/transitions=4431872 safety/h_hard_min=4.84485 train/value_loss=16.7984 train/value_explained_variance=0.862554 train/approx_kl=0.00900775 train/clip_epsilon=0.2 train/actor_lr=0.0003 train/post_transition_steps=2924544 rollout/episode_return_std=nan train/grad_norm=0.535894
[V25 PPO] phase=1 rollout/transitions=4435968 safety/h_hard_min=4.85779 train/value_loss=15.4239 train/value_explained_variance=0.878021 train/approx_kl=0.00981672 train/clip_epsilon=0.2 train/actor_lr=0.0003 train/post_transition_steps=2928640 rollout/episode_return_std=nan train/grad_norm=0.642274
[V25 PPO] phase=1 rollout/transitions=4440064 safety/h_hard_min=4.84618 train/value_loss=19.3729 train/value_explained_variance=0.854989 train/approx_kl=0.00938408 train/clip_epsilon=0.2 train/actor_lr=0.0003 train/post_transition_steps=2932736 rollout/episode_return_std=nan train/grad_norm=0.40379
[V25 PPO] phase=1 rollout/transitions=4444160 safety/h_hard_min=4.83697 train/value_loss=26.6947 train/value_explained_variance=0.844786 train/approx_kl=0.0102166 train/clip_epsilon=0.2 train/actor_lr=0.0003 train/post_transition_steps=2936832 rollout/episode_return_std=nan train/grad_norm=0.389395
[V25 PPO] phase=1 rollout/transitions=4448256 safety/h_hard_min=4.83806 train/value_loss=15.7347 train/value_explained_variance=0.867159 train/approx_kl=0.00882553 train/clip_epsilon=0.2 train/actor_lr=0.0003 train/post_transition_steps=2940928 rollout/episode_return_std=nan train/grad_norm=0.410458
[V25 PPO] phase=1 rollout/transitions=4452352 safety/h_hard_min=4.83578 train/value_loss=17.3118 train/value_explained_variance=0.86662 train/approx_kl=0.00914186 train/clip_epsilon=0.2 train/actor_lr=0.0003 train/post_transition_steps=2945024 rollout/episode_return_std=nan train/grad_norm=0.357359
[V25 PPO] phase=1 rollout/transitions=4456448 safety/h_hard_min=4.84755 train/value_loss=19.629 train/value_explained_variance=0.857165 train/approx_kl=0.00943755 train/clip_epsilon=0.2 train/actor_lr=0.0003 train/post_transition_steps=2949120 rollout/episode_return_std=nan train/grad_norm=0.627433
[V25 PPO] phase=1 rollout/transitions=4460544 safety/h_hard_min=4.82777 train/value_loss=18.8968 train/value_explained_variance=0.856831 train/approx_kl=0.0113338 train/clip_epsilon=0.2 train/actor_lr=0.0003 train/post_transition_steps=2953216 rollout/episode_return_std=nan train/grad_norm=1.20238
[V25 PPO] phase=1 rollout/transitions=4464640 safety/h_hard_min=4.84077 train/value_loss=20.8241 train/value_explained_variance=0.847748 train/approx_kl=0.00773844 train/clip_epsilon=0.2 train/actor_lr=0.0003 train/post_transition_steps=2957312 rollout/episode_return_std=nan train/grad_norm=1.02649
[V25 PPO] phase=1 rollout/transitions=4468736 safety/h_hard_min=4.84155 train/value_loss=22.7416 train/value_explained_variance=0.846103 train/approx_kl=0.00884412 train/clip_epsilon=0.2 train/actor_lr=0.0003 train/post_transition_steps=2961408 rollout/episode_return_std=nan train/grad_norm=0.612901
[V25 PPO] phase=1 rollout/transitions=4472832 safety/h_hard_min=4.84682 train/value_loss=18.4974 train/value_explained_variance=0.858857 train/approx_kl=0.00875284 train/clip_epsilon=0.2 train/actor_lr=0.0003 train/post_transition_steps=2965504 rollout/episode_return_std=nan train/grad_norm=0.663739
[V25 PPO] phase=1 rollout/transitions=4476928 safety/h_hard_min=4.84229 train/value_loss=21.9327 train/value_explained_variance=0.852295 train/approx_kl=0.0101236 train/clip_epsilon=0.2 train/actor_lr=0.0003 train/post_transition_steps=2969600 rollout/episode_return_std=nan train/grad_norm=0.412378
[V25 PPO] phase=1 rollout/transitions=4481024 safety/h_hard_min=4.84265 train/value_loss=19.0556 train/value_explained_variance=0.857478 train/approx_kl=0.00876321 train/clip_epsilon=0.2 train/actor_lr=0.0003 train/post_transition_steps=2973696 rollout/episode_return_std=nan train/grad_norm=0.29586
[V25 PPO] phase=1 rollout/transitions=4485120 safety/h_hard_min=4.84701 train/value_loss=23.2161 train/value_explained_variance=0.845352 train/approx_kl=0.0104039 train/clip_epsilon=0.2 train/actor_lr=0.0003 train/post_transition_steps=2977792 rollout/episode_return_std=nan train/grad_norm=0.373488
[V25 PPO] phase=1 rollout/transitions=4489216 safety/h_hard_min=4.83964 train/value_loss=17.2018 train/value_explained_variance=0.865221 train/approx_kl=0.010955 train/clip_epsilon=0.2 train/actor_lr=0.0003 train/post_transition_steps=2981888 rollout/episode_return_std=nan train/grad_norm=0.602562
[V25 PPO] phase=1 rollout/transitions=4493312 safety/h_hard_min=4.85572 train/value_loss=16.634 train/value_explained_variance=0.86492 train/approx_kl=0.00922701 train/clip_epsilon=0.2 train/actor_lr=0.0003 train/post_transition_steps=2985984 rollout/episode_return_std=nan train/grad_norm=0.413922
[V25 PPO] phase=1 rollout/transitions=4497408 safety/h_hard_min=4.86592 train/value_loss=19.8395 train/value_explained_variance=0.860353 train/approx_kl=0.00931867 train/clip_epsilon=0.2 train/actor_lr=0.0003 train/post_transition_steps=2990080 rollout/episode_return_std=nan train/grad_norm=0.76193
[V25 PPO] phase=1 rollout/transitions=4501504 safety/h_hard_min=4.8274 train/value_loss=23.5546 train/value_explained_variance=0.84058 train/approx_kl=0.0101519 train/clip_epsilon=0.2 train/actor_lr=0.0003 train/post_transition_steps=2994176 rollout/episode_return_std=nan train/grad_norm=0.665322
[V25 PPO] phase=1 rollout/transitions=4505600 safety/h_hard_min=4.83645 train/value_loss=19.6593 train/value_explained_variance=0.846901 train/approx_kl=0.0123227 train/clip_epsilon=0.2 train/actor_lr=0.0003 train/post_transition_steps=2998272 rollout/episode_return_std=nan train/grad_norm=1.24309
[V25 PPO] phase=1 rollout/transitions=4509696 safety/h_hard_min=4.82744 train/value_loss=24.8308 train/value_explained_variance=0.832773 train/approx_kl=0.00955988 train/clip_epsilon=0.2 train/actor_lr=0.0003 train/post_transition_steps=3002368 rollout/episode_return_std=nan train/grad_norm=0.286541
[V25 PPO] phase=1 rollout/transitions=4513792 safety/h_hard_min=4.83908 train/value_loss=18.5839 train/value_explained_variance=0.860815 train/approx_kl=0.0096447 train/clip_epsilon=0.2 train/actor_lr=0.0003 train/post_transition_steps=3006464 rollout/episode_return_std=nan train/grad_norm=0.782687
[V25 PPO] phase=1 rollout/transitions=4517888 safety/h_hard_min=4.86132 train/value_loss=20.8098 train/value_explained_variance=0.848992 train/approx_kl=0.00959937 train/clip_epsilon=0.2 train/actor_lr=0.0003 train/post_transition_steps=3010560 rollout/episode_return_std=nan train/grad_norm=0.509543
[V25 PPO] phase=1 rollout/transitions=4521984 safety/h_hard_min=4.8247 train/value_loss=16.9396 train/value_explained_variance=0.852504 train/approx_kl=0.00757556 train/clip_epsilon=0.2 train/actor_lr=0.0003 train/post_transition_steps=3014656 rollout/episode_return_std=nan train/grad_norm=0.57455
[V25 PPO] phase=1 rollout/transitions=4526080 safety/h_hard_min=4.85488 train/value_loss=17.3338 train/value_explained_variance=0.853594 train/approx_kl=0.0072569 train/clip_epsilon=0.2 train/actor_lr=0.0003 train/post_transition_steps=3018752 rollout/episode_return_std=nan train/grad_norm=0.432056
[V25 PPO] phase=1 rollout/transitions=4530176 safety/h_hard_min=4.85385 train/value_loss=17.501 train/value_explained_variance=0.853334 train/approx_kl=0.00894952 train/clip_epsilon=0.2 train/actor_lr=0.0003 train/post_transition_steps=3022848 rollout/episode_return_std=nan train/grad_norm=6.39988
[V25 PPO] phase=1 rollout/transitions=4534272 safety/h_hard_min=4.83666 train/value_loss=20.314 train/value_explained_variance=0.855842 train/approx_kl=0.00701942 train/clip_epsilon=0.2 train/actor_lr=0.0003 train/post_transition_steps=3026944 rollout/episode_return_std=nan train/grad_norm=1.14187
[V25 PPO] phase=1 rollout/transitions=4538368 safety/h_hard_min=4.77836 train/value_loss=18.7893 train/value_explained_variance=0.876683 train/approx_kl=0.00842634 train/clip_epsilon=0.2 train/actor_lr=0.0003 train/post_transition_steps=3031040 rollout/episode_return_std=nan train/grad_norm=3.1577
[V25 PPO] phase=1 rollout/transitions=4542464 safety/h_hard_min=4.84821 train/value_loss=13.5154 train/value_explained_variance=0.896518 train/approx_kl=0.00804589 train/clip_epsilon=0.2 train/actor_lr=0.0003 train/post_transition_steps=3035136 rollout/episode_return_std=nan train/grad_norm=2.61603
[V25 PPO] phase=1 rollout/transitions=4546560 safety/h_hard_min=4.92876 train/value_loss=13.854 train/value_explained_variance=0.887288 train/approx_kl=0.00848861 train/clip_epsilon=0.2 train/actor_lr=0.0003 train/post_transition_steps=3039232 rollout/episode_return_std=nan train/grad_norm=1.69112
[V25 PPO] phase=1 rollout/transitions=4550656 safety/h_hard_min=4.8544 train/value_loss=12.3922 train/value_explained_variance=0.900076 train/approx_kl=0.00781136 train/clip_epsilon=0.2 train/actor_lr=0.0003 train/post_transition_steps=3043328 rollout/episode_return_std=nan train/grad_norm=0.271259
[V25 PPO] phase=1 rollout/transitions=4554752 safety/h_hard_min=4.86793 train/value_loss=13.0692 train/value_explained_variance=0.890555 train/approx_kl=0.00765951 train/clip_epsilon=0.2 train/actor_lr=0.0003 train/post_transition_steps=3047424 rollout/episode_return_std=nan train/grad_norm=0.853328
[V25 PPO] phase=1 rollout/transitions=4558848 safety/h_hard_min=4.86802 train/value_loss=12.5725 train/value_explained_variance=0.904321 train/approx_kl=0.00796473 train/clip_epsilon=0.2 train/actor_lr=0.0003 train/post_transition_steps=3051520 rollout/episode_return_std=nan train/grad_norm=0.231438
[V25 PPO] phase=1 rollout/transitions=4562944 safety/h_hard_min=4.8619 train/value_loss=15.2753 train/value_explained_variance=0.893191 train/approx_kl=0.0123355 train/clip_epsilon=0.2 train/actor_lr=0.0003 train/post_transition_steps=3055616 rollout/episode_return_std=nan train/grad_norm=0.55153
[V25 PPO] phase=1 rollout/transitions=4567040 safety/h_hard_min=4.84857 train/value_loss=14.8505 train/value_explained_variance=0.891734 train/approx_kl=0.00944198 train/clip_epsilon=0.2 train/actor_lr=0.0003 train/post_transition_steps=3059712 rollout/episode_return_std=nan train/grad_norm=0.831223
[V25 PPO] phase=1 rollout/transitions=4571136 safety/h_hard_min=4.85935 train/value_loss=14.9888 train/value_explained_variance=0.880352 train/approx_kl=0.00936421 train/clip_epsilon=0.2 train/actor_lr=0.0003 train/post_transition_steps=3063808 rollout/episode_return_std=nan train/grad_norm=0.612905
[V25 PPO] phase=1 rollout/transitions=4575232 safety/h_hard_min=4.85378 train/value_loss=14.9119 train/value_explained_variance=0.888788 train/approx_kl=0.00951603 train/clip_epsilon=0.2 train/actor_lr=0.0003 train/post_transition_steps=3067904 rollout/episode_return_std=nan train/grad_norm=0.331286
[V25 PPO] phase=1 rollout/transitions=4579328 safety/h_hard_min=4.88091 train/value_loss=10.9756 train/value_explained_variance=0.906427 train/approx_kl=0.00772913 train/clip_epsilon=0.2 train/actor_lr=0.0003 train/post_transition_steps=3072000 rollout/episode_return_std=nan train/grad_norm=0.172529
[V25 PPO] phase=1 rollout/transitions=4583424 safety/h_hard_min=4.83915 train/value_loss=13.2484 train/value_explained_variance=0.898918 train/approx_kl=0.00793255 train/clip_epsilon=0.2 train/actor_lr=0.0003 train/post_transition_steps=3076096 rollout/episode_return_std=nan train/grad_norm=0.371515
[V25 PPO] phase=1 rollout/transitions=4587520 safety/h_hard_min=4.83637 train/value_loss=18.0538 train/value_explained_variance=0.876371 train/approx_kl=0.00860065 train/clip_epsilon=0.2 train/actor_lr=0.0003 train/post_transition_steps=3080192 rollout/episode_return_std=nan train/grad_norm=1.09552
[V25 PPO] phase=1 rollout/transitions=4591616 safety/h_hard_min=4.81514 train/value_loss=12.2366 train/value_explained_variance=0.898999 train/approx_kl=0.00811794 train/clip_epsilon=0.2 train/actor_lr=0.0003 train/post_transition_steps=3084288 rollout/episode_return_std=nan train/grad_norm=0.546984
[V25 PPO] phase=1 rollout/transitions=4595712 safety/h_hard_min=4.85149 train/value_loss=12.5682 train/value_explained_variance=0.899222 train/approx_kl=0.00814674 train/clip_epsilon=0.2 train/actor_lr=0.0003 train/post_transition_steps=3088384 rollout/episode_return_std=nan train/grad_norm=0.62194
[V25 PPO] phase=1 rollout/transitions=4599808 safety/h_hard_min=4.86714 train/value_loss=15.0613 train/value_explained_variance=0.885286 train/approx_kl=0.00842827 train/clip_epsilon=0.2 train/actor_lr=0.0003 train/post_transition_steps=3092480 rollout/episode_return_std=nan train/grad_norm=0.759691
[V25 PPO] phase=1 rollout/transitions=4603904 safety/h_hard_min=4.8187 train/value_loss=15.621 train/value_explained_variance=0.883919 train/approx_kl=0.0100185 train/clip_epsilon=0.2 train/actor_lr=0.0003 train/post_transition_steps=3096576 rollout/episode_return_std=nan train/grad_norm=0.378813
[V25 PPO] phase=1 rollout/transitions=4608000 safety/h_hard_min=4.85126 train/value_loss=17.5903 train/value_explained_variance=0.882143 train/approx_kl=0.00976081 train/clip_epsilon=0.2 train/actor_lr=0.0003 train/post_transition_steps=3100672 rollout/episode_return_std=nan train/grad_norm=0.519752
[V25 PPO] phase=1 rollout/transitions=4612096 safety/h_hard_min=4.83941 train/value_loss=15.4323 train/value_explained_variance=0.877332 train/approx_kl=0.00921189 train/clip_epsilon=0.2 train/actor_lr=0.0003 train/post_transition_steps=3104768 rollout/episode_return_std=nan train/grad_norm=0.526973
[V25 PPO] phase=1 rollout/transitions=4616192 safety/h_hard_min=4.87778 train/value_loss=14.5383 train/value_explained_variance=0.884963 train/approx_kl=0.00954309 train/clip_epsilon=0.2 train/actor_lr=0.0003 train/post_transition_steps=3108864 rollout/episode_return_std=nan train/grad_norm=0.404636
[V25 PPO] phase=1 rollout/transitions=4620288 safety/h_hard_min=4.84185 train/value_loss=14.944 train/value_explained_variance=0.880712 train/approx_kl=0.00836623 train/clip_epsilon=0.2 train/actor_lr=0.0003 train/post_transition_steps=3112960 rollout/episode_return_std=nan train/grad_norm=0.185628
[V25 PPO] phase=1 rollout/transitions=4624384 safety/h_hard_min=4.87883 train/value_loss=13.7201 train/value_explained_variance=0.885835 train/approx_kl=0.00791809 train/clip_epsilon=0.2 train/actor_lr=0.0003 train/post_transition_steps=3117056 rollout/episode_return_std=nan train/grad_norm=0.744902
[V25 PPO] phase=1 rollout/transitions=4628480 safety/h_hard_min=4.82394 train/value_loss=17.003 train/value_explained_variance=0.879058 train/approx_kl=0.00997459 train/clip_epsilon=0.2 train/actor_lr=0.0003 train/post_transition_steps=3121152 rollout/episode_return_std=nan train/grad_norm=0.898848
[V25 PPO] phase=1 rollout/transitions=4632576 safety/h_hard_min=4.8543 train/value_loss=14.2328 train/value_explained_variance=0.893132 train/approx_kl=0.010126 train/clip_epsilon=0.2 train/actor_lr=0.0003 train/post_transition_steps=3125248 rollout/episode_return_std=nan train/grad_norm=2.09504
[V25 PPO] phase=1 rollout/transitions=4636672 safety/h_hard_min=4.83698 train/value_loss=21.336 train/value_explained_variance=0.869858 train/approx_kl=0.0106101 train/clip_epsilon=0.2 train/actor_lr=0.0003 train/post_transition_steps=3129344 rollout/episode_return_std=nan train/grad_norm=0.826514
[V25 PPO] phase=1 rollout/transitions=4640768 safety/h_hard_min=4.83304 train/value_loss=17.8351 train/value_explained_variance=0.869734 train/approx_kl=0.00882743 train/clip_epsilon=0.2 train/actor_lr=0.0003 train/post_transition_steps=3133440 rollout/episode_return_std=nan train/grad_norm=0.214984
[V25 PPO] phase=1 rollout/transitions=4644864 safety/h_hard_min=4.84129 train/value_loss=13.1197 train/value_explained_variance=0.889737 train/approx_kl=0.00740009 train/clip_epsilon=0.2 train/actor_lr=0.0003 train/post_transition_steps=3137536 rollout/episode_return_std=nan train/grad_norm=0.695114
[V25 PPO] phase=1 rollout/transitions=4648960 safety/h_hard_min=4.8139 train/value_loss=22.3726 train/value_explained_variance=0.860135 train/approx_kl=0.0112969 train/clip_epsilon=0.2 train/actor_lr=0.0003 train/post_transition_steps=3141632 rollout/episode_return_std=nan train/grad_norm=1.1753
[V25 PPO] phase=1 rollout/transitions=4653056 safety/h_hard_min=4.88421 train/value_loss=17.5276 train/value_explained_variance=0.875716 train/approx_kl=0.0101523 train/clip_epsilon=0.2 train/actor_lr=0.0003 train/post_transition_steps=3145728 rollout/episode_return_std=nan train/grad_norm=0.594394
[V25 PPO] phase=1 rollout/transitions=4657152 safety/h_hard_min=4.80989 train/value_loss=17.7394 train/value_explained_variance=0.859142 train/approx_kl=0.00924126 train/clip_epsilon=0.2 train/actor_lr=0.0003 train/post_transition_steps=3149824 rollout/episode_return_std=nan train/grad_norm=0.599239
[V25 PPO] phase=1 rollout/transitions=4661248 safety/h_hard_min=4.86631 train/value_loss=17.207 train/value_explained_variance=0.875027 train/approx_kl=0.0100834 train/clip_epsilon=0.2 train/actor_lr=0.0003 train/post_transition_steps=3153920 rollout/episode_return_std=nan train/grad_norm=0.753009
[V25 PPO] phase=1 rollout/transitions=4665344 safety/h_hard_min=4.78677 train/value_loss=19.7419 train/value_explained_variance=0.861938 train/approx_kl=0.00942778 train/clip_epsilon=0.2 train/actor_lr=0.0003 train/post_transition_steps=3158016 rollout/episode_return_std=nan train/grad_norm=0.353727
[V25 PPO] phase=1 rollout/transitions=4669440 safety/h_hard_min=4.84475 train/value_loss=18.0883 train/value_explained_variance=0.864656 train/approx_kl=0.00980289 train/clip_epsilon=0.2 train/actor_lr=0.0003 train/post_transition_steps=3162112 rollout/episode_return_std=nan train/grad_norm=0.338374
[V25 PPO] phase=1 rollout/transitions=4673536 safety/h_hard_min=4.85392 train/value_loss=14.7441 train/value_explained_variance=0.880633 train/approx_kl=0.0101107 train/clip_epsilon=0.2 train/actor_lr=0.0003 train/post_transition_steps=3166208 rollout/episode_return_std=nan train/grad_norm=0.357169
[V25 PPO] phase=1 rollout/transitions=4677632 safety/h_hard_min=4.83261 train/value_loss=15.6413 train/value_explained_variance=0.878775 train/approx_kl=0.00925172 train/clip_epsilon=0.2 train/actor_lr=0.0003 train/post_transition_steps=3170304 rollout/episode_return_std=nan train/grad_norm=0.446719
[V25 PPO] phase=1 rollout/transitions=4681728 safety/h_hard_min=4.84933 train/value_loss=20.4377 train/value_explained_variance=0.859472 train/approx_kl=0.00940382 train/clip_epsilon=0.2 train/actor_lr=0.0003 train/post_transition_steps=3174400 rollout/episode_return_std=nan train/grad_norm=0.398
[V25 PPO] phase=1 rollout/transitions=4685824 safety/h_hard_min=4.84005 train/value_loss=17.6591 train/value_explained_variance=0.869576 train/approx_kl=0.00831336 train/clip_epsilon=0.2 train/actor_lr=0.0003 train/post_transition_steps=3178496 rollout/episode_return_std=nan train/grad_norm=0.148021
[V25 PPO] phase=1 rollout/transitions=4689920 safety/h_hard_min=4.84015 train/value_loss=15.9571 train/value_explained_variance=0.879592 train/approx_kl=0.00821957 train/clip_epsilon=0.2 train/actor_lr=0.0003 train/post_transition_steps=3182592 rollout/episode_return_std=nan train/grad_norm=1.91427
[V25 PPO] phase=1 rollout/transitions=4694016 safety/h_hard_min=4.87605 train/value_loss=15.7522 train/value_explained_variance=0.874334 train/approx_kl=0.00875712 train/clip_epsilon=0.2 train/actor_lr=0.0003 train/post_transition_steps=3186688 rollout/episode_return_std=nan train/grad_norm=1.4792
[V25 PPO] phase=1 rollout/transitions=4698112 safety/h_hard_min=4.85139 train/value_loss=16.5342 train/value_explained_variance=0.87892 train/approx_kl=0.00974317 train/clip_epsilon=0.2 train/actor_lr=0.0003 train/post_transition_steps=3190784 rollout/episode_return_std=nan train/grad_norm=1.05355
[V25 PPO] phase=1 rollout/transitions=4702208 safety/h_hard_min=4.85578 train/value_loss=16.3766 train/value_explained_variance=0.865674 train/approx_kl=0.007898 train/clip_epsilon=0.2 train/actor_lr=0.0003 train/post_transition_steps=3194880 rollout/episode_return_std=nan train/grad_norm=0.324837
[V25 PPO] phase=1 rollout/transitions=4706304 safety/h_hard_min=4.858 train/value_loss=15.1038 train/value_explained_variance=0.873848 train/approx_kl=0.00877794 train/clip_epsilon=0.2 train/actor_lr=0.0003 train/post_transition_steps=3198976 rollout/episode_return_std=nan train/grad_norm=0.421915
[V25 PPO] phase=1 rollout/transitions=4710400 safety/h_hard_min=4.86348 train/value_loss=19.0602 train/value_explained_variance=0.865568 train/approx_kl=0.00980318 train/clip_epsilon=0.2 train/actor_lr=0.0003 train/post_transition_steps=3203072 rollout/episode_return_std=nan train/grad_norm=0.313947
[V25 PPO] phase=1 rollout/transitions=4714496 safety/h_hard_min=4.85599 train/value_loss=15.7674 train/value_explained_variance=0.869366 train/approx_kl=0.00953596 train/clip_epsilon=0.2 train/actor_lr=0.0003 train/post_transition_steps=3207168 rollout/episode_return_std=nan train/grad_norm=0.571836
[V25 PPO] phase=1 rollout/transitions=4718592 safety/h_hard_min=4.84729 train/value_loss=19.3718 train/value_explained_variance=0.859992 train/approx_kl=0.0116531 train/clip_epsilon=0.2 train/actor_lr=0.0003 train/post_transition_steps=3211264 rollout/episode_return_std=nan train/grad_norm=0.34142
[V25 PPO] phase=1 rollout/transitions=4722688 safety/h_hard_min=4.87294 train/value_loss=16.5965 train/value_explained_variance=0.855884 train/approx_kl=0.00810185 train/clip_epsilon=0.2 train/actor_lr=0.0003 train/post_transition_steps=3215360 rollout/episode_return_std=nan train/grad_norm=1.85955
[V25 PPO] phase=1 rollout/transitions=4726784 safety/h_hard_min=4.82768 train/value_loss=20.8153 train/value_explained_variance=0.849278 train/approx_kl=0.0094632 train/clip_epsilon=0.2 train/actor_lr=0.0003 train/post_transition_steps=3219456 rollout/episode_return_std=nan train/grad_norm=0.694569
[V25 PPO] phase=1 rollout/transitions=4730880 safety/h_hard_min=4.87524 train/value_loss=14.4352 train/value_explained_variance=0.870978 train/approx_kl=0.00847117 train/clip_epsilon=0.2 train/actor_lr=0.0003 train/post_transition_steps=3223552 rollout/episode_return_std=nan train/grad_norm=1.33953
[V25 PPO] phase=1 rollout/transitions=4734976 safety/h_hard_min=4.8166 train/value_loss=16.3268 train/value_explained_variance=0.866533 train/approx_kl=0.00985156 train/clip_epsilon=0.2 train/actor_lr=0.0003 train/post_transition_steps=3227648 rollout/episode_return_std=nan train/grad_norm=0.661676
[V25 PPO] phase=1 rollout/transitions=4739072 safety/h_hard_min=4.83794 train/value_loss=17.8141 train/value_explained_variance=0.863256 train/approx_kl=0.00819267 train/clip_epsilon=0.2 train/actor_lr=0.0003 train/post_transition_steps=3231744 rollout/episode_return_std=nan train/grad_norm=0.536639
[V25 PPO] phase=1 rollout/transitions=4743168 safety/h_hard_min=4.84631 train/value_loss=16.5946 train/value_explained_variance=0.873791 train/approx_kl=0.0079794 train/clip_epsilon=0.2 train/actor_lr=0.0003 train/post_transition_steps=3235840 rollout/episode_return_std=nan train/grad_norm=2.16242
[V25 PPO] phase=1 rollout/transitions=4747264 safety/h_hard_min=4.8874 train/value_loss=15.6335 train/value_explained_variance=0.883892 train/approx_kl=0.00940243 train/clip_epsilon=0.2 train/actor_lr=0.0003 train/post_transition_steps=3239936 rollout/episode_return_std=nan train/grad_norm=5.50462
[V25 PPO] phase=1 rollout/transitions=4751360 safety/h_hard_min=4.90601 train/value_loss=14.4915 train/value_explained_variance=0.879463 train/approx_kl=0.0106636 train/clip_epsilon=0.2 train/actor_lr=0.0003 train/post_transition_steps=3244032 rollout/episode_return_std=nan train/grad_norm=1.09516
[V25 PPO] phase=1 rollout/transitions=4755456 safety/h_hard_min=4.87563 train/value_loss=15.4195 train/value_explained_variance=0.899018 train/approx_kl=0.00933515 train/clip_epsilon=0.2 train/actor_lr=0.0003 train/post_transition_steps=3248128 rollout/episode_return_std=nan train/grad_norm=2.44037
[V25 PPO] phase=1 rollout/transitions=4759552 safety/h_hard_min=4.87508 train/value_loss=13.5134 train/value_explained_variance=0.89064 train/approx_kl=0.00664293 train/clip_epsilon=0.2 train/actor_lr=0.0003 train/post_transition_steps=3252224 rollout/episode_return_std=nan train/grad_norm=3.29695
[V25 PPO] phase=1 rollout/transitions=4763648 safety/h_hard_min=4.86942 train/value_loss=14.6099 train/value_explained_variance=0.894729 train/approx_kl=0.00857384 train/clip_epsilon=0.2 train/actor_lr=0.0003 train/post_transition_steps=3256320 rollout/episode_return_std=nan train/grad_norm=1.51496
[V25 PPO] phase=1 rollout/transitions=4767744 safety/h_hard_min=4.84086 train/value_loss=12.4535 train/value_explained_variance=0.895123 train/approx_kl=0.00800594 train/clip_epsilon=0.2 train/actor_lr=0.0003 train/post_transition_steps=3260416 rollout/episode_return_std=nan train/grad_norm=1.60513
[V25 PPO] phase=1 rollout/transitions=4771840 safety/h_hard_min=4.87329 train/value_loss=11.9731 train/value_explained_variance=0.897707 train/approx_kl=0.00832305 train/clip_epsilon=0.2 train/actor_lr=0.0003 train/post_transition_steps=3264512 rollout/episode_return_std=nan train/grad_norm=0.273582
[V25 PPO] phase=1 rollout/transitions=4775936 safety/h_hard_min=4.86412 train/value_loss=14.5361 train/value_explained_variance=0.889679 train/approx_kl=0.0089675 train/clip_epsilon=0.2 train/actor_lr=0.0003 train/post_transition_steps=3268608 rollout/episode_return_std=nan train/grad_norm=1.03827
[V25 PPO] phase=1 rollout/transitions=4780032 safety/h_hard_min=4.85369 train/value_loss=14.1689 train/value_explained_variance=0.894082 train/approx_kl=0.0105133 train/clip_epsilon=0.2 train/actor_lr=0.0003 train/post_transition_steps=3272704 rollout/episode_return_std=nan train/grad_norm=0.264896
[V25 PPO] phase=1 rollout/transitions=4784128 safety/h_hard_min=4.85004 train/value_loss=14.3721 train/value_explained_variance=0.894321 train/approx_kl=0.00941747 train/clip_epsilon=0.2 train/actor_lr=0.0003 train/post_transition_steps=3276800 rollout/episode_return_std=nan train/grad_norm=0.382062
[V25 PPO] phase=1 rollout/transitions=4788224 safety/h_hard_min=4.88369 train/value_loss=14.1037 train/value_explained_variance=0.888301 train/approx_kl=0.00801072 train/clip_epsilon=0.2 train/actor_lr=0.0003 train/post_transition_steps=3280896 rollout/episode_return_std=nan train/grad_norm=1.78177
[V25 PPO] phase=1 rollout/transitions=4792320 safety/h_hard_min=4.84822 train/value_loss=14.0323 train/value_explained_variance=0.894111 train/approx_kl=0.00836785 train/clip_epsilon=0.2 train/actor_lr=0.0003 train/post_transition_steps=3284992 rollout/episode_return_std=nan train/grad_norm=0.386601
[V25 PPO] phase=1 rollout/transitions=4796416 safety/h_hard_min=4.86842 train/value_loss=16.9522 train/value_explained_variance=0.880333 train/approx_kl=0.00938118 train/clip_epsilon=0.2 train/actor_lr=0.0003 train/post_transition_steps=3289088 rollout/episode_return_std=nan train/grad_norm=0.380027
[V25 PPO] phase=1 rollout/transitions=4800512 safety/h_hard_min=4.83522 train/value_loss=12.4297 train/value_explained_variance=0.903724 train/approx_kl=0.00803818 train/clip_epsilon=0.2 train/actor_lr=0.0003 train/post_transition_steps=3293184 rollout/episode_return_std=nan train/grad_norm=0.710994
[V25 PPO] phase=1 rollout/transitions=4804608 safety/h_hard_min=4.85702 train/value_loss=12.2138 train/value_explained_variance=0.892203 train/approx_kl=0.00686101 train/clip_epsilon=0.2 train/actor_lr=0.0003 train/post_transition_steps=3297280 rollout/episode_return_std=nan train/grad_norm=0.360218
[V25 PPO] phase=1 rollout/transitions=4808704 safety/h_hard_min=4.85953 train/value_loss=11.8261 train/value_explained_variance=0.902056 train/approx_kl=0.00788552 train/clip_epsilon=0.2 train/actor_lr=0.0003 train/post_transition_steps=3301376 rollout/episode_return_std=nan train/grad_norm=0.596213
[V25 PPO] phase=1 rollout/transitions=4812800 safety/h_hard_min=4.82133 train/value_loss=14.1018 train/value_explained_variance=0.893841 train/approx_kl=0.00943925 train/clip_epsilon=0.2 train/actor_lr=0.0003 train/post_transition_steps=3305472 rollout/episode_return_std=nan train/grad_norm=0.300646
[V25 PPO] phase=1 rollout/transitions=4816896 safety/h_hard_min=4.8394 train/value_loss=12.5507 train/value_explained_variance=0.900842 train/approx_kl=0.00932019 train/clip_epsilon=0.2 train/actor_lr=0.0003 train/post_transition_steps=3309568 rollout/episode_return_std=nan train/grad_norm=0.67105
[V25 PPO] phase=1 rollout/transitions=4820992 safety/h_hard_min=4.86422 train/value_loss=13.8394 train/value_explained_variance=0.901133 train/approx_kl=0.00889086 train/clip_epsilon=0.2 train/actor_lr=0.0003 train/post_transition_steps=3313664 rollout/episode_return_std=nan train/grad_norm=1.64159
[V25 PPO] phase=1 rollout/transitions=4825088 safety/h_hard_min=4.85661 train/value_loss=12.4168 train/value_explained_variance=0.901892 train/approx_kl=0.00965901 train/clip_epsilon=0.2 train/actor_lr=0.0003 train/post_transition_steps=3317760 rollout/episode_return_std=nan train/grad_norm=0.311808
[V25 PPO] phase=1 rollout/transitions=4829184 safety/h_hard_min=4.84539 train/value_loss=12.0286 train/value_explained_variance=0.895333 train/approx_kl=0.00812688 train/clip_epsilon=0.2 train/actor_lr=0.0003 train/post_transition_steps=3321856 rollout/episode_return_std=nan train/grad_norm=0.408211
[V25 PPO] phase=1 rollout/transitions=4833280 safety/h_hard_min=4.86641 train/value_loss=13.5913 train/value_explained_variance=0.889351 train/approx_kl=0.00815021 train/clip_epsilon=0.2 train/actor_lr=0.0003 train/post_transition_steps=3325952 rollout/episode_return_std=nan train/grad_norm=0.453331
[V25 PPO] phase=1 rollout/transitions=4837376 safety/h_hard_min=4.88265 train/value_loss=11.9718 train/value_explained_variance=0.902971 train/approx_kl=0.00952296 train/clip_epsilon=0.2 train/actor_lr=0.0003 train/post_transition_steps=3330048 rollout/episode_return_std=nan train/grad_norm=1.08695
[V25 PPO] phase=1 rollout/transitions=4841472 safety/h_hard_min=4.83368 train/value_loss=17.1254 train/value_explained_variance=0.878148 train/approx_kl=0.00961599 train/clip_epsilon=0.2 train/actor_lr=0.0003 train/post_transition_steps=3334144 rollout/episode_return_std=nan train/grad_norm=0.369422
[V25 PPO] phase=1 rollout/transitions=4845568 safety/h_hard_min=4.85075 train/value_loss=12.9112 train/value_explained_variance=0.893902 train/approx_kl=0.00812395 train/clip_epsilon=0.2 train/actor_lr=0.0003 train/post_transition_steps=3338240 rollout/episode_return_std=nan train/grad_norm=1.35391
[V25 PPO] phase=1 rollout/transitions=4849664 safety/h_hard_min=4.86631 train/value_loss=15.1509 train/value_explained_variance=0.88934 train/approx_kl=0.0107028 train/clip_epsilon=0.2 train/actor_lr=0.0003 train/post_transition_steps=3342336 rollout/episode_return_std=nan train/grad_norm=0.956977
[V25 PPO] phase=1 rollout/transitions=4853760 safety/h_hard_min=4.8254 train/value_loss=16.2189 train/value_explained_variance=0.882268 train/approx_kl=0.00901652 train/clip_epsilon=0.2 train/actor_lr=0.0003 train/post_transition_steps=3346432 rollout/episode_return_std=nan train/grad_norm=1.16804
[V25 PPO] phase=1 rollout/transitions=4857856 safety/h_hard_min=4.872 train/value_loss=15.0787 train/value_explained_variance=0.884175 train/approx_kl=0.00886677 train/clip_epsilon=0.2 train/actor_lr=0.0003 train/post_transition_steps=3350528 rollout/episode_return_std=nan train/grad_norm=1.10057
[V25 PPO] phase=1 rollout/transitions=4861952 safety/h_hard_min=4.85204 train/value_loss=12.587 train/value_explained_variance=0.894844 train/approx_kl=0.00802615 train/clip_epsilon=0.2 train/actor_lr=0.0003 train/post_transition_steps=3354624 rollout/episode_return_std=nan train/grad_norm=1.35471
[V25 PPO] phase=1 rollout/transitions=4866048 safety/h_hard_min=4.85336 train/value_loss=13.1448 train/value_explained_variance=0.894831 train/approx_kl=0.0104503 train/clip_epsilon=0.2 train/actor_lr=0.0003 train/post_transition_steps=3358720 rollout/episode_return_std=nan train/grad_norm=1.06846
[V25 PPO] phase=1 rollout/transitions=4870144 safety/h_hard_min=4.86123 train/value_loss=14.7399 train/value_explained_variance=0.887617 train/approx_kl=0.01021 train/clip_epsilon=0.2 train/actor_lr=0.0003 train/post_transition_steps=3362816 rollout/episode_return_std=nan train/grad_norm=0.740227
[V25 PPO] phase=1 rollout/transitions=4874240 safety/h_hard_min=4.83243 train/value_loss=15.7226 train/value_explained_variance=0.882658 train/approx_kl=0.00890714 train/clip_epsilon=0.2 train/actor_lr=0.0003 train/post_transition_steps=3366912 rollout/episode_return_std=nan train/grad_norm=0.680114
[V25 PPO] phase=1 rollout/transitions=4878336 safety/h_hard_min=4.84109 train/value_loss=15.6859 train/value_explained_variance=0.88229 train/approx_kl=0.00988456 train/clip_epsilon=0.2 train/actor_lr=0.0003 train/post_transition_steps=3371008 rollout/episode_return_std=nan train/grad_norm=0.812112
[V25 PPO] phase=1 rollout/transitions=4882432 safety/h_hard_min=4.86591 train/value_loss=16.5416 train/value_explained_variance=0.875321 train/approx_kl=0.00876014 train/clip_epsilon=0.2 train/actor_lr=0.0003 train/post_transition_steps=3375104 rollout/episode_return_std=nan train/grad_norm=0.591683
[V25 PPO] phase=1 rollout/transitions=4886528 safety/h_hard_min=4.80671 train/value_loss=14.2619 train/value_explained_variance=0.876942 train/approx_kl=0.00738358 train/clip_epsilon=0.2 train/actor_lr=0.0003 train/post_transition_steps=3379200 rollout/episode_return_std=nan train/grad_norm=0.275319
[V25 PPO] phase=1 rollout/transitions=4890624 safety/h_hard_min=4.84075 train/value_loss=19.6962 train/value_explained_variance=0.874605 train/approx_kl=0.0102733 train/clip_epsilon=0.2 train/actor_lr=0.0003 train/post_transition_steps=3383296 rollout/episode_return_std=nan train/grad_norm=0.981478
[V25 PPO] phase=1 rollout/transitions=4894720 safety/h_hard_min=4.81266 train/value_loss=12.0871 train/value_explained_variance=0.890186 train/approx_kl=0.00844476 train/clip_epsilon=0.2 train/actor_lr=0.0003 train/post_transition_steps=3387392 rollout/episode_return_std=nan train/grad_norm=0.300609
[V25 PPO] phase=1 rollout/transitions=4898816 safety/h_hard_min=4.86268 train/value_loss=15.7828 train/value_explained_variance=0.880535 train/approx_kl=0.00847683 train/clip_epsilon=0.2 train/actor_lr=0.0003 train/post_transition_steps=3391488 rollout/episode_return_std=nan train/grad_norm=0.447549
[V25 PPO] phase=1 rollout/transitions=4902912 safety/h_hard_min=4.88016 train/value_loss=14.2198 train/value_explained_variance=0.888283 train/approx_kl=0.00864724 train/clip_epsilon=0.2 train/actor_lr=0.0003 train/post_transition_steps=3395584 rollout/episode_return_std=nan train/grad_norm=0.27576
[V25 PPO] phase=1 rollout/transitions=4907008 safety/h_hard_min=4.84473 train/value_loss=11.8228 train/value_explained_variance=0.892529 train/approx_kl=0.00707184 train/clip_epsilon=0.2 train/actor_lr=0.0003 train/post_transition_steps=3399680 rollout/episode_return_std=nan train/grad_norm=1.08455
[V25 PPO] phase=1 rollout/transitions=4911104 safety/h_hard_min=4.85827 train/value_loss=15.9618 train/value_explained_variance=0.874056 train/approx_kl=0.00881101 train/clip_epsilon=0.2 train/actor_lr=0.0003 train/post_transition_steps=3403776 rollout/episode_return_std=nan train/grad_norm=0.460508
[V25 PPO] phase=1 rollout/transitions=4915200 safety/h_hard_min=4.82326 train/value_loss=18.9159 train/value_explained_variance=0.87382 train/approx_kl=0.0111173 train/clip_epsilon=0.2 train/actor_lr=0.0003 train/post_transition_steps=3407872 rollout/episode_return_std=nan train/grad_norm=0.565686
[V25 PPO] phase=1 rollout/transitions=4919296 safety/h_hard_min=4.84713 train/value_loss=14.4814 train/value_explained_variance=0.882365 train/approx_kl=0.00915556 train/clip_epsilon=0.2 train/actor_lr=0.0003 train/post_transition_steps=3411968 rollout/episode_return_std=nan train/grad_norm=0.450262
[V25 PPO] phase=1 rollout/transitions=4923392 safety/h_hard_min=4.84384 train/value_loss=15.3438 train/value_explained_variance=0.875721 train/approx_kl=0.00800834 train/clip_epsilon=0.2 train/actor_lr=0.0003 train/post_transition_steps=3416064 rollout/episode_return_std=nan train/grad_norm=1.43211
[V25 PPO] phase=1 rollout/transitions=4927488 safety/h_hard_min=4.85083 train/value_loss=17.0926 train/value_explained_variance=0.867905 train/approx_kl=0.0103533 train/clip_epsilon=0.2 train/actor_lr=0.0003 train/post_transition_steps=3420160 rollout/episode_return_std=nan train/grad_norm=0.42225
[V25 PPO] phase=1 rollout/transitions=4931584 safety/h_hard_min=4.86522 train/value_loss=13.8663 train/value_explained_variance=0.875651 train/approx_kl=0.00743599 train/clip_epsilon=0.2 train/actor_lr=0.0003 train/post_transition_steps=3424256 rollout/episode_return_std=nan train/grad_norm=1.3119
[V25 PPO] phase=1 rollout/transitions=4935680 safety/h_hard_min=4.85208 train/value_loss=14.391 train/value_explained_variance=0.880349 train/approx_kl=0.0078328 train/clip_epsilon=0.2 train/actor_lr=0.0003 train/post_transition_steps=3428352 rollout/episode_return_std=nan train/grad_norm=0.629116
[V25 PPO] phase=1 rollout/transitions=4939776 safety/h_hard_min=4.8995 train/value_loss=18.0551 train/value_explained_variance=0.865047 train/approx_kl=0.00937743 train/clip_epsilon=0.2 train/actor_lr=0.0003 train/post_transition_steps=3432448 rollout/episode_return_std=nan train/grad_norm=0.31988
[V25 PPO] phase=1 rollout/transitions=4943872 safety/h_hard_min=4.80854 train/value_loss=18.4137 train/value_explained_variance=0.867215 train/approx_kl=0.0099192 train/clip_epsilon=0.2 train/actor_lr=0.0003 train/post_transition_steps=3436544 rollout/episode_return_std=nan train/grad_norm=0.816583
[V25 PPO] phase=1 rollout/transitions=4947968 safety/h_hard_min=4.81186 train/value_loss=16.6445 train/value_explained_variance=0.865296 train/approx_kl=0.00926921 train/clip_epsilon=0.2 train/actor_lr=0.0003 train/post_transition_steps=3440640 rollout/episode_return_std=nan train/grad_norm=0.70563
[V25 PPO] phase=1 rollout/transitions=4952064 safety/h_hard_min=4.84528 train/value_loss=19.3786 train/value_explained_variance=0.857817 train/approx_kl=0.00931761 train/clip_epsilon=0.2 train/actor_lr=0.0003 train/post_transition_steps=3444736 rollout/episode_return_std=nan train/grad_norm=1.08188
[V25 PPO] phase=1 rollout/transitions=4956160 safety/h_hard_min=4.81964 train/value_loss=18.5342 train/value_explained_variance=0.860975 train/approx_kl=0.00985906 train/clip_epsilon=0.2 train/actor_lr=0.0003 train/post_transition_steps=3448832 rollout/episode_return_std=nan train/grad_norm=0.466079
[V25 PPO] phase=1 rollout/transitions=4960256 safety/h_hard_min=4.86811 train/value_loss=10.4291 train/value_explained_variance=0.891494 train/approx_kl=0.00722507 train/clip_epsilon=0.2 train/actor_lr=0.0003 train/post_transition_steps=3452928 rollout/episode_return_std=nan train/grad_norm=0.938427
[V25 PPO] phase=1 rollout/transitions=4964352 safety/h_hard_min=4.86776 train/value_loss=17.8148 train/value_explained_variance=0.866862 train/approx_kl=0.0104549 train/clip_epsilon=0.2 train/actor_lr=0.0003 train/post_transition_steps=3457024 rollout/episode_return_std=nan train/grad_norm=0.52572
[V25 PPO] phase=1 rollout/transitions=4968448 safety/h_hard_min=4.87951 train/value_loss=18.6073 train/value_explained_variance=0.860115 train/approx_kl=0.00953354 train/clip_epsilon=0.2 train/actor_lr=0.0003 train/post_transition_steps=3461120 rollout/episode_return_std=nan train/grad_norm=0.325559
[V25 PPO] phase=1 rollout/transitions=4972544 safety/h_hard_min=4.86605 train/value_loss=15.8514 train/value_explained_variance=0.868233 train/approx_kl=0.00753507 train/clip_epsilon=0.2 train/actor_lr=0.0003 train/post_transition_steps=3465216 rollout/episode_return_std=nan train/grad_norm=0.767705
[V25 PPO] phase=1 rollout/transitions=4976640 safety/h_hard_min=4.88307 train/value_loss=16.5353 train/value_explained_variance=0.868754 train/approx_kl=0.00906967 train/clip_epsilon=0.2 train/actor_lr=0.0003 train/post_transition_steps=3469312 rollout/episode_return_std=nan train/grad_norm=1.02361
[V25 PPO] phase=1 rollout/transitions=4980736 safety/h_hard_min=4.82125 train/value_loss=13.7776 train/value_explained_variance=0.88735 train/approx_kl=0.00892994 train/clip_epsilon=0.2 train/actor_lr=0.0003 train/post_transition_steps=3473408 rollout/episode_return_std=nan train/grad_norm=0.45232
[V25 PPO] phase=1 rollout/transitions=4984832 safety/h_hard_min=4.89354 train/value_loss=15.7019 train/value_explained_variance=0.869112 train/approx_kl=0.00885075 train/clip_epsilon=0.2 train/actor_lr=0.0003 train/post_transition_steps=3477504 rollout/episode_return_std=nan train/grad_norm=0.667367
[V25 PPO] phase=1 rollout/transitions=4988928 safety/h_hard_min=4.82797 train/value_loss=17.836 train/value_explained_variance=0.85606 train/approx_kl=0.00761901 train/clip_epsilon=0.2 train/actor_lr=0.0003 train/post_transition_steps=3481600 rollout/episode_return_std=nan train/grad_norm=0.223498
[V25 PPO] phase=1 rollout/transitions=4993024 safety/h_hard_min=4.86179 train/value_loss=15.6087 train/value_explained_variance=0.868689 train/approx_kl=0.00867491 train/clip_epsilon=0.2 train/actor_lr=0.0003 train/post_transition_steps=3485696 rollout/episode_return_std=nan train/grad_norm=0.626714
[V25 PPO] phase=1 rollout/transitions=4997120 safety/h_hard_min=4.79815 train/value_loss=17.9408 train/value_explained_variance=0.858954 train/approx_kl=0.00976312 train/clip_epsilon=0.2 train/actor_lr=0.0003 train/post_transition_steps=3489792 rollout/episode_return_std=nan train/grad_norm=0.537324
[V25 PPO] phase=1 rollout/transitions=5001216 safety/h_hard_min=4.85879 train/value_loss=14.5486 train/value_explained_variance=0.878952 train/approx_kl=0.00811546 train/clip_epsilon=0.2 train/actor_lr=0.0003 train/post_transition_steps=3493888 rollout/episode_return_std=nan train/grad_norm=0.840128
[V25 PPO] phase=1 rollout/transitions=5005312 safety/h_hard_min=4.86436 train/value_loss=14.3133 train/value_explained_variance=0.869063 train/approx_kl=0.00837011 train/clip_epsilon=0.2 train/actor_lr=0.0003 train/post_transition_steps=3497984 rollout/episode_return_std=nan train/grad_norm=0.191607
[V25 PPO] phase=1 rollout/transitions=5009408 safety/h_hard_min=4.85237 train/value_loss=15.199 train/value_explained_variance=0.877339 train/approx_kl=0.00842064 train/clip_epsilon=0.2 train/actor_lr=0.0003 train/post_transition_steps=3502080 rollout/episode_return_std=nan train/grad_norm=0.513274
[V25 PPO] phase=1 rollout/transitions=5013504 safety/h_hard_min=4.8661 train/value_loss=18.2584 train/value_explained_variance=0.857987 train/approx_kl=0.00929694 train/clip_epsilon=0.2 train/actor_lr=0.0003 train/post_transition_steps=3506176 rollout/episode_return_std=nan train/grad_norm=0.505718
[V25 PPO] phase=1 rollout/transitions=5017600 safety/h_hard_min=4.86873 train/value_loss=15.777 train/value_explained_variance=0.861864 train/approx_kl=0.0075121 train/clip_epsilon=0.2 train/actor_lr=0.0003 train/post_transition_steps=3510272 rollout/episode_return_std=nan train/grad_norm=0.529796
[V25 PPO] phase=1 rollout/transitions=5021696 safety/h_hard_min=4.84635 train/value_loss=18.4785 train/value_explained_variance=0.855012 train/approx_kl=0.00820096 train/clip_epsilon=0.2 train/actor_lr=0.0003 train/post_transition_steps=3514368 rollout/episode_return_std=nan train/grad_norm=0.609215
[V25 PPO] phase=1 rollout/transitions=5025792 safety/h_hard_min=4.8866 train/value_loss=14.0938 train/value_explained_variance=0.870909 train/approx_kl=0.00779203 train/clip_epsilon=0.2 train/actor_lr=0.0003 train/post_transition_steps=3518464 rollout/episode_return_std=nan train/grad_norm=0.352253
[V25 PPO] phase=1 rollout/transitions=5029888 safety/h_hard_min=4.84846 train/value_loss=18.9781 train/value_explained_variance=0.857375 train/approx_kl=0.0105689 train/clip_epsilon=0.2 train/actor_lr=0.0003 train/post_transition_steps=3522560 rollout/episode_return_std=nan train/grad_norm=0.691165
[V25 PPO] phase=1 rollout/transitions=5033984 safety/h_hard_min=4.85729 train/value_loss=15.9063 train/value_explained_variance=0.866669 train/approx_kl=0.00992428 train/clip_epsilon=0.2 train/actor_lr=0.0003 train/post_transition_steps=3526656 rollout/episode_return_std=nan train/grad_norm=0.432234
[V25 PPO] phase=1 rollout/transitions=5038080 safety/h_hard_min=4.89988 train/value_loss=17.8289 train/value_explained_variance=0.860311 train/approx_kl=0.00898746 train/clip_epsilon=0.2 train/actor_lr=0.0003 train/post_transition_steps=3530752 rollout/episode_return_std=nan train/grad_norm=0.663802
[V25 PPO] phase=1 rollout/transitions=5042176 safety/h_hard_min=4.86968 train/value_loss=16.5507 train/value_explained_variance=0.875944 train/approx_kl=0.0106293 train/clip_epsilon=0.2 train/actor_lr=0.0003 train/post_transition_steps=3534848 rollout/episode_return_std=nan train/grad_norm=0.789421
[V25 PPO] phase=1 rollout/transitions=5046272 safety/h_hard_min=4.88631 train/value_loss=13.1411 train/value_explained_variance=0.889823 train/approx_kl=0.00946157 train/clip_epsilon=0.2 train/actor_lr=0.0003 train/post_transition_steps=3538944 rollout/episode_return_std=nan train/grad_norm=1.08692
[V25 PPO] phase=1 rollout/transitions=5050368 safety/h_hard_min=4.89765 train/value_loss=11.7002 train/value_explained_variance=0.888121 train/approx_kl=0.0107187 train/clip_epsilon=0.2 train/actor_lr=0.0003 train/post_transition_steps=3543040 rollout/episode_return_std=nan train/grad_norm=2.61812
[V25 PPO] phase=1 rollout/transitions=5054464 safety/h_hard_min=4.8202 train/value_loss=17.3566 train/value_explained_variance=0.895215 train/approx_kl=0.00929728 train/clip_epsilon=0.2 train/actor_lr=0.0003 train/post_transition_steps=3547136 rollout/episode_return_std=nan train/grad_norm=0.95411
[V25 PPO] phase=1 rollout/transitions=5058560 safety/h_hard_min=4.88591 train/value_loss=11.0231 train/value_explained_variance=0.915755 train/approx_kl=0.0076941 train/clip_epsilon=0.2 train/actor_lr=0.0003 train/post_transition_steps=3551232 rollout/episode_return_std=nan train/grad_norm=0.304177
[V25 PPO] phase=1 rollout/transitions=5062656 safety/h_hard_min=4.88306 train/value_loss=10.9933 train/value_explained_variance=0.913509 train/approx_kl=0.0095293 train/clip_epsilon=0.2 train/actor_lr=0.0003 train/post_transition_steps=3555328 rollout/episode_return_std=nan train/grad_norm=0.313149
[V25 PPO] phase=1 rollout/transitions=5066752 safety/h_hard_min=4.85066 train/value_loss=11.6403 train/value_explained_variance=0.912582 train/approx_kl=0.00812469 train/clip_epsilon=0.2 train/actor_lr=0.0003 train/post_transition_steps=3559424 rollout/episode_return_std=nan train/grad_norm=0.783868
[V25 PPO] phase=1 rollout/transitions=5070848 safety/h_hard_min=4.86728 train/value_loss=11.2607 train/value_explained_variance=0.913953 train/approx_kl=0.00701845 train/clip_epsilon=0.2 train/actor_lr=0.0003 train/post_transition_steps=3563520 rollout/episode_return_std=nan train/grad_norm=1.43069
[V25 PPO] phase=1 rollout/transitions=5074944 safety/h_hard_min=4.86178 train/value_loss=9.22971 train/value_explained_variance=0.928933 train/approx_kl=0.00696709 train/clip_epsilon=0.2 train/actor_lr=0.0003 train/post_transition_steps=3567616 rollout/episode_return_std=nan train/grad_norm=0.960072
[V25 PPO] phase=1 rollout/transitions=5079040 safety/h_hard_min=4.83258 train/value_loss=9.40764 train/value_explained_variance=0.924552 train/approx_kl=0.0057001 train/clip_epsilon=0.2 train/actor_lr=0.0003 train/post_transition_steps=3571712 rollout/episode_return_std=nan train/grad_norm=0.799279
[V25 PPO] phase=1 rollout/transitions=5083136 safety/h_hard_min=4.82298 train/value_loss=7.94795 train/value_explained_variance=0.948016 train/approx_kl=0.00762286 train/clip_epsilon=0.2 train/actor_lr=0.0003 train/post_transition_steps=3575808 rollout/episode_return_std=nan train/grad_norm=1.59431
[V25 PPO] phase=1 rollout/transitions=5087232 safety/h_hard_min=4.85967 train/value_loss=9.401 train/value_explained_variance=0.929359 train/approx_kl=0.00913143 train/clip_epsilon=0.2 train/actor_lr=0.0003 train/post_transition_steps=3579904 rollout/episode_return_std=nan train/grad_norm=6.09014
[V25 PPO] phase=1 rollout/transitions=5091328 safety/h_hard_min=4.8019 train/value_loss=8.21122 train/value_explained_variance=0.943394 train/approx_kl=0.00632179 train/clip_epsilon=0.2 train/actor_lr=0.0003 train/post_transition_steps=3584000 rollout/episode_return_std=nan train/grad_norm=3.42291
[V25 PPO] phase=1 rollout/transitions=5095424 safety/h_hard_min=4.92891 train/value_loss=5.79708 train/value_explained_variance=0.953613 train/approx_kl=0.0064421 train/clip_epsilon=0.2 train/actor_lr=0.0003 train/post_transition_steps=3588096 rollout/episode_return_std=nan train/grad_norm=2.91588
[V25 PPO] phase=1 rollout/transitions=5099520 safety/h_hard_min=4.87598 train/value_loss=6.82713 train/value_explained_variance=0.956212 train/approx_kl=0.00824044 train/clip_epsilon=0.2 train/actor_lr=0.0003 train/post_transition_steps=3592192 rollout/episode_return_std=nan train/grad_norm=0.597328
[V25 PPO] phase=1 rollout/transitions=5103616 safety/h_hard_min=4.86915 train/value_loss=7.26379 train/value_explained_variance=0.94755 train/approx_kl=0.00767074 train/clip_epsilon=0.2 train/actor_lr=0.0003 train/post_transition_steps=3596288 rollout/episode_return_std=nan train/grad_norm=0.765334
[V25 PPO] phase=1 rollout/transitions=5107712 safety/h_hard_min=4.84762 train/value_loss=8.22479 train/value_explained_variance=0.947788 train/approx_kl=0.00787567 train/clip_epsilon=0.2 train/actor_lr=0.0003 train/post_transition_steps=3600384 rollout/episode_return_std=nan train/grad_norm=0.528973
[V25 PPO] phase=1 rollout/transitions=5111808 safety/h_hard_min=4.88579 train/value_loss=8.16103 train/value_explained_variance=0.944018 train/approx_kl=0.00832107 train/clip_epsilon=0.2 train/actor_lr=0.0003 train/post_transition_steps=3604480 rollout/episode_return_std=nan train/grad_norm=0.203507
[V25 PPO] phase=1 rollout/transitions=5115904 safety/h_hard_min=4.81364 train/value_loss=6.71998 train/value_explained_variance=0.952504 train/approx_kl=0.00804141 train/clip_epsilon=0.2 train/actor_lr=0.0003 train/post_transition_steps=3608576 rollout/episode_return_std=nan train/grad_norm=1.02568
[V25 PPO] phase=1 rollout/transitions=5120000 safety/h_hard_min=4.86227 train/value_loss=7.97025 train/value_explained_variance=0.947287 train/approx_kl=0.00868536 train/clip_epsilon=0.2 train/actor_lr=0.0003 train/post_transition_steps=3612672 rollout/episode_return_std=nan train/grad_norm=0.299117
[V25 PPO] phase=1 rollout/transitions=5124096 safety/h_hard_min=4.85465 train/value_loss=8.61059 train/value_explained_variance=0.946569 train/approx_kl=0.0105007 train/clip_epsilon=0.2 train/actor_lr=0.0003 train/post_transition_steps=3616768 rollout/episode_return_std=nan train/grad_norm=0.255513
[V25 PPO] phase=1 rollout/transitions=5128192 safety/h_hard_min=4.87384 train/value_loss=7.15397 train/value_explained_variance=0.948778 train/approx_kl=0.00824438 train/clip_epsilon=0.2 train/actor_lr=0.0003 train/post_transition_steps=3620864 rollout/episode_return_std=nan train/grad_norm=0.145739
[V25 PPO] phase=1 rollout/transitions=5132288 safety/h_hard_min=4.84488 train/value_loss=8.29679 train/value_explained_variance=0.945823 train/approx_kl=0.00804488 train/clip_epsilon=0.2 train/actor_lr=0.0003 train/post_transition_steps=3624960 rollout/episode_return_std=nan train/grad_norm=0.229412
[V25 PPO] phase=1 rollout/transitions=5136384 safety/h_hard_min=4.85419 train/value_loss=8.04204 train/value_explained_variance=0.944728 train/approx_kl=0.0086377 train/clip_epsilon=0.2 train/actor_lr=0.0003 train/post_transition_steps=3629056 rollout/episode_return_std=nan train/grad_norm=0.428864
[V25 PPO] phase=1 rollout/transitions=5140480 safety/h_hard_min=4.85506 train/value_loss=6.01012 train/value_explained_variance=0.955469 train/approx_kl=0.00756698 train/clip_epsilon=0.2 train/actor_lr=0.0003 train/post_transition_steps=3633152 rollout/episode_return_std=nan train/grad_norm=0.293093
[V25 PPO] phase=1 rollout/transitions=5144576 safety/h_hard_min=4.85785 train/value_loss=7.10919 train/value_explained_variance=0.949752 train/approx_kl=0.00823668 train/clip_epsilon=0.2 train/actor_lr=0.0003 train/post_transition_steps=3637248 rollout/episode_return_std=nan train/grad_norm=0.225918
[V25 PPO] phase=1 rollout/transitions=5148672 safety/h_hard_min=4.88309 train/value_loss=7.27865 train/value_explained_variance=0.942888 train/approx_kl=0.00885686 train/clip_epsilon=0.2 train/actor_lr=0.0003 train/post_transition_steps=3641344 rollout/episode_return_std=nan train/grad_norm=1.24285
[V25 PPO] phase=1 rollout/transitions=5152768 safety/h_hard_min=4.86964 train/value_loss=7.29512 train/value_explained_variance=0.947436 train/approx_kl=0.00877596 train/clip_epsilon=0.2 train/actor_lr=0.0003 train/post_transition_steps=3645440 rollout/episode_return_std=nan train/grad_norm=0.182084
[V25 PPO] phase=1 rollout/transitions=5156864 safety/h_hard_min=4.89249 train/value_loss=6.98802 train/value_explained_variance=0.951093 train/approx_kl=0.00905662 train/clip_epsilon=0.2 train/actor_lr=0.0003 train/post_transition_steps=3649536 rollout/episode_return_std=nan train/grad_norm=0.591695
[V25 PPO] phase=1 rollout/transitions=5160960 safety/h_hard_min=4.89094 train/value_loss=7.15443 train/value_explained_variance=0.942162 train/approx_kl=0.00894465 train/clip_epsilon=0.2 train/actor_lr=0.0003 train/post_transition_steps=3653632 rollout/episode_return_std=nan train/grad_norm=0.32624
[V25 PPO] phase=1 rollout/transitions=5165056 safety/h_hard_min=4.87308 train/value_loss=7.41626 train/value_explained_variance=0.948064 train/approx_kl=0.00918413 train/clip_epsilon=0.2 train/actor_lr=0.0003 train/post_transition_steps=3657728 rollout/episode_return_std=nan train/grad_norm=0.401745
[V25 PPO] phase=1 rollout/transitions=5169152 safety/h_hard_min=4.86719 train/value_loss=7.31432 train/value_explained_variance=0.945412 train/approx_kl=0.00791633 train/clip_epsilon=0.2 train/actor_lr=0.0003 train/post_transition_steps=3661824 rollout/episode_return_std=nan train/grad_norm=0.458252
[V25 PPO] phase=1 rollout/transitions=5173248 safety/h_hard_min=4.84169 train/value_loss=7.26774 train/value_explained_variance=0.952668 train/approx_kl=0.00900815 train/clip_epsilon=0.2 train/actor_lr=0.0003 train/post_transition_steps=3665920 rollout/episode_return_std=nan train/grad_norm=0.353675
[V25 PPO] phase=1 rollout/transitions=5177344 safety/h_hard_min=4.85956 train/value_loss=7.1926 train/value_explained_variance=0.945645 train/approx_kl=0.00792927 train/clip_epsilon=0.2 train/actor_lr=0.0003 train/post_transition_steps=3670016 rollout/episode_return_std=nan train/grad_norm=0.394772
[V25 PPO] phase=1 rollout/transitions=5181440 safety/h_hard_min=4.8438 train/value_loss=9.29757 train/value_explained_variance=0.940261 train/approx_kl=0.00865819 train/clip_epsilon=0.2 train/actor_lr=0.0003 train/post_transition_steps=3674112 rollout/episode_return_std=nan train/grad_norm=0.164855
[V25 PPO] phase=1 rollout/transitions=5185536 safety/h_hard_min=4.84847 train/value_loss=8.12458 train/value_explained_variance=0.942035 train/approx_kl=0.00871465 train/clip_epsilon=0.2 train/actor_lr=0.0003 train/post_transition_steps=3678208 rollout/episode_return_std=nan train/grad_norm=0.535843
[V25 PPO] phase=1 rollout/transitions=5189632 safety/h_hard_min=4.8619 train/value_loss=8.00701 train/value_explained_variance=0.940463 train/approx_kl=0.00818324 train/clip_epsilon=0.2 train/actor_lr=0.0003 train/post_transition_steps=3682304 rollout/episode_return_std=nan train/grad_norm=1.26115
[V25 PPO] phase=1 rollout/transitions=5193728 safety/h_hard_min=4.87096 train/value_loss=8.16061 train/value_explained_variance=0.943729 train/approx_kl=0.00983258 train/clip_epsilon=0.2 train/actor_lr=0.0003 train/post_transition_steps=3686400 rollout/episode_return_std=nan train/grad_norm=0.549368
[V25 PPO] phase=1 rollout/transitions=5197824 safety/h_hard_min=4.81532 train/value_loss=7.03445 train/value_explained_variance=0.944369 train/approx_kl=0.00828488 train/clip_epsilon=0.2 train/actor_lr=0.0003 train/post_transition_steps=3690496 rollout/episode_return_std=nan train/grad_norm=0.79625
[V25 PPO] phase=1 rollout/transitions=5201920 safety/h_hard_min=4.85523 train/value_loss=8.38008 train/value_explained_variance=0.940589 train/approx_kl=0.00924773 train/clip_epsilon=0.2 train/actor_lr=0.0003 train/post_transition_steps=3694592 rollout/episode_return_std=nan train/grad_norm=0.482713
[V25 PPO] phase=1 rollout/transitions=5206016 safety/h_hard_min=4.85611 train/value_loss=8.03622 train/value_explained_variance=0.941794 train/approx_kl=0.00837149 train/clip_epsilon=0.2 train/actor_lr=0.0003 train/post_transition_steps=3698688 rollout/episode_return_std=nan train/grad_norm=0.457686
[V25 PPO] phase=1 rollout/transitions=5210112 safety/h_hard_min=4.86307 train/value_loss=7.63922 train/value_explained_variance=0.94757 train/approx_kl=0.0105074 train/clip_epsilon=0.2 train/actor_lr=0.0003 train/post_transition_steps=3702784 rollout/episode_return_std=nan train/grad_norm=1.10384
[V25 PPO] phase=1 rollout/transitions=5214208 safety/h_hard_min=4.86372 train/value_loss=10.6271 train/value_explained_variance=0.932479 train/approx_kl=0.00946336 train/clip_epsilon=0.2 train/actor_lr=0.0003 train/post_transition_steps=3706880 rollout/episode_return_std=nan train/grad_norm=0.459975
[V25 PPO] phase=1 rollout/transitions=5218304 safety/h_hard_min=4.8651 train/value_loss=6.48206 train/value_explained_variance=0.952827 train/approx_kl=0.00766852 train/clip_epsilon=0.2 train/actor_lr=0.0003 train/post_transition_steps=3710976 rollout/episode_return_std=nan train/grad_norm=0.425333
[V25 PPO] phase=1 rollout/transitions=5222400 safety/h_hard_min=4.85605 train/value_loss=7.80659 train/value_explained_variance=0.942763 train/approx_kl=0.00870527 train/clip_epsilon=0.2 train/actor_lr=0.0003 train/post_transition_steps=3715072 rollout/episode_return_std=nan train/grad_norm=0.184602
[V25 PPO] phase=1 rollout/transitions=5226496 safety/h_hard_min=4.82486 train/value_loss=9.26051 train/value_explained_variance=0.93499 train/approx_kl=0.00803039 train/clip_epsilon=0.2 train/actor_lr=0.0003 train/post_transition_steps=3719168 rollout/episode_return_std=nan train/grad_norm=0.275513
[V25 PPO] phase=1 rollout/transitions=5230592 safety/h_hard_min=4.85628 train/value_loss=8.85081 train/value_explained_variance=0.945017 train/approx_kl=0.00942821 train/clip_epsilon=0.2 train/actor_lr=0.0003 train/post_transition_steps=3723264 rollout/episode_return_std=nan train/grad_norm=0.703054
[V25 PPO] phase=1 rollout/transitions=5234688 safety/h_hard_min=4.85614 train/value_loss=9.62588 train/value_explained_variance=0.939977 train/approx_kl=0.00892055 train/clip_epsilon=0.2 train/actor_lr=0.0003 train/post_transition_steps=3727360 rollout/episode_return_std=nan train/grad_norm=0.911814
[V25 PPO] phase=1 rollout/transitions=5238784 safety/h_hard_min=4.84851 train/value_loss=9.96439 train/value_explained_variance=0.938439 train/approx_kl=0.00910636 train/clip_epsilon=0.2 train/actor_lr=0.0003 train/post_transition_steps=3731456 rollout/episode_return_std=nan train/grad_norm=0.520652
[V25 PPO] phase=1 rollout/transitions=5242880 safety/h_hard_min=4.84521 train/value_loss=8.92523 train/value_explained_variance=0.937666 train/approx_kl=0.00962358 train/clip_epsilon=0.2 train/actor_lr=0.0003 train/post_transition_steps=3735552 rollout/episode_return_std=nan train/grad_norm=0.490099
[V25 PPO] phase=1 rollout/transitions=5246976 safety/h_hard_min=4.84631 train/value_loss=7.82148 train/value_explained_variance=0.94126 train/approx_kl=0.00866308 train/clip_epsilon=0.2 train/actor_lr=0.0003 train/post_transition_steps=3739648 rollout/episode_return_std=nan train/grad_norm=1.89764
[V25 PPO] phase=1 rollout/transitions=5251072 safety/h_hard_min=4.85216 train/value_loss=9.23765 train/value_explained_variance=0.936614 train/approx_kl=0.00869359 train/clip_epsilon=0.2 train/actor_lr=0.0003 train/post_transition_steps=3743744 rollout/episode_return_std=nan train/grad_norm=0.382143
[V25 PPO] phase=1 rollout/transitions=5255168 safety/h_hard_min=4.85505 train/value_loss=7.25262 train/value_explained_variance=0.946073 train/approx_kl=0.00967068 train/clip_epsilon=0.2 train/actor_lr=0.0003 train/post_transition_steps=3747840 rollout/episode_return_std=nan train/grad_norm=0.265643
[V25 PPO] phase=1 rollout/transitions=5259264 safety/h_hard_min=4.85221 train/value_loss=9.31129 train/value_explained_variance=0.932705 train/approx_kl=0.0078466 train/clip_epsilon=0.2 train/actor_lr=0.0003 train/post_transition_steps=3751936 rollout/episode_return_std=nan train/grad_norm=2.15448
[V25 PPO] phase=1 rollout/transitions=5263360 safety/h_hard_min=4.84825 train/value_loss=8.95443 train/value_explained_variance=0.935563 train/approx_kl=0.00864626 train/clip_epsilon=0.2 train/actor_lr=0.0003 train/post_transition_steps=3756032 rollout/episode_return_std=nan train/grad_norm=0.950108
[V25 PPO] phase=1 rollout/transitions=5267456 safety/h_hard_min=4.87227 train/value_loss=7.87572 train/value_explained_variance=0.938493 train/approx_kl=0.0065718 train/clip_epsilon=0.2 train/actor_lr=0.0003 train/post_transition_steps=3760128 rollout/episode_return_std=nan train/grad_norm=0.741866
[V25 PPO] phase=1 rollout/transitions=5271552 safety/h_hard_min=4.83725 train/value_loss=9.56191 train/value_explained_variance=0.929645 train/approx_kl=0.00965358 train/clip_epsilon=0.2 train/actor_lr=0.0003 train/post_transition_steps=3764224 rollout/episode_return_std=nan train/grad_norm=0.896224
[V25 PPO] phase=1 rollout/transitions=5275648 safety/h_hard_min=4.86192 train/value_loss=9.46655 train/value_explained_variance=0.92873 train/approx_kl=0.00845283 train/clip_epsilon=0.2 train/actor_lr=0.0003 train/post_transition_steps=3768320 rollout/episode_return_std=nan train/grad_norm=1.44093
[V25 PPO] phase=1 rollout/transitions=5279744 safety/h_hard_min=4.85198 train/value_loss=9.38312 train/value_explained_variance=0.926491 train/approx_kl=0.00782337 train/clip_epsilon=0.2 train/actor_lr=0.0003 train/post_transition_steps=3772416 rollout/episode_return_std=nan train/grad_norm=0.506134
[V25 PPO] phase=1 rollout/transitions=5283840 safety/h_hard_min=4.845 train/value_loss=8.38376 train/value_explained_variance=0.93821 train/approx_kl=0.00901875 train/clip_epsilon=0.2 train/actor_lr=0.0003 train/post_transition_steps=3776512 rollout/episode_return_std=nan train/grad_norm=0.265167
[V25 PPO] phase=1 rollout/transitions=5287936 safety/h_hard_min=4.84871 train/value_loss=11.218 train/value_explained_variance=0.924049 train/approx_kl=0.00821582 train/clip_epsilon=0.2 train/actor_lr=0.0003 train/post_transition_steps=3780608 rollout/episode_return_std=nan train/grad_norm=0.4132
[V25 PPO] phase=1 rollout/transitions=5292032 safety/h_hard_min=4.86376 train/value_loss=10.1186 train/value_explained_variance=0.926695 train/approx_kl=0.00864982 train/clip_epsilon=0.2 train/actor_lr=0.0003 train/post_transition_steps=3784704 rollout/episode_return_std=nan train/grad_norm=0.46844
[V25 PPO] phase=1 rollout/transitions=5296128 safety/h_hard_min=4.86896 train/value_loss=8.46043 train/value_explained_variance=0.937251 train/approx_kl=0.00906173 train/clip_epsilon=0.2 train/actor_lr=0.0003 train/post_transition_steps=3788800 rollout/episode_return_std=nan train/grad_norm=0.306148
[V25 PPO] phase=1 rollout/transitions=5300224 safety/h_hard_min=4.86559 train/value_loss=9.2961 train/value_explained_variance=0.93344 train/approx_kl=0.00702382 train/clip_epsilon=0.2 train/actor_lr=0.0003 train/post_transition_steps=3792896 rollout/episode_return_std=nan train/grad_norm=1.45245
[V25 PPO] phase=1 rollout/transitions=5304320 safety/h_hard_min=4.82755 train/value_loss=11.6729 train/value_explained_variance=0.919624 train/approx_kl=0.0093433 train/clip_epsilon=0.2 train/actor_lr=0.0003 train/post_transition_steps=3796992 rollout/episode_return_std=nan train/grad_norm=0.604297
[V25 PPO] phase=1 rollout/transitions=5308416 safety/h_hard_min=4.87621 train/value_loss=8.06769 train/value_explained_variance=0.938905 train/approx_kl=0.00686737 train/clip_epsilon=0.2 train/actor_lr=0.0003 train/post_transition_steps=3801088 rollout/episode_return_std=nan train/grad_norm=2.12546
[V25 PPO] phase=1 rollout/transitions=5312512 safety/h_hard_min=4.78889 train/value_loss=11.3557 train/value_explained_variance=0.919165 train/approx_kl=0.00738632 train/clip_epsilon=0.2 train/actor_lr=0.0003 train/post_transition_steps=3805184 rollout/episode_return_std=nan train/grad_norm=2.66216
[V25 PPO] phase=1 rollout/transitions=5316608 safety/h_hard_min=4.82939 train/value_loss=9.53308 train/value_explained_variance=0.930633 train/approx_kl=0.0086404 train/clip_epsilon=0.2 train/actor_lr=0.0003 train/post_transition_steps=3809280 rollout/episode_return_std=nan train/grad_norm=1.1407
[V25 PPO] phase=1 rollout/transitions=5320704 safety/h_hard_min=4.82597 train/value_loss=10.0093 train/value_explained_variance=0.931739 train/approx_kl=0.00913441 train/clip_epsilon=0.2 train/actor_lr=0.0003 train/post_transition_steps=3813376 rollout/episode_return_std=nan train/grad_norm=0.366875
[V25 PPO] phase=1 rollout/transitions=5324800 safety/h_hard_min=4.8471 train/value_loss=10.1114 train/value_explained_variance=0.92407 train/approx_kl=0.00814749 train/clip_epsilon=0.2 train/actor_lr=0.0003 train/post_transition_steps=3817472 rollout/episode_return_std=nan train/grad_norm=0.190208
[V25 PPO] phase=1 rollout/transitions=5328896 safety/h_hard_min=4.83037 train/value_loss=10.7481 train/value_explained_variance=0.927218 train/approx_kl=0.00776256 train/clip_epsilon=0.2 train/actor_lr=0.0003 train/post_transition_steps=3821568 rollout/episode_return_std=nan train/grad_norm=0.317688
[V25 PPO] phase=1 rollout/transitions=5332992 safety/h_hard_min=4.86286 train/value_loss=11.0386 train/value_explained_variance=0.926433 train/approx_kl=0.00896039 train/clip_epsilon=0.2 train/actor_lr=0.0003 train/post_transition_steps=3825664 rollout/episode_return_std=nan train/grad_norm=0.41203
[V25 PPO] phase=1 rollout/transitions=5337088 safety/h_hard_min=4.83545 train/value_loss=8.3554 train/value_explained_variance=0.934104 train/approx_kl=0.00719819 train/clip_epsilon=0.2 train/actor_lr=0.0003 train/post_transition_steps=3829760 rollout/episode_return_std=nan train/grad_norm=0.444778
[V25 PPO] phase=1 rollout/transitions=5341184 safety/h_hard_min=4.8662 train/value_loss=9.92774 train/value_explained_variance=0.926999 train/approx_kl=0.00749583 train/clip_epsilon=0.2 train/actor_lr=0.0003 train/post_transition_steps=3833856 rollout/episode_return_std=nan train/grad_norm=0.538104
[V25 PPO] phase=1 rollout/transitions=5345280 safety/h_hard_min=4.83265 train/value_loss=9.74682 train/value_explained_variance=0.931342 train/approx_kl=0.00802358 train/clip_epsilon=0.2 train/actor_lr=0.0003 train/post_transition_steps=3837952 rollout/episode_return_std=nan train/grad_norm=0.496088
[V25 PPO] phase=1 rollout/transitions=5349376 safety/h_hard_min=4.82569 train/value_loss=9.70125 train/value_explained_variance=0.929361 train/approx_kl=0.00970368 train/clip_epsilon=0.2 train/actor_lr=0.0003 train/post_transition_steps=3842048 rollout/episode_return_std=nan train/grad_norm=0.98269
[V25 PPO] phase=1 rollout/transitions=5353472 safety/h_hard_min=4.87828 train/value_loss=10.9271 train/value_explained_variance=0.924712 train/approx_kl=0.00795289 train/clip_epsilon=0.2 train/actor_lr=0.0003 train/post_transition_steps=3846144 rollout/episode_return_std=nan train/grad_norm=1.36372
[V25 PPO] phase=1 rollout/transitions=5357568 safety/h_hard_min=4.82848 train/value_loss=10.1344 train/value_explained_variance=0.929231 train/approx_kl=0.0091645 train/clip_epsilon=0.2 train/actor_lr=0.0003 train/post_transition_steps=3850240 rollout/episode_return_std=nan train/grad_norm=0.903303
[V25 PPO] phase=1 rollout/transitions=5361664 safety/h_hard_min=4.86147 train/value_loss=9.26633 train/value_explained_variance=0.931018 train/approx_kl=0.00875336 train/clip_epsilon=0.2 train/actor_lr=0.0003 train/post_transition_steps=3854336 rollout/episode_return_std=nan train/grad_norm=0.452269
[V25 PPO] phase=1 rollout/transitions=5365760 safety/h_hard_min=4.86588 train/value_loss=9.76554 train/value_explained_variance=0.928459 train/approx_kl=0.00715691 train/clip_epsilon=0.2 train/actor_lr=0.0003 train/post_transition_steps=3858432 rollout/episode_return_std=nan train/grad_norm=0.291358
[V25 PPO] phase=1 rollout/transitions=5369856 safety/h_hard_min=4.85183 train/value_loss=10.0035 train/value_explained_variance=0.9266 train/approx_kl=0.00846615 train/clip_epsilon=0.2 train/actor_lr=0.0003 train/post_transition_steps=3862528 rollout/episode_return_std=nan train/grad_norm=0.602909
[V25 PPO] phase=1 rollout/transitions=5373952 safety/h_hard_min=4.8569 train/value_loss=8.07244 train/value_explained_variance=0.942011 train/approx_kl=0.00913168 train/clip_epsilon=0.2 train/actor_lr=0.0003 train/post_transition_steps=3866624 rollout/episode_return_std=nan train/grad_norm=0.309282
[V25 PPO] phase=1 rollout/transitions=5378048 safety/h_hard_min=4.84497 train/value_loss=11.2356 train/value_explained_variance=0.918991 train/approx_kl=0.00817255 train/clip_epsilon=0.2 train/actor_lr=0.0003 train/post_transition_steps=3870720 rollout/episode_return_std=nan train/grad_norm=0.292134
[V25 PPO] phase=1 rollout/transitions=5382144 safety/h_hard_min=4.84472 train/value_loss=9.73321 train/value_explained_variance=0.928529 train/approx_kl=0.00877043 train/clip_epsilon=0.2 train/actor_lr=0.0003 train/post_transition_steps=3874816 rollout/episode_return_std=nan train/grad_norm=0.65053
[V25 PPO] phase=1 rollout/transitions=5386240 safety/h_hard_min=4.84614 train/value_loss=8.21292 train/value_explained_variance=0.934135 train/approx_kl=0.00716146 train/clip_epsilon=0.2 train/actor_lr=0.0003 train/post_transition_steps=3878912 rollout/episode_return_std=nan train/grad_norm=0.366784
[V25 PPO] phase=1 rollout/transitions=5390336 safety/h_hard_min=4.83577 train/value_loss=9.74534 train/value_explained_variance=0.923799 train/approx_kl=0.00811317 train/clip_epsilon=0.2 train/actor_lr=0.0003 train/post_transition_steps=3883008 rollout/episode_return_std=nan train/grad_norm=0.524135
[V25 PPO] phase=1 rollout/transitions=5394432 safety/h_hard_min=4.80009 train/value_loss=10.1362 train/value_explained_variance=0.925123 train/approx_kl=0.00705939 train/clip_epsilon=0.2 train/actor_lr=0.0003 train/post_transition_steps=3887104 rollout/episode_return_std=nan train/grad_norm=0.800083
[V25 PPO] phase=1 rollout/transitions=5398528 safety/h_hard_min=4.82453 train/value_loss=8.95501 train/value_explained_variance=0.935458 train/approx_kl=0.00884743 train/clip_epsilon=0.2 train/actor_lr=0.0003 train/post_transition_steps=3891200 rollout/episode_return_std=nan train/grad_norm=0.0808807
[V25 PPO] phase=1 rollout/transitions=5402624 safety/h_hard_min=4.81179 train/value_loss=12.0414 train/value_explained_variance=0.913842 train/approx_kl=0.0079142 train/clip_epsilon=0.2 train/actor_lr=0.0003 train/post_transition_steps=3895296 rollout/episode_return_std=nan train/grad_norm=1.45477
[V25 PPO] phase=1 rollout/transitions=5406720 safety/h_hard_min=4.7863 train/value_loss=10.6026 train/value_explained_variance=0.92732 train/approx_kl=0.00780802 train/clip_epsilon=0.2 train/actor_lr=0.0003 train/post_transition_steps=3899392 rollout/episode_return_std=nan train/grad_norm=0.633246
[V25 PPO] phase=1 rollout/transitions=5410816 safety/h_hard_min=4.85965 train/value_loss=8.82278 train/value_explained_variance=0.926536 train/approx_kl=0.00643019 train/clip_epsilon=0.2 train/actor_lr=0.0003 train/post_transition_steps=3903488 rollout/episode_return_std=nan train/grad_norm=0.762389
[V25 PPO] phase=1 rollout/transitions=5414912 safety/h_hard_min=4.89289 train/value_loss=5.89784 train/value_explained_variance=0.94564 train/approx_kl=0.00774152 train/clip_epsilon=0.2 train/actor_lr=0.0003 train/post_transition_steps=3907584 rollout/episode_return_std=nan train/grad_norm=1.31112
[V25 PPO] phase=1 rollout/transitions=5419008 safety/h_hard_min=4.86227 train/value_loss=7.76347 train/value_explained_variance=0.941809 train/approx_kl=0.0083436 train/clip_epsilon=0.2 train/actor_lr=0.0003 train/post_transition_steps=3911680 rollout/episode_return_std=nan train/grad_norm=0.318029
[V25 PPO] phase=1 rollout/transitions=5423104 safety/h_hard_min=4.81834 train/value_loss=9.38668 train/value_explained_variance=0.934225 train/approx_kl=0.00916604 train/clip_epsilon=0.2 train/actor_lr=0.0003 train/post_transition_steps=3915776 rollout/episode_return_std=nan train/grad_norm=0.72634
[V25 PPO] phase=1 rollout/transitions=5427200 safety/h_hard_min=4.8572 train/value_loss=9.42305 train/value_explained_variance=0.929737 train/approx_kl=0.00815002 train/clip_epsilon=0.2 train/actor_lr=0.0003 train/post_transition_steps=3919872 rollout/episode_return_std=nan train/grad_norm=0.242898
[V25 PPO] phase=1 rollout/transitions=5431296 safety/h_hard_min=4.84893 train/value_loss=11.3458 train/value_explained_variance=0.920165 train/approx_kl=0.00857446 train/clip_epsilon=0.2 train/actor_lr=0.0003 train/post_transition_steps=3923968 rollout/episode_return_std=nan train/grad_norm=1.69954
[V25 PPO] phase=1 rollout/transitions=5435392 safety/h_hard_min=4.86314 train/value_loss=11.3926 train/value_explained_variance=0.913968 train/approx_kl=0.0083041 train/clip_epsilon=0.2 train/actor_lr=0.0003 train/post_transition_steps=3928064 rollout/episode_return_std=nan train/grad_norm=1.39998
[V25 PPO] phase=1 rollout/transitions=5439488 safety/h_hard_min=4.78405 train/value_loss=11.2096 train/value_explained_variance=0.925337 train/approx_kl=0.0103669 train/clip_epsilon=0.2 train/actor_lr=0.0003 train/post_transition_steps=3932160 rollout/episode_return_std=nan train/grad_norm=1.38676
[V25 PPO] phase=1 rollout/transitions=5443584 safety/h_hard_min=4.87734 train/value_loss=9.97769 train/value_explained_variance=0.928305 train/approx_kl=0.0091426 train/clip_epsilon=0.2 train/actor_lr=0.0003 train/post_transition_steps=3936256 rollout/episode_return_std=nan train/grad_norm=0.907512
[V25 PPO] phase=1 rollout/transitions=5447680 safety/h_hard_min=4.79464 train/value_loss=12.6871 train/value_explained_variance=0.911547 train/approx_kl=0.00863582 train/clip_epsilon=0.2 train/actor_lr=0.0003 train/post_transition_steps=3940352 rollout/episode_return_std=nan train/grad_norm=0.410123
[V25 PPO] phase=1 rollout/transitions=5451776 safety/h_hard_min=4.85592 train/value_loss=11.2242 train/value_explained_variance=0.92133 train/approx_kl=0.00820002 train/clip_epsilon=0.2 train/actor_lr=0.0003 train/post_transition_steps=3944448 rollout/episode_return_std=nan train/grad_norm=1.08579
[V25 PPO] phase=1 rollout/transitions=5455872 safety/h_hard_min=4.82807 train/value_loss=12.2668 train/value_explained_variance=0.917515 train/approx_kl=0.00812524 train/clip_epsilon=0.2 train/actor_lr=0.0003 train/post_transition_steps=3948544 rollout/episode_return_std=nan train/grad_norm=1.11618
[V25 PPO] phase=1 rollout/transitions=5459968 safety/h_hard_min=4.84278 train/value_loss=10.2552 train/value_explained_variance=0.92971 train/approx_kl=0.00903394 train/clip_epsilon=0.2 train/actor_lr=0.0003 train/post_transition_steps=3952640 rollout/episode_return_std=nan train/grad_norm=0.579594
[V25 PPO] phase=1 rollout/transitions=5464064 safety/h_hard_min=4.80374 train/value_loss=11.1947 train/value_explained_variance=0.91316 train/approx_kl=0.00712004 train/clip_epsilon=0.2 train/actor_lr=0.0003 train/post_transition_steps=3956736 rollout/episode_return_std=nan train/grad_norm=0.627882
[V25 PPO] phase=1 rollout/transitions=5468160 safety/h_hard_min=4.83179 train/value_loss=12.626 train/value_explained_variance=0.912083 train/approx_kl=0.00897027 train/clip_epsilon=0.2 train/actor_lr=0.0003 train/post_transition_steps=3960832 rollout/episode_return_std=nan train/grad_norm=0.99399
[V25 PPO] phase=1 rollout/transitions=5472256 safety/h_hard_min=4.82493 train/value_loss=10.4702 train/value_explained_variance=0.92493 train/approx_kl=0.00882669 train/clip_epsilon=0.2 train/actor_lr=0.0003 train/post_transition_steps=3964928 rollout/episode_return_std=nan train/grad_norm=0.618156
[V25 PPO] phase=1 rollout/transitions=5476352 safety/h_hard_min=4.85574 train/value_loss=8.17136 train/value_explained_variance=0.937896 train/approx_kl=0.00776569 train/clip_epsilon=0.2 train/actor_lr=0.0003 train/post_transition_steps=3969024 rollout/episode_return_std=nan train/grad_norm=1.05969
[V25 PPO] phase=1 rollout/transitions=5480448 safety/h_hard_min=4.82984 train/value_loss=13.0466 train/value_explained_variance=0.90623 train/approx_kl=0.008182 train/clip_epsilon=0.2 train/actor_lr=0.0003 train/post_transition_steps=3973120 rollout/episode_return_std=nan train/grad_norm=0.719172
[V25 PPO] phase=1 rollout/transitions=5484544 safety/h_hard_min=4.81573 train/value_loss=12.41 train/value_explained_variance=0.916698 train/approx_kl=0.0086183 train/clip_epsilon=0.2 train/actor_lr=0.0003 train/post_transition_steps=3977216 rollout/episode_return_std=nan train/grad_norm=0.326509
[V25 PPO] phase=1 rollout/transitions=5488640 safety/h_hard_min=4.867 train/value_loss=9.39338 train/value_explained_variance=0.923484 train/approx_kl=0.00797478 train/clip_epsilon=0.2 train/actor_lr=0.0003 train/post_transition_steps=3981312 rollout/episode_return_std=nan train/grad_norm=1.51023
[V25 PPO] phase=1 rollout/transitions=5492736 safety/h_hard_min=4.84055 train/value_loss=11.1004 train/value_explained_variance=0.91481 train/approx_kl=0.0080332 train/clip_epsilon=0.2 train/actor_lr=0.0003 train/post_transition_steps=3985408 rollout/episode_return_std=nan train/grad_norm=0.403383
[V25 PPO] phase=1 rollout/transitions=5496832 safety/h_hard_min=4.84141 train/value_loss=11.129 train/value_explained_variance=0.913006 train/approx_kl=0.00732012 train/clip_epsilon=0.2 train/actor_lr=0.0003 train/post_transition_steps=3989504 rollout/episode_return_std=nan train/grad_norm=0.412409
[V25 PPO] phase=1 rollout/transitions=5500928 safety/h_hard_min=4.82004 train/value_loss=11.0822 train/value_explained_variance=0.911678 train/approx_kl=0.00681091 train/clip_epsilon=0.2 train/actor_lr=0.0003 train/post_transition_steps=3993600 rollout/episode_return_std=nan train/grad_norm=1.24827
[V25 PPO] phase=1 rollout/transitions=5505024 safety/h_hard_min=4.81797 train/value_loss=15.9196 train/value_explained_variance=0.903571 train/approx_kl=0.00862814 train/clip_epsilon=0.2 train/actor_lr=0.0003 train/post_transition_steps=3997696 rollout/episode_return_std=nan train/grad_norm=1.89212
[V25 PPO] phase=1 rollout/transitions=5509120 safety/h_hard_min=4.83933 train/value_loss=13.2022 train/value_explained_variance=0.909069 train/approx_kl=0.00904142 train/clip_epsilon=0.2 train/actor_lr=0.0003 train/post_transition_steps=4001792 rollout/episode_return_std=nan train/grad_norm=0.686371
[V25 PPO] phase=1 rollout/transitions=5513216 safety/h_hard_min=4.83265 train/value_loss=10.7066 train/value_explained_variance=0.916969 train/approx_kl=0.00790123 train/clip_epsilon=0.2 train/actor_lr=0.0003 train/post_transition_steps=4005888 rollout/episode_return_std=nan train/grad_norm=0.546282
[V25 PPO] phase=1 rollout/transitions=5517312 safety/h_hard_min=4.84858 train/value_loss=9.78144 train/value_explained_variance=0.928979 train/approx_kl=0.00797535 train/clip_epsilon=0.2 train/actor_lr=0.0003 train/post_transition_steps=4009984 rollout/episode_return_std=nan train/grad_norm=0.798609
[V25 PPO] phase=1 rollout/transitions=5521408 safety/h_hard_min=4.84979 train/value_loss=9.83359 train/value_explained_variance=0.925112 train/approx_kl=0.00797582 train/clip_epsilon=0.2 train/actor_lr=0.0003 train/post_transition_steps=4014080 rollout/episode_return_std=nan train/grad_norm=0.426427
[V25 PPO] phase=1 rollout/transitions=5525504 safety/h_hard_min=4.84287 train/value_loss=12.5675 train/value_explained_variance=0.913326 train/approx_kl=0.00878184 train/clip_epsilon=0.2 train/actor_lr=0.0003 train/post_transition_steps=4018176 rollout/episode_return_std=nan train/grad_norm=0.733883
[V25 PPO] phase=1 rollout/transitions=5529600 safety/h_hard_min=4.85764 train/value_loss=11.0846 train/value_explained_variance=0.914209 train/approx_kl=0.00795326 train/clip_epsilon=0.2 train/actor_lr=0.0003 train/post_transition_steps=4022272 rollout/episode_return_std=nan train/grad_norm=0.6542
[V25 PPO] phase=1 rollout/transitions=5533696 safety/h_hard_min=4.8728 train/value_loss=9.99926 train/value_explained_variance=0.920277 train/approx_kl=0.008159 train/clip_epsilon=0.2 train/actor_lr=0.0003 train/post_transition_steps=4026368 rollout/episode_return_std=nan train/grad_norm=1.01596
[V25 PPO] phase=1 rollout/transitions=5537792 safety/h_hard_min=4.81062 train/value_loss=11.3565 train/value_explained_variance=0.919381 train/approx_kl=0.00851863 train/clip_epsilon=0.2 train/actor_lr=0.0003 train/post_transition_steps=4030464 rollout/episode_return_std=nan train/grad_norm=1.24475
[V25 PPO] phase=1 rollout/transitions=5541888 safety/h_hard_min=4.8599 train/value_loss=9.59933 train/value_explained_variance=0.917438 train/approx_kl=0.00664424 train/clip_epsilon=0.2 train/actor_lr=0.0003 train/post_transition_steps=4034560 rollout/episode_return_std=nan train/grad_norm=0.477254
[V25 PPO] phase=1 rollout/transitions=5545984 safety/h_hard_min=4.8352 train/value_loss=10.4814 train/value_explained_variance=0.922741 train/approx_kl=0.00826501 train/clip_epsilon=0.2 train/actor_lr=0.0003 train/post_transition_steps=4038656 rollout/episode_return_std=nan train/grad_norm=0.949487
[V25 PPO] phase=1 rollout/transitions=5550080 safety/h_hard_min=4.81368 train/value_loss=12.0809 train/value_explained_variance=0.91532 train/approx_kl=0.00910673 train/clip_epsilon=0.2 train/actor_lr=0.0003 train/post_transition_steps=4042752 rollout/episode_return_std=nan train/grad_norm=0.566577
[V25 PPO] phase=1 rollout/transitions=5554176 safety/h_hard_min=4.88109 train/value_loss=11.4337 train/value_explained_variance=0.915368 train/approx_kl=0.00705543 train/clip_epsilon=0.2 train/actor_lr=0.0003 train/post_transition_steps=4046848 rollout/episode_return_std=nan train/grad_norm=0.439384
[V25 PPO] phase=1 rollout/transitions=5558272 safety/h_hard_min=4.80252 train/value_loss=12.552 train/value_explained_variance=0.918547 train/approx_kl=0.00866268 train/clip_epsilon=0.2 train/actor_lr=0.0003 train/post_transition_steps=4050944 rollout/episode_return_std=nan train/grad_norm=0.929287
[V25 PPO] phase=1 rollout/transitions=5562368 safety/h_hard_min=4.84018 train/value_loss=10.4078 train/value_explained_variance=0.921569 train/approx_kl=0.00771141 train/clip_epsilon=0.2 train/actor_lr=0.0003 train/post_transition_steps=4055040 rollout/episode_return_std=nan train/grad_norm=1.08047
[V25 PPO] phase=1 rollout/transitions=5566464 safety/h_hard_min=4.82541 train/value_loss=9.2252 train/value_explained_variance=0.927779 train/approx_kl=0.00724429 train/clip_epsilon=0.2 train/actor_lr=0.0003 train/post_transition_steps=4059136 rollout/episode_return_std=nan train/grad_norm=1.26399
[V25 PPO] phase=1 rollout/transitions=5570560 safety/h_hard_min=4.83966 train/value_loss=13.1231 train/value_explained_variance=0.909913 train/approx_kl=0.00841082 train/clip_epsilon=0.2 train/actor_lr=0.0003 train/post_transition_steps=4063232 rollout/episode_return_std=nan train/grad_norm=0.935703
[V25 PPO] phase=1 rollout/transitions=5574656 safety/h_hard_min=4.82001 train/value_loss=14.3816 train/value_explained_variance=0.900115 train/approx_kl=0.00842217 train/clip_epsilon=0.2 train/actor_lr=0.0003 train/post_transition_steps=4067328 rollout/episode_return_std=nan train/grad_norm=0.235091
[V25 PPO] phase=1 rollout/transitions=5578752 safety/h_hard_min=4.83755 train/value_loss=9.8352 train/value_explained_variance=0.919708 train/approx_kl=0.00727894 train/clip_epsilon=0.2 train/actor_lr=0.0003 train/post_transition_steps=4071424 rollout/episode_return_std=nan train/grad_norm=0.894769
[V25 PPO] phase=1 rollout/transitions=5582848 safety/h_hard_min=4.79235 train/value_loss=14.2759 train/value_explained_variance=0.909642 train/approx_kl=0.00724679 train/clip_epsilon=0.2 train/actor_lr=0.0003 train/post_transition_steps=4075520 rollout/episode_return_std=nan train/grad_norm=2.20817
[V25 PPO] phase=1 rollout/transitions=5586944 safety/h_hard_min=4.84428 train/value_loss=9.29982 train/value_explained_variance=0.927052 train/approx_kl=0.00891989 train/clip_epsilon=0.2 train/actor_lr=0.0003 train/post_transition_steps=4079616 rollout/episode_return_std=nan train/grad_norm=1.75628
[V25 PPO] phase=1 rollout/transitions=5591040 safety/h_hard_min=4.84044 train/value_loss=11.7085 train/value_explained_variance=0.925904 train/approx_kl=0.0064803 train/clip_epsilon=0.2 train/actor_lr=0.0003 train/post_transition_steps=4083712 rollout/episode_return_std=nan train/grad_norm=0.658387
[V25 PPO] phase=1 rollout/transitions=5595136 safety/h_hard_min=4.85208 train/value_loss=7.35878 train/value_explained_variance=0.961418 train/approx_kl=0.00704116 train/clip_epsilon=0.2 train/actor_lr=0.0003 train/post_transition_steps=4087808 rollout/episode_return_std=nan train/grad_norm=0.670833
[V25 PPO] phase=1 rollout/transitions=5599232 safety/h_hard_min=4.75668 train/value_loss=7.44057 train/value_explained_variance=0.950141 train/approx_kl=0.00632933 train/clip_epsilon=0.2 train/actor_lr=0.0003 train/post_transition_steps=4091904 rollout/episode_return_std=nan train/grad_norm=0.594368
[V25 PPO] phase=1 rollout/transitions=5603328 safety/h_hard_min=4.88951 train/value_loss=6.05565 train/value_explained_variance=0.956923 train/approx_kl=0.0065299 train/clip_epsilon=0.2 train/actor_lr=0.0003 train/post_transition_steps=4096000 rollout/episode_return_std=nan train/grad_norm=1.95825
[V25 PPO] phase=1 rollout/transitions=5607424 safety/h_hard_min=4.8312 train/value_loss=6.04899 train/value_explained_variance=0.95261 train/approx_kl=0.00771687 train/clip_epsilon=0.2 train/actor_lr=0.0003 train/post_transition_steps=4100096 rollout/episode_return_std=nan train/grad_norm=2.65958
[V25 PPO] phase=1 rollout/transitions=5611520 safety/h_hard_min=4.81807 train/value_loss=6.30921 train/value_explained_variance=0.955792 train/approx_kl=0.00770137 train/clip_epsilon=0.2 train/actor_lr=0.0003 train/post_transition_steps=4104192 rollout/episode_return_std=nan train/grad_norm=1.61393
[V25 PPO] phase=1 rollout/transitions=5615616 safety/h_hard_min=4.82004 train/value_loss=6.30416 train/value_explained_variance=0.956385 train/approx_kl=0.00827593 train/clip_epsilon=0.2 train/actor_lr=0.0003 train/post_transition_steps=4108288 rollout/episode_return_std=nan train/grad_norm=0.246394
[V25 PPO] phase=1 rollout/transitions=5619712 safety/h_hard_min=4.84229 train/value_loss=5.99402 train/value_explained_variance=0.957689 train/approx_kl=0.0079743 train/clip_epsilon=0.2 train/actor_lr=0.0003 train/post_transition_steps=4112384 rollout/episode_return_std=nan train/grad_norm=0.300544
[V25 PPO] phase=1 rollout/transitions=5623808 safety/h_hard_min=4.82335 train/value_loss=7.11902 train/value_explained_variance=0.951596 train/approx_kl=0.00777758 train/clip_epsilon=0.2 train/actor_lr=0.0003 train/post_transition_steps=4116480 rollout/episode_return_std=nan train/grad_norm=0.1295
[V25 PPO] phase=1 rollout/transitions=5627904 safety/h_hard_min=4.84802 train/value_loss=8.99881 train/value_explained_variance=0.944277 train/approx_kl=0.00930105 train/clip_epsilon=0.2 train/actor_lr=0.0003 train/post_transition_steps=4120576 rollout/episode_return_std=nan train/grad_norm=0.52719
[V25 PPO] phase=1 rollout/transitions=5632000 safety/h_hard_min=4.83703 train/value_loss=6.29736 train/value_explained_variance=0.955192 train/approx_kl=0.00779804 train/clip_epsilon=0.2 train/actor_lr=0.0003 train/post_transition_steps=4124672 rollout/episode_return_std=nan train/grad_norm=0.460648
[V25 PPO] phase=1 rollout/transitions=5636096 safety/h_hard_min=4.84254 train/value_loss=4.70438 train/value_explained_variance=0.96284 train/approx_kl=0.00594413 train/clip_epsilon=0.2 train/actor_lr=0.0003 train/post_transition_steps=4128768 rollout/episode_return_std=nan train/grad_norm=0.271977
[V25 PPO] phase=1 rollout/transitions=5640192 safety/h_hard_min=4.84343 train/value_loss=5.77864 train/value_explained_variance=0.958916 train/approx_kl=0.00754544 train/clip_epsilon=0.2 train/actor_lr=0.0003 train/post_transition_steps=4132864 rollout/episode_return_std=nan train/grad_norm=0.321517
[V25 PPO] phase=1 rollout/transitions=5644288 safety/h_hard_min=4.85393 train/value_loss=9.06637 train/value_explained_variance=0.947119 train/approx_kl=0.00923697 train/clip_epsilon=0.2 train/actor_lr=0.0003 train/post_transition_steps=4136960 rollout/episode_return_std=nan train/grad_norm=0.586455
[V25 PPO] phase=1 rollout/transitions=5648384 safety/h_hard_min=4.84139 train/value_loss=7.1834 train/value_explained_variance=0.950461 train/approx_kl=0.00809962 train/clip_epsilon=0.2 train/actor_lr=0.0003 train/post_transition_steps=4141056 rollout/episode_return_std=nan train/grad_norm=0.314882
[V25 PPO] phase=1 rollout/transitions=5652480 safety/h_hard_min=4.82803 train/value_loss=5.93607 train/value_explained_variance=0.962111 train/approx_kl=0.00962542 train/clip_epsilon=0.2 train/actor_lr=0.0003 train/post_transition_steps=4145152 rollout/episode_return_std=nan train/grad_norm=0.205461
[V25 PPO] phase=1 rollout/transitions=5656576 safety/h_hard_min=4.86702 train/value_loss=7.62002 train/value_explained_variance=0.950556 train/approx_kl=0.00885882 train/clip_epsilon=0.2 train/actor_lr=0.0003 train/post_transition_steps=4149248 rollout/episode_return_std=nan train/grad_norm=1.00264
[V25 PPO] phase=1 rollout/transitions=5660672 safety/h_hard_min=4.82826 train/value_loss=7.61066 train/value_explained_variance=0.951869 train/approx_kl=0.00763001 train/clip_epsilon=0.2 train/actor_lr=0.0003 train/post_transition_steps=4153344 rollout/episode_return_std=nan train/grad_norm=0.240673
[V25 PPO] phase=1 rollout/transitions=5664768 safety/h_hard_min=4.86234 train/value_loss=6.35577 train/value_explained_variance=0.952372 train/approx_kl=0.00745974 train/clip_epsilon=0.2 train/actor_lr=0.0003 train/post_transition_steps=4157440 rollout/episode_return_std=nan train/grad_norm=0.436455
[V25 PPO] phase=1 rollout/transitions=5668864 safety/h_hard_min=4.86789 train/value_loss=7.63012 train/value_explained_variance=0.948646 train/approx_kl=0.00866272 train/clip_epsilon=0.2 train/actor_lr=0.0003 train/post_transition_steps=4161536 rollout/episode_return_std=nan train/grad_norm=0.212302
[V25 PPO] phase=1 rollout/transitions=5672960 safety/h_hard_min=4.87439 train/value_loss=6.09601 train/value_explained_variance=0.959042 train/approx_kl=0.00683147 train/clip_epsilon=0.2 train/actor_lr=0.0003 train/post_transition_steps=4165632 rollout/episode_return_std=nan train/grad_norm=0.465708
[V25 PPO] phase=1 rollout/transitions=5677056 safety/h_hard_min=4.85152 train/value_loss=8.80898 train/value_explained_variance=0.944131 train/approx_kl=0.00794143 train/clip_epsilon=0.2 train/actor_lr=0.0003 train/post_transition_steps=4169728 rollout/episode_return_std=nan train/grad_norm=0.290894
[V25 PPO] phase=1 rollout/transitions=5681152 safety/h_hard_min=4.84721 train/value_loss=7.03055 train/value_explained_variance=0.954549 train/approx_kl=0.00785873 train/clip_epsilon=0.2 train/actor_lr=0.0003 train/post_transition_steps=4173824 rollout/episode_return_std=nan train/grad_norm=0.432748
[V25 PPO] phase=1 rollout/transitions=5685248 safety/h_hard_min=4.83921 train/value_loss=6.39294 train/value_explained_variance=0.954428 train/approx_kl=0.00856127 train/clip_epsilon=0.2 train/actor_lr=0.0003 train/post_transition_steps=4177920 rollout/episode_return_std=nan train/grad_norm=0.248046
[V25 PPO] phase=1 rollout/transitions=5689344 safety/h_hard_min=4.85157 train/value_loss=5.98065 train/value_explained_variance=0.958259 train/approx_kl=0.00868284 train/clip_epsilon=0.2 train/actor_lr=0.0003 train/post_transition_steps=4182016 rollout/episode_return_std=nan train/grad_norm=0.942412
[V25 PPO] phase=1 rollout/transitions=5693440 safety/h_hard_min=4.82693 train/value_loss=7.60667 train/value_explained_variance=0.949322 train/approx_kl=0.0079401 train/clip_epsilon=0.2 train/actor_lr=0.0003 train/post_transition_steps=4186112 rollout/episode_return_std=nan train/grad_norm=0.414995
[V25 PPO] phase=1 rollout/transitions=5697536 safety/h_hard_min=4.85349 train/value_loss=6.00484 train/value_explained_variance=0.95415 train/approx_kl=0.00711325 train/clip_epsilon=0.2 train/actor_lr=0.0003 train/post_transition_steps=4190208 rollout/episode_return_std=nan train/grad_norm=0.213945
[V25 PPO] phase=1 rollout/transitions=5701632 safety/h_hard_min=4.8351 train/value_loss=7.50628 train/value_explained_variance=0.950018 train/approx_kl=0.00955434 train/clip_epsilon=0.2 train/actor_lr=0.0003 train/post_transition_steps=4194304 rollout/episode_return_std=nan train/grad_norm=0.0694465
[V25 PPO] phase=1 rollout/transitions=5705728 safety/h_hard_min=4.83578 train/value_loss=8.16771 train/value_explained_variance=0.948628 train/approx_kl=0.00836729 train/clip_epsilon=0.2 train/actor_lr=0.0003 train/post_transition_steps=4198400 rollout/episode_return_std=nan train/grad_norm=0.229056
[V25 PPO] phase=1 rollout/transitions=5709824 safety/h_hard_min=4.85307 train/value_loss=6.06179 train/value_explained_variance=0.955949 train/approx_kl=0.00707917 train/clip_epsilon=0.2 train/actor_lr=0.0003 train/post_transition_steps=4202496 rollout/episode_return_std=nan train/grad_norm=0.319145
[V25 PPO] phase=1 rollout/transitions=5713920 safety/h_hard_min=4.84779 train/value_loss=7.76126 train/value_explained_variance=0.951103 train/approx_kl=0.00905278 train/clip_epsilon=0.2 train/actor_lr=0.0003 train/post_transition_steps=4206592 rollout/episode_return_std=nan train/grad_norm=0.538051
[V25 PPO] phase=1 rollout/transitions=5718016 safety/h_hard_min=4.8528 train/value_loss=7.06262 train/value_explained_variance=0.949546 train/approx_kl=0.00789399 train/clip_epsilon=0.2 train/actor_lr=0.0003 train/post_transition_steps=4210688 rollout/episode_return_std=nan train/grad_norm=0.357844
[V25 PPO] phase=1 rollout/transitions=5722112 safety/h_hard_min=4.85367 train/value_loss=6.61883 train/value_explained_variance=0.955525 train/approx_kl=0.00849597 train/clip_epsilon=0.2 train/actor_lr=0.0003 train/post_transition_steps=4214784 rollout/episode_return_std=nan train/grad_norm=0.27393
[V25 PPO] phase=1 rollout/transitions=5726208 safety/h_hard_min=4.85343 train/value_loss=6.7292 train/value_explained_variance=0.951956 train/approx_kl=0.00748698 train/clip_epsilon=0.2 train/actor_lr=0.0003 train/post_transition_steps=4218880 rollout/episode_return_std=nan train/grad_norm=0.219222
[V25 PPO] phase=1 rollout/transitions=5730304 safety/h_hard_min=4.85078 train/value_loss=6.814 train/value_explained_variance=0.950044 train/approx_kl=0.00751897 train/clip_epsilon=0.2 train/actor_lr=0.0003 train/post_transition_steps=4222976 rollout/episode_return_std=nan train/grad_norm=1.76132
[V25 PPO] phase=1 rollout/transitions=5734400 safety/h_hard_min=4.85677 train/value_loss=6.68871 train/value_explained_variance=0.953229 train/approx_kl=0.00749814 train/clip_epsilon=0.2 train/actor_lr=0.0003 train/post_transition_steps=4227072 rollout/episode_return_std=nan train/grad_norm=1.33149
[V25 PPO] phase=1 rollout/transitions=5738496 safety/h_hard_min=4.83185 train/value_loss=6.70991 train/value_explained_variance=0.955311 train/approx_kl=0.00862395 train/clip_epsilon=0.2 train/actor_lr=0.0003 train/post_transition_steps=4231168 rollout/episode_return_std=nan train/grad_norm=0.574117
[V25 PPO] phase=1 rollout/transitions=5742592 safety/h_hard_min=4.84455 train/value_loss=5.76913 train/value_explained_variance=0.9539 train/approx_kl=0.00769825 train/clip_epsilon=0.2 train/actor_lr=0.0003 train/post_transition_steps=4235264 rollout/episode_return_std=nan train/grad_norm=0.583798
[V25 PPO] phase=1 rollout/transitions=5746688 safety/h_hard_min=4.85387 train/value_loss=6.22879 train/value_explained_variance=0.950736 train/approx_kl=0.00653288 train/clip_epsilon=0.2 train/actor_lr=0.0003 train/post_transition_steps=4239360 rollout/episode_return_std=nan train/grad_norm=0.712152
[V25 PPO] phase=1 rollout/transitions=5750784 safety/h_hard_min=4.86797 train/value_loss=5.37598 train/value_explained_variance=0.960076 train/approx_kl=0.00760066 train/clip_epsilon=0.2 train/actor_lr=0.0003 train/post_transition_steps=4243456 rollout/episode_return_std=nan train/grad_norm=0.586615
[V25 PPO] phase=1 rollout/transitions=5754880 safety/h_hard_min=4.85119 train/value_loss=7.70135 train/value_explained_variance=0.951005 train/approx_kl=0.00857483 train/clip_epsilon=0.2 train/actor_lr=0.0003 train/post_transition_steps=4247552 rollout/episode_return_std=nan train/grad_norm=0.446606
[V25 PPO] phase=1 rollout/transitions=5758976 safety/h_hard_min=4.85048 train/value_loss=7.1006 train/value_explained_variance=0.950622 train/approx_kl=0.00744579 train/clip_epsilon=0.2 train/actor_lr=0.0003 train/post_transition_steps=4251648 rollout/episode_return_std=nan train/grad_norm=0.300039
[V25 PPO] phase=1 rollout/transitions=5763072 safety/h_hard_min=4.84827 train/value_loss=6.49751 train/value_explained_variance=0.953165 train/approx_kl=0.00814057 train/clip_epsilon=0.2 train/actor_lr=0.0003 train/post_transition_steps=4255744 rollout/episode_return_std=nan train/grad_norm=1.16186
[V25 PPO] phase=1 rollout/transitions=5767168 safety/h_hard_min=4.87725 train/value_loss=7.64546 train/value_explained_variance=0.951411 train/approx_kl=0.00874211 train/clip_epsilon=0.2 train/actor_lr=0.0003 train/post_transition_steps=4259840 rollout/episode_return_std=nan train/grad_norm=2.19186
[V25 PPO] phase=1 rollout/transitions=5771264 safety/h_hard_min=4.84515 train/value_loss=7.77332 train/value_explained_variance=0.943769 train/approx_kl=0.00701838 train/clip_epsilon=0.2 train/actor_lr=0.0003 train/post_transition_steps=4263936 rollout/episode_return_std=nan train/grad_norm=0.272202
[V25 PPO] phase=1 rollout/transitions=5775360 safety/h_hard_min=4.87861 train/value_loss=6.56581 train/value_explained_variance=0.951136 train/approx_kl=0.00699222 train/clip_epsilon=0.2 train/actor_lr=0.0003 train/post_transition_steps=4268032 rollout/episode_return_std=nan train/grad_norm=1.17609
[V25 PPO] phase=1 rollout/transitions=5779456 safety/h_hard_min=4.83968 train/value_loss=7.6369 train/value_explained_variance=0.955002 train/approx_kl=0.00926052 train/clip_epsilon=0.2 train/actor_lr=0.0003 train/post_transition_steps=4272128 rollout/episode_return_std=nan train/grad_norm=1.19247
[V25 PPO] phase=1 rollout/transitions=5783552 safety/h_hard_min=4.83672 train/value_loss=6.52621 train/value_explained_variance=0.954543 train/approx_kl=0.00754109 train/clip_epsilon=0.2 train/actor_lr=0.0003 train/post_transition_steps=4276224 rollout/episode_return_std=nan train/grad_norm=0.476415
[V25 PPO] phase=1 rollout/transitions=5787648 safety/h_hard_min=4.81512 train/value_loss=6.60868 train/value_explained_variance=0.949901 train/approx_kl=0.00807369 train/clip_epsilon=0.2 train/actor_lr=0.0003 train/post_transition_steps=4280320 rollout/episode_return_std=nan train/grad_norm=0.579435
[V25 PPO] phase=1 rollout/transitions=5791744 safety/h_hard_min=4.82676 train/value_loss=7.91403 train/value_explained_variance=0.94895 train/approx_kl=0.00854911 train/clip_epsilon=0.2 train/actor_lr=0.0003 train/post_transition_steps=4284416 rollout/episode_return_std=nan train/grad_norm=0.655839
[V25 PPO] phase=1 rollout/transitions=5795840 safety/h_hard_min=4.84893 train/value_loss=7.7607 train/value_explained_variance=0.947076 train/approx_kl=0.00925937 train/clip_epsilon=0.2 train/actor_lr=0.0003 train/post_transition_steps=4288512 rollout/episode_return_std=nan train/grad_norm=0.353142
[V25 PPO] phase=1 rollout/transitions=5799936 safety/h_hard_min=4.84602 train/value_loss=8.1968 train/value_explained_variance=0.947859 train/approx_kl=0.00841921 train/clip_epsilon=0.2 train/actor_lr=0.0003 train/post_transition_steps=4292608 rollout/episode_return_std=nan train/grad_norm=1.12201
[V25 PPO] phase=1 rollout/transitions=5804032 safety/h_hard_min=4.84623 train/value_loss=6.83928 train/value_explained_variance=0.953037 train/approx_kl=0.00859376 train/clip_epsilon=0.2 train/actor_lr=0.0003 train/post_transition_steps=4296704 rollout/episode_return_std=nan train/grad_norm=0.0987488
[V25 PPO] phase=1 rollout/transitions=5808128 safety/h_hard_min=4.85944 train/value_loss=7.74784 train/value_explained_variance=0.948038 train/approx_kl=0.00832741 train/clip_epsilon=0.2 train/actor_lr=0.0003 train/post_transition_steps=4300800 rollout/episode_return_std=nan train/grad_norm=0.620448
[V25 PPO] phase=1 rollout/transitions=5812224 safety/h_hard_min=4.84905 train/value_loss=7.8376 train/value_explained_variance=0.945622 train/approx_kl=0.00774712 train/clip_epsilon=0.2 train/actor_lr=0.0003 train/post_transition_steps=4304896 rollout/episode_return_std=nan train/grad_norm=0.675815
[V25 PPO] phase=1 rollout/transitions=5816320 safety/h_hard_min=4.87099 train/value_loss=6.11183 train/value_explained_variance=0.953061 train/approx_kl=0.00687857 train/clip_epsilon=0.2 train/actor_lr=0.0003 train/post_transition_steps=4308992 rollout/episode_return_std=nan train/grad_norm=0.277396
[V25 PPO] phase=1 rollout/transitions=5820416 safety/h_hard_min=4.84332 train/value_loss=9.1516 train/value_explained_variance=0.943506 train/approx_kl=0.00984052 train/clip_epsilon=0.2 train/actor_lr=0.0003 train/post_transition_steps=4313088 rollout/episode_return_std=nan train/grad_norm=0.65227
[V25 PPO] phase=1 rollout/transitions=5824512 safety/h_hard_min=4.83993 train/value_loss=9.27501 train/value_explained_variance=0.938181 train/approx_kl=0.00807686 train/clip_epsilon=0.2 train/actor_lr=0.0003 train/post_transition_steps=4317184 rollout/episode_return_std=nan train/grad_norm=0.410885
[V25 PPO] phase=1 rollout/transitions=5828608 safety/h_hard_min=4.8441 train/value_loss=7.6005 train/value_explained_variance=0.950822 train/approx_kl=0.00820517 train/clip_epsilon=0.2 train/actor_lr=0.0003 train/post_transition_steps=4321280 rollout/episode_return_std=nan train/grad_norm=0.719041
[V25 PPO] phase=1 rollout/transitions=5832704 safety/h_hard_min=4.83178 train/value_loss=8.61646 train/value_explained_variance=0.945703 train/approx_kl=0.0089017 train/clip_epsilon=0.2 train/actor_lr=0.0003 train/post_transition_steps=4325376 rollout/episode_return_std=nan train/grad_norm=0.185184
[V25 PPO] phase=1 rollout/transitions=5836800 safety/h_hard_min=4.84488 train/value_loss=8.94756 train/value_explained_variance=0.948809 train/approx_kl=0.0090673 train/clip_epsilon=0.2 train/actor_lr=0.0003 train/post_transition_steps=4329472 rollout/episode_return_std=nan train/grad_norm=0.825016
[V25 PPO] phase=1 rollout/transitions=5840896 safety/h_hard_min=4.8443 train/value_loss=5.72919 train/value_explained_variance=0.957334 train/approx_kl=0.00700072 train/clip_epsilon=0.2 train/actor_lr=0.0003 train/post_transition_steps=4333568 rollout/episode_return_std=nan train/grad_norm=0.357831
[V25 PPO] phase=1 rollout/transitions=5844992 safety/h_hard_min=4.83946 train/value_loss=5.80438 train/value_explained_variance=0.953649 train/approx_kl=0.00770491 train/clip_epsilon=0.2 train/actor_lr=0.0003 train/post_transition_steps=4337664 rollout/episode_return_std=nan train/grad_norm=0.524194
[V25 PPO] phase=1 rollout/transitions=5849088 safety/h_hard_min=4.82618 train/value_loss=9.43746 train/value_explained_variance=0.939514 train/approx_kl=0.00792826 train/clip_epsilon=0.2 train/actor_lr=0.0003 train/post_transition_steps=4341760 rollout/episode_return_std=nan train/grad_norm=0.356579
[V25 PPO] phase=1 rollout/transitions=5853184 safety/h_hard_min=4.85434 train/value_loss=9.191 train/value_explained_variance=0.941208 train/approx_kl=0.00854783 train/clip_epsilon=0.2 train/actor_lr=0.0003 train/post_transition_steps=4345856 rollout/episode_return_std=nan train/grad_norm=1.52092
[V25 PPO] phase=1 rollout/transitions=5857280 safety/h_hard_min=4.8564 train/value_loss=8.52109 train/value_explained_variance=0.942948 train/approx_kl=0.00858134 train/clip_epsilon=0.2 train/actor_lr=0.0003 train/post_transition_steps=4349952 rollout/episode_return_std=nan train/grad_norm=0.60197
[V25 PPO] phase=1 rollout/transitions=5861376 safety/h_hard_min=4.87028 train/value_loss=7.63988 train/value_explained_variance=0.948552 train/approx_kl=0.00856022 train/clip_epsilon=0.2 train/actor_lr=0.0003 train/post_transition_steps=4354048 rollout/episode_return_std=nan train/grad_norm=0.690746
[V25 PPO] phase=1 rollout/transitions=5865472 safety/h_hard_min=4.83556 train/value_loss=7.73963 train/value_explained_variance=0.953371 train/approx_kl=0.00948334 train/clip_epsilon=0.2 train/actor_lr=0.0003 train/post_transition_steps=4358144 rollout/episode_return_std=nan train/grad_norm=1.39772
[V25 PPO] phase=1 rollout/transitions=5869568 safety/h_hard_min=4.85296 train/value_loss=8.11423 train/value_explained_variance=0.944037 train/approx_kl=0.00779488 train/clip_epsilon=0.2 train/actor_lr=0.0003 train/post_transition_steps=4362240 rollout/episode_return_std=nan train/grad_norm=0.414922
[V25 PPO] phase=1 rollout/transitions=5873664 safety/h_hard_min=4.83072 train/value_loss=5.98946 train/value_explained_variance=0.952119 train/approx_kl=0.00629931 train/clip_epsilon=0.2 train/actor_lr=0.0003 train/post_transition_steps=4366336 rollout/episode_return_std=nan train/grad_norm=0.43167
[V25 PPO] phase=1 rollout/transitions=5877760 safety/h_hard_min=4.86179 train/value_loss=8.39875 train/value_explained_variance=0.942905 train/approx_kl=0.00976323 train/clip_epsilon=0.2 train/actor_lr=0.0003 train/post_transition_steps=4370432 rollout/episode_return_std=nan train/grad_norm=0.544761
[V25 PPO] phase=1 rollout/transitions=5881856 safety/h_hard_min=4.83628 train/value_loss=8.45549 train/value_explained_variance=0.940026 train/approx_kl=0.00757086 train/clip_epsilon=0.2 train/actor_lr=0.0003 train/post_transition_steps=4374528 rollout/episode_return_std=nan train/grad_norm=1.18223
[V25 PPO] phase=1 rollout/transitions=5885952 safety/h_hard_min=4.83134 train/value_loss=5.8387 train/value_explained_variance=0.953852 train/approx_kl=0.00601028 train/clip_epsilon=0.2 train/actor_lr=0.0003 train/post_transition_steps=4378624 rollout/episode_return_std=nan train/grad_norm=1.16524
[V25 PPO] phase=1 rollout/transitions=5890048 safety/h_hard_min=4.84648 train/value_loss=8.49913 train/value_explained_variance=0.940489 train/approx_kl=0.00814285 train/clip_epsilon=0.2 train/actor_lr=0.0003 train/post_transition_steps=4382720 rollout/episode_return_std=nan train/grad_norm=0.704499
[V25 PPO] phase=1 rollout/transitions=5894144 safety/h_hard_min=4.85195 train/value_loss=9.52695 train/value_explained_variance=0.939372 train/approx_kl=0.00873966 train/clip_epsilon=0.2 train/actor_lr=0.0003 train/post_transition_steps=4386816 rollout/episode_return_std=nan train/grad_norm=0.301754
[V25 PPO] phase=1 rollout/transitions=5898240 safety/h_hard_min=4.8705 train/value_loss=7.2487 train/value_explained_variance=0.944003 train/approx_kl=0.00812941 train/clip_epsilon=0.2 train/actor_lr=0.0003 train/post_transition_steps=4390912 rollout/episode_return_std=nan train/grad_norm=0.33753
[V25 PPO] phase=1 rollout/transitions=5902336 safety/h_hard_min=4.85574 train/value_loss=8.74101 train/value_explained_variance=0.942922 train/approx_kl=0.00902439 train/clip_epsilon=0.2 train/actor_lr=0.0003 train/post_transition_steps=4395008 rollout/episode_return_std=nan train/grad_norm=0.313562
[V25 PPO] phase=1 rollout/transitions=5906432 safety/h_hard_min=4.83418 train/value_loss=10.1965 train/value_explained_variance=0.935201 train/approx_kl=0.00837772 train/clip_epsilon=0.2 train/actor_lr=0.0003 train/post_transition_steps=4399104 rollout/episode_return_std=nan train/grad_norm=0.394388
[V25 PPO] phase=1 rollout/transitions=5910528 safety/h_hard_min=4.82639 train/value_loss=9.90477 train/value_explained_variance=0.942347 train/approx_kl=0.0074214 train/clip_epsilon=0.2 train/actor_lr=0.0003 train/post_transition_steps=4403200 rollout/episode_return_std=nan train/grad_norm=0.842141
[V25 PPO] phase=1 rollout/transitions=5914624 safety/h_hard_min=4.84356 train/value_loss=10.3357 train/value_explained_variance=0.933806 train/approx_kl=0.010971 train/clip_epsilon=0.2 train/actor_lr=0.0003 train/post_transition_steps=4407296 rollout/episode_return_std=nan train/grad_norm=0.680627
[V25 PPO] phase=1 rollout/transitions=5918720 safety/h_hard_min=4.8355 train/value_loss=7.38595 train/value_explained_variance=0.94979 train/approx_kl=0.00907622 train/clip_epsilon=0.2 train/actor_lr=0.0003 train/post_transition_steps=4411392 rollout/episode_return_std=nan train/grad_norm=0.327099
[V25 PPO] phase=1 rollout/transitions=5922816 safety/h_hard_min=4.86165 train/value_loss=8.75723 train/value_explained_variance=0.940481 train/approx_kl=0.00738777 train/clip_epsilon=0.2 train/actor_lr=0.0003 train/post_transition_steps=4415488 rollout/episode_return_std=nan train/grad_norm=0.353446
[V25 PPO] phase=1 rollout/transitions=5926912 safety/h_hard_min=4.84864 train/value_loss=8.93595 train/value_explained_variance=0.943344 train/approx_kl=0.00889058 train/clip_epsilon=0.2 train/actor_lr=0.0003 train/post_transition_steps=4419584 rollout/episode_return_std=nan train/grad_norm=0.261488
[V25 PPO] phase=1 rollout/transitions=5931008 safety/h_hard_min=4.8419 train/value_loss=8.9226 train/value_explained_variance=0.941499 train/approx_kl=0.00913868 train/clip_epsilon=0.2 train/actor_lr=0.0003 train/post_transition_steps=4423680 rollout/episode_return_std=nan train/grad_norm=1.35391
[V25 PPO] phase=1 rollout/transitions=5935104 safety/h_hard_min=4.83788 train/value_loss=11.8281 train/value_explained_variance=0.929541 train/approx_kl=0.00979644 train/clip_epsilon=0.2 train/actor_lr=0.0003 train/post_transition_steps=4427776 rollout/episode_return_std=nan train/grad_norm=0.914669
[V25 PPO] phase=1 rollout/transitions=5939200 safety/h_hard_min=4.87855 train/value_loss=9.40388 train/value_explained_variance=0.939048 train/approx_kl=0.00948842 train/clip_epsilon=0.2 train/actor_lr=0.0003 train/post_transition_steps=4431872 rollout/episode_return_std=nan train/grad_norm=0.990779
[V25 PPO] phase=1 rollout/transitions=5943296 safety/h_hard_min=4.84437 train/value_loss=8.23065 train/value_explained_variance=0.944932 train/approx_kl=0.00734878 train/clip_epsilon=0.2 train/actor_lr=0.0003 train/post_transition_steps=4435968 rollout/episode_return_std=nan train/grad_norm=0.989322
[V25 PPO] phase=1 rollout/transitions=5947392 safety/h_hard_min=4.82979 train/value_loss=10.0176 train/value_explained_variance=0.938091 train/approx_kl=0.00866598 train/clip_epsilon=0.2 train/actor_lr=0.0003 train/post_transition_steps=4440064 rollout/episode_return_std=nan train/grad_norm=0.674135
[V25 PPO] phase=1 rollout/transitions=5951488 safety/h_hard_min=4.78329 train/value_loss=7.93459 train/value_explained_variance=0.94281 train/approx_kl=0.0078215 train/clip_epsilon=0.2 train/actor_lr=0.0003 train/post_transition_steps=4444160 rollout/episode_return_std=nan train/grad_norm=0.616853
[V25 PPO] phase=1 rollout/transitions=5955584 safety/h_hard_min=4.847 train/value_loss=7.05809 train/value_explained_variance=0.945493 train/approx_kl=0.00819577 train/clip_epsilon=0.2 train/actor_lr=0.0003 train/post_transition_steps=4448256 rollout/episode_return_std=nan train/grad_norm=3.08551
[V25 PPO] phase=1 rollout/transitions=5959680 safety/h_hard_min=4.85913 train/value_loss=10.1086 train/value_explained_variance=0.934504 train/approx_kl=0.00800206 train/clip_epsilon=0.2 train/actor_lr=0.0003 train/post_transition_steps=4452352 rollout/episode_return_std=nan train/grad_norm=0.825576
[V25 PPO] phase=1 rollout/transitions=5963776 safety/h_hard_min=4.83482 train/value_loss=8.95111 train/value_explained_variance=0.944896 train/approx_kl=0.00845826 train/clip_epsilon=0.2 train/actor_lr=0.0003 train/post_transition_steps=4456448 rollout/episode_return_std=nan train/grad_norm=1.08168
[V25 PPO] phase=1 rollout/transitions=5967872 safety/h_hard_min=4.82742 train/value_loss=9.80213 train/value_explained_variance=0.939183 train/approx_kl=0.00921461 train/clip_epsilon=0.2 train/actor_lr=0.0003 train/post_transition_steps=4460544 rollout/episode_return_std=nan train/grad_norm=0.633949
[V25 PPO] phase=1 rollout/transitions=5971968 safety/h_hard_min=4.8386 train/value_loss=9.50309 train/value_explained_variance=0.938936 train/approx_kl=0.0069508 train/clip_epsilon=0.2 train/actor_lr=0.0003 train/post_transition_steps=4464640 rollout/episode_return_std=nan train/grad_norm=1.37921
[V25 PPO] phase=1 rollout/transitions=5976064 safety/h_hard_min=4.828 train/value_loss=10.6998 train/value_explained_variance=0.929953 train/approx_kl=0.00924268 train/clip_epsilon=0.2 train/actor_lr=0.0003 train/post_transition_steps=4468736 rollout/episode_return_std=nan train/grad_norm=0.480958
[V25 PPO] phase=1 rollout/transitions=5980160 safety/h_hard_min=4.84473 train/value_loss=9.67789 train/value_explained_variance=0.934694 train/approx_kl=0.00716572 train/clip_epsilon=0.2 train/actor_lr=0.0003 train/post_transition_steps=4472832 rollout/episode_return_std=nan train/grad_norm=0.484229
[V25 PPO] phase=1 rollout/transitions=5984256 safety/h_hard_min=4.8525 train/value_loss=8.75515 train/value_explained_variance=0.935386 train/approx_kl=0.00747052 train/clip_epsilon=0.2 train/actor_lr=0.0003 train/post_transition_steps=4476928 rollout/episode_return_std=nan train/grad_norm=0.401695
[V25 PPO] phase=1 rollout/transitions=5988352 safety/h_hard_min=4.83016 train/value_loss=9.11278 train/value_explained_variance=0.941904 train/approx_kl=0.00750065 train/clip_epsilon=0.2 train/actor_lr=0.0003 train/post_transition_steps=4481024 rollout/episode_return_std=nan train/grad_norm=0.772003
[V25 PPO] phase=1 rollout/transitions=5992448 safety/h_hard_min=4.82645 train/value_loss=7.51315 train/value_explained_variance=0.941655 train/approx_kl=0.00817179 train/clip_epsilon=0.2 train/actor_lr=0.0003 train/post_transition_steps=4485120 rollout/episode_return_std=nan train/grad_norm=0.378194
[V25 PPO] phase=1 rollout/transitions=5996544 safety/h_hard_min=4.83304 train/value_loss=9.39756 train/value_explained_variance=0.93515 train/approx_kl=0.00760873 train/clip_epsilon=0.2 train/actor_lr=0.0003 train/post_transition_steps=4489216 rollout/episode_return_std=nan train/grad_norm=0.660057
[V25 PPO] phase=1 rollout/transitions=6000640 safety/h_hard_min=4.82377 train/value_loss=9.02883 train/value_explained_variance=0.941216 train/approx_kl=0.00842836 train/clip_epsilon=0.2 train/actor_lr=0.0003 train/post_transition_steps=4493312 rollout/episode_return_std=nan train/grad_norm=0.431721
[V25 PPO] phase=1 rollout/transitions=6004736 safety/h_hard_min=4.83326 train/value_loss=10.3694 train/value_explained_variance=0.934057 train/approx_kl=0.00943035 train/clip_epsilon=0.2 train/actor_lr=0.0003 train/post_transition_steps=4497408 rollout/episode_return_std=nan train/grad_norm=0.236738
[V25 PPO] phase=1 rollout/transitions=6008832 safety/h_hard_min=4.8318 train/value_loss=11.9417 train/value_explained_variance=0.929418 train/approx_kl=0.00913849 train/clip_epsilon=0.2 train/actor_lr=0.0003 train/post_transition_steps=4501504 rollout/episode_return_std=nan train/grad_norm=0.229927
[V25 PPO] phase=1 rollout/transitions=6012928 safety/h_hard_min=4.82194 train/value_loss=9.19038 train/value_explained_variance=0.939472 train/approx_kl=0.0082277 train/clip_epsilon=0.2 train/actor_lr=0.0003 train/post_transition_steps=4505600 rollout/episode_return_std=nan train/grad_norm=0.293946
[V25 PPO] phase=1 rollout/transitions=6017024 safety/h_hard_min=4.83172 train/value_loss=8.52025 train/value_explained_variance=0.936926 train/approx_kl=0.00850934 train/clip_epsilon=0.2 train/actor_lr=0.0003 train/post_transition_steps=4509696 rollout/episode_return_std=nan train/grad_norm=0.502484
[V25 PPO] phase=1 rollout/transitions=6021120 safety/h_hard_min=4.84034 train/value_loss=10.8801 train/value_explained_variance=0.931557 train/approx_kl=0.00813366 train/clip_epsilon=0.2 train/actor_lr=0.0003 train/post_transition_steps=4513792 rollout/episode_return_std=nan train/grad_norm=0.375277
[V25 PPO] phase=1 rollout/transitions=6025216 safety/h_hard_min=4.8603 train/value_loss=6.89312 train/value_explained_variance=0.948449 train/approx_kl=0.00732472 train/clip_epsilon=0.2 train/actor_lr=0.0003 train/post_transition_steps=4517888 rollout/episode_return_std=nan train/grad_norm=4.04803
[V25 PPO] phase=1 rollout/transitions=6029312 safety/h_hard_min=4.75839 train/value_loss=10.481 train/value_explained_variance=0.930758 train/approx_kl=0.00858056 train/clip_epsilon=0.2 train/actor_lr=0.0003 train/post_transition_steps=4521984 rollout/episode_return_std=nan train/grad_norm=1.21915
[V25 PPO] phase=1 rollout/transitions=6033408 safety/h_hard_min=4.8521 train/value_loss=11.9266 train/value_explained_variance=0.924802 train/approx_kl=0.010231 train/clip_epsilon=0.2 train/actor_lr=0.0003 train/post_transition_steps=4526080 rollout/episode_return_std=nan train/grad_norm=0.245984
[V25 PPO] phase=1 rollout/transitions=6037504 safety/h_hard_min=4.845 train/value_loss=11.7423 train/value_explained_variance=0.925335 train/approx_kl=0.0108665 train/clip_epsilon=0.2 train/actor_lr=0.0003 train/post_transition_steps=4530176 rollout/episode_return_std=nan train/grad_norm=0.263328
[V25 PPO] phase=1 rollout/transitions=6041600 safety/h_hard_min=4.82012 train/value_loss=10.2014 train/value_explained_variance=0.932557 train/approx_kl=0.00856183 train/clip_epsilon=0.2 train/actor_lr=0.0003 train/post_transition_steps=4534272 rollout/episode_return_std=nan train/grad_norm=0.474852
[V25 PPO] phase=1 rollout/transitions=6045696 safety/h_hard_min=4.83446 train/value_loss=10.0478 train/value_explained_variance=0.925752 train/approx_kl=0.00746665 train/clip_epsilon=0.2 train/actor_lr=0.0003 train/post_transition_steps=4538368 rollout/episode_return_std=nan train/grad_norm=0.993442
[V25 PPO] phase=1 rollout/transitions=6049792 safety/h_hard_min=4.81472 train/value_loss=9.49664 train/value_explained_variance=0.92747 train/approx_kl=0.0068548 train/clip_epsilon=0.2 train/actor_lr=0.0003 train/post_transition_steps=4542464 rollout/episode_return_std=nan train/grad_norm=0.293046
[V25 PPO] phase=1 rollout/transitions=6053888 safety/h_hard_min=4.81853 train/value_loss=10.3897 train/value_explained_variance=0.924989 train/approx_kl=0.00808512 train/clip_epsilon=0.2 train/actor_lr=0.0003 train/post_transition_steps=4546560 rollout/episode_return_std=nan train/grad_norm=1.13119
[V25 PPO] phase=1 rollout/transitions=6057984 safety/h_hard_min=4.80352 train/value_loss=7.67612 train/value_explained_variance=0.94103 train/approx_kl=0.00929085 train/clip_epsilon=0.2 train/actor_lr=0.0003 train/post_transition_steps=4550656 rollout/episode_return_std=nan train/grad_norm=0.404145
[V25 PPO] phase=1 rollout/transitions=6062080 safety/h_hard_min=4.83162 train/value_loss=10.049 train/value_explained_variance=0.932504 train/approx_kl=0.00942121 train/clip_epsilon=0.2 train/actor_lr=0.0003 train/post_transition_steps=4554752 rollout/episode_return_std=nan train/grad_norm=1.07972
[V25 PPO] phase=1 rollout/transitions=6066176 safety/h_hard_min=4.84588 train/value_loss=10.4467 train/value_explained_variance=0.922806 train/approx_kl=0.00812744 train/clip_epsilon=0.2 train/actor_lr=0.0003 train/post_transition_steps=4558848 rollout/episode_return_std=nan train/grad_norm=0.63582
[V25 PPO] phase=1 rollout/transitions=6070272 safety/h_hard_min=4.81484 train/value_loss=9.3567 train/value_explained_variance=0.937001 train/approx_kl=0.00938108 train/clip_epsilon=0.2 train/actor_lr=0.0003 train/post_transition_steps=4562944 rollout/episode_return_std=nan train/grad_norm=1.15092
[V25 PPO] phase=1 rollout/transitions=6074368 safety/h_hard_min=4.82498 train/value_loss=9.76254 train/value_explained_variance=0.928985 train/approx_kl=0.00770513 train/clip_epsilon=0.2 train/actor_lr=0.0003 train/post_transition_steps=4567040 rollout/episode_return_std=nan train/grad_norm=0.584053
[V25 PPO] phase=1 rollout/transitions=6078464 safety/h_hard_min=4.81989 train/value_loss=9.05168 train/value_explained_variance=0.924998 train/approx_kl=0.00858586 train/clip_epsilon=0.2 train/actor_lr=0.0003 train/post_transition_steps=4571136 rollout/episode_return_std=nan train/grad_norm=0.949424
[V25 PPO] phase=1 rollout/transitions=6082560 safety/h_hard_min=4.83648 train/value_loss=11.7067 train/value_explained_variance=0.927689 train/approx_kl=0.00959454 train/clip_epsilon=0.2 train/actor_lr=0.0003 train/post_transition_steps=4575232 rollout/episode_return_std=nan train/grad_norm=0.189195
[V25 PPO] phase=1 rollout/transitions=6086656 safety/h_hard_min=4.82979 train/value_loss=10.4136 train/value_explained_variance=0.917824 train/approx_kl=0.00800843 train/clip_epsilon=0.2 train/actor_lr=0.0003 train/post_transition_steps=4579328 rollout/episode_return_std=nan train/grad_norm=0.276051
[V25 PPO] phase=1 rollout/transitions=6090752 safety/h_hard_min=4.82123 train/value_loss=10.3326 train/value_explained_variance=0.925516 train/approx_kl=0.00824004 train/clip_epsilon=0.2 train/actor_lr=0.0003 train/post_transition_steps=4583424 rollout/episode_return_std=nan train/grad_norm=0.124279
[V25 PPO] phase=1 rollout/transitions=6094848 safety/h_hard_min=4.83712 train/value_loss=9.78341 train/value_explained_variance=0.925633 train/approx_kl=0.00712991 train/clip_epsilon=0.2 train/actor_lr=0.0003 train/post_transition_steps=4587520 rollout/episode_return_std=nan train/grad_norm=0.356256
[V25 PPO] phase=1 rollout/transitions=6098944 safety/h_hard_min=4.81872 train/value_loss=9.28159 train/value_explained_variance=0.929433 train/approx_kl=0.00798164 train/clip_epsilon=0.2 train/actor_lr=0.0003 train/post_transition_steps=4591616 rollout/episode_return_std=nan train/grad_norm=0.396358
[V25 PPO] phase=1 rollout/transitions=6103040 safety/h_hard_min=4.80767 train/value_loss=9.4728 train/value_explained_variance=0.934215 train/approx_kl=0.00981892 train/clip_epsilon=0.2 train/actor_lr=0.0003 train/post_transition_steps=4595712 rollout/episode_return_std=nan train/grad_norm=1.09933
[V25 PPO] phase=1 rollout/transitions=6107136 safety/h_hard_min=4.82246 train/value_loss=12.2547 train/value_explained_variance=0.920803 train/approx_kl=0.0091162 train/clip_epsilon=0.2 train/actor_lr=0.0003 train/post_transition_steps=4599808 rollout/episode_return_std=nan train/grad_norm=0.49544
[V25 PPO] phase=1 rollout/transitions=6111232 safety/h_hard_min=4.81254 train/value_loss=11.3292 train/value_explained_variance=0.919906 train/approx_kl=0.00874148 train/clip_epsilon=0.2 train/actor_lr=0.0003 train/post_transition_steps=4603904 rollout/episode_return_std=nan train/grad_norm=0.285346
[V25 PPO] phase=1 rollout/transitions=6115328 safety/h_hard_min=4.83801 train/value_loss=9.05046 train/value_explained_variance=0.923182 train/approx_kl=0.00775506 train/clip_epsilon=0.2 train/actor_lr=0.0003 train/post_transition_steps=4608000 rollout/episode_return_std=nan train/grad_norm=1.51838
[V25 PPO] phase=1 rollout/transitions=6119424 safety/h_hard_min=4.83142 train/value_loss=13.8976 train/value_explained_variance=0.914176 train/approx_kl=0.0091199 train/clip_epsilon=0.2 train/actor_lr=0.0003 train/post_transition_steps=4612096 rollout/episode_return_std=nan train/grad_norm=0.408649
[V25 PPO] phase=1 rollout/transitions=6123520 safety/h_hard_min=4.81929 train/value_loss=9.24653 train/value_explained_variance=0.929552 train/approx_kl=0.00762945 train/clip_epsilon=0.2 train/actor_lr=0.0003 train/post_transition_steps=4616192 rollout/episode_return_std=nan train/grad_norm=0.755427
[V25 PPO] phase=1 rollout/transitions=6127616 safety/h_hard_min=4.83126 train/value_loss=13.0773 train/value_explained_variance=0.909105 train/approx_kl=0.00850562 train/clip_epsilon=0.2 train/actor_lr=0.0003 train/post_transition_steps=4620288 rollout/episode_return_std=nan train/grad_norm=0.239389
[V25 PPO] phase=1 rollout/transitions=6131712 safety/h_hard_min=4.8347 train/value_loss=10.6311 train/value_explained_variance=0.924984 train/approx_kl=0.00921193 train/clip_epsilon=0.2 train/actor_lr=0.0003 train/post_transition_steps=4624384 rollout/episode_return_std=nan train/grad_norm=0.437811
[V25 PPO] phase=1 rollout/transitions=6135808 safety/h_hard_min=4.8159 train/value_loss=11.1977 train/value_explained_variance=0.918103 train/approx_kl=0.00906578 train/clip_epsilon=0.2 train/actor_lr=0.0003 train/post_transition_steps=4628480 rollout/episode_return_std=nan train/grad_norm=0.38578
[V25 PPO] phase=1 rollout/transitions=6139904 safety/h_hard_min=4.85822 train/value_loss=11.0813 train/value_explained_variance=0.925645 train/approx_kl=0.00889385 train/clip_epsilon=0.2 train/actor_lr=0.0003 train/post_transition_steps=4632576 rollout/episode_return_std=nan train/grad_norm=0.202391
[V25 PPO] phase=1 rollout/transitions=6144000 safety/h_hard_min=4.82262 train/value_loss=10.6804 train/value_explained_variance=0.925118 train/approx_kl=0.0080531 train/clip_epsilon=0.2 train/actor_lr=0.0003 train/post_transition_steps=4636672 rollout/episode_return_std=nan train/grad_norm=0.47111
[V25 PPO] phase=1 rollout/transitions=6148096 safety/h_hard_min=4.82053 train/value_loss=9.58621 train/value_explained_variance=0.927454 train/approx_kl=0.00807498 train/clip_epsilon=0.2 train/actor_lr=0.0003 train/post_transition_steps=4640768 rollout/episode_return_std=nan train/grad_norm=0.589236
[V25 PPO] phase=1 rollout/transitions=6152192 safety/h_hard_min=4.83713 train/value_loss=14.497 train/value_explained_variance=0.908356 train/approx_kl=0.00945577 train/clip_epsilon=0.2 train/actor_lr=0.0003 train/post_transition_steps=4644864 rollout/episode_return_std=nan train/grad_norm=0.424879
[V25 PPO] phase=1 rollout/transitions=6156288 safety/h_hard_min=4.83105 train/value_loss=9.49064 train/value_explained_variance=0.925646 train/approx_kl=0.00750209 train/clip_epsilon=0.2 train/actor_lr=0.0003 train/post_transition_steps=4648960 rollout/episode_return_std=nan train/grad_norm=0.661103
[V25 PPO] phase=1 rollout/transitions=6160384 safety/h_hard_min=4.83309 train/value_loss=10.9135 train/value_explained_variance=0.920053 train/approx_kl=0.00936031 train/clip_epsilon=0.2 train/actor_lr=0.0003 train/post_transition_steps=4653056 rollout/episode_return_std=nan train/grad_norm=0.556826
[V25 PPO] phase=1 rollout/transitions=6164480 safety/h_hard_min=4.83196 train/value_loss=12.4047 train/value_explained_variance=0.910526 train/approx_kl=0.00880185 train/clip_epsilon=0.2 train/actor_lr=0.0003 train/post_transition_steps=4657152 rollout/episode_return_std=nan train/grad_norm=0.973129
[V25 PPO] phase=1 rollout/transitions=6168576 safety/h_hard_min=4.79925 train/value_loss=12.8594 train/value_explained_variance=0.916422 train/approx_kl=0.00941015 train/clip_epsilon=0.2 train/actor_lr=0.0003 train/post_transition_steps=4661248 rollout/episode_return_std=nan train/grad_norm=1.02221
[V25 PPO] phase=1 rollout/transitions=6172672 safety/h_hard_min=4.81082 train/value_loss=11.3558 train/value_explained_variance=0.918469 train/approx_kl=0.00809597 train/clip_epsilon=0.2 train/actor_lr=0.0003 train/post_transition_steps=4665344 rollout/episode_return_std=nan train/grad_norm=0.226284
[V25 PPO] phase=1 rollout/transitions=6176768 safety/h_hard_min=4.82987 train/value_loss=8.76689 train/value_explained_variance=0.92727 train/approx_kl=0.00655319 train/clip_epsilon=0.2 train/actor_lr=0.0003 train/post_transition_steps=4669440 rollout/episode_return_std=nan train/grad_norm=0.575248
[V25 PPO] phase=1 rollout/transitions=6180864 safety/h_hard_min=4.83554 train/value_loss=12.4828 train/value_explained_variance=0.90532 train/approx_kl=0.00718261 train/clip_epsilon=0.2 train/actor_lr=0.0003 train/post_transition_steps=4673536 rollout/episode_return_std=nan train/grad_norm=0.6616
[V25 PPO] phase=1 rollout/transitions=6184960 safety/h_hard_min=4.80337 train/value_loss=10.8955 train/value_explained_variance=0.92186 train/approx_kl=0.00801512 train/clip_epsilon=0.2 train/actor_lr=0.0003 train/post_transition_steps=4677632 rollout/episode_return_std=nan train/grad_norm=0.972742
[V25 PPO] phase=1 rollout/transitions=6189056 safety/h_hard_min=4.81713 train/value_loss=14.0497 train/value_explained_variance=0.908788 train/approx_kl=0.0102785 train/clip_epsilon=0.2 train/actor_lr=0.0003 train/post_transition_steps=4681728 rollout/episode_return_std=nan train/grad_norm=1.34496
[V25 PPO] phase=1 rollout/transitions=6193152 safety/h_hard_min=4.84269 train/value_loss=9.53037 train/value_explained_variance=0.926469 train/approx_kl=0.00792824 train/clip_epsilon=0.2 train/actor_lr=0.0003 train/post_transition_steps=4685824 rollout/episode_return_std=nan train/grad_norm=0.634238
[V25 PPO] phase=1 rollout/transitions=6197248 safety/h_hard_min=4.82791 train/value_loss=13.463 train/value_explained_variance=0.913019 train/approx_kl=0.00966401 train/clip_epsilon=0.2 train/actor_lr=0.0003 train/post_transition_steps=4689920 rollout/episode_return_std=nan train/grad_norm=0.623844
[V25 PPO] phase=1 rollout/transitions=6201344 safety/h_hard_min=4.84284 train/value_loss=10.3254 train/value_explained_variance=0.926573 train/approx_kl=0.0095404 train/clip_epsilon=0.2 train/actor_lr=0.0003 train/post_transition_steps=4694016 rollout/episode_return_std=nan train/grad_norm=0.997737
[V25 PPO] phase=1 rollout/transitions=6205440 safety/h_hard_min=4.84043 train/value_loss=12.5396 train/value_explained_variance=0.908014 train/approx_kl=0.00762031 train/clip_epsilon=0.2 train/actor_lr=0.0003 train/post_transition_steps=4698112 rollout/episode_return_std=nan train/grad_norm=0.447695
[V25 PPO] phase=1 rollout/transitions=6209536 safety/h_hard_min=4.78107 train/value_loss=12.333 train/value_explained_variance=0.910339 train/approx_kl=0.00928933 train/clip_epsilon=0.2 train/actor_lr=0.0003 train/post_transition_steps=4702208 rollout/episode_return_std=nan train/grad_norm=1.38799
[V25 PPO] phase=1 rollout/transitions=6213632 safety/h_hard_min=4.83481 train/value_loss=11.6233 train/value_explained_variance=0.913874 train/approx_kl=0.00845332 train/clip_epsilon=0.2 train/actor_lr=0.0003 train/post_transition_steps=4706304 rollout/episode_return_std=nan train/grad_norm=0.115551
[V25 PPO] phase=1 rollout/transitions=6217728 safety/h_hard_min=4.80345 train/value_loss=10.0854 train/value_explained_variance=0.919543 train/approx_kl=0.00789119 train/clip_epsilon=0.2 train/actor_lr=0.0003 train/post_transition_steps=4710400 rollout/episode_return_std=nan train/grad_norm=0.170912
[V25 PPO] phase=1 rollout/transitions=6221824 safety/h_hard_min=4.81036 train/value_loss=11.9607 train/value_explained_variance=0.911359 train/approx_kl=0.00981569 train/clip_epsilon=0.2 train/actor_lr=0.0003 train/post_transition_steps=4714496 rollout/episode_return_std=nan train/grad_norm=0.420714
[V25 PPO] phase=1 rollout/transitions=6225920 safety/h_hard_min=4.83072 train/value_loss=8.7729 train/value_explained_variance=0.92396 train/approx_kl=0.00763712 train/clip_epsilon=0.2 train/actor_lr=0.0003 train/post_transition_steps=4718592 rollout/episode_return_std=nan train/grad_norm=0.355802
[V25 PPO] phase=1 rollout/transitions=6230016 safety/h_hard_min=4.82689 train/value_loss=12.6194 train/value_explained_variance=0.911528 train/approx_kl=0.00905941 train/clip_epsilon=0.2 train/actor_lr=0.0003 train/post_transition_steps=4722688 rollout/episode_return_std=nan train/grad_norm=0.657665
[V25 PPO] phase=1 rollout/transitions=6234112 safety/h_hard_min=4.82464 train/value_loss=11.1937 train/value_explained_variance=0.921205 train/approx_kl=0.0108131 train/clip_epsilon=0.2 train/actor_lr=0.0003 train/post_transition_steps=4726784 rollout/episode_return_std=nan train/grad_norm=1.02399
[V25 PPO] phase=1 rollout/transitions=6238208 safety/h_hard_min=4.82445 train/value_loss=12.0582 train/value_explained_variance=0.912383 train/approx_kl=0.00817736 train/clip_epsilon=0.2 train/actor_lr=0.0003 train/post_transition_steps=4730880 rollout/episode_return_std=nan train/grad_norm=0.554898
[V25 PPO] phase=1 rollout/transitions=6242304 safety/h_hard_min=4.8027 train/value_loss=11.9289 train/value_explained_variance=0.910853 train/approx_kl=0.0078922 train/clip_epsilon=0.2 train/actor_lr=0.0003 train/post_transition_steps=4734976 rollout/episode_return_std=nan train/grad_norm=1.53245
[V25 PPO] phase=1 rollout/transitions=6246400 safety/h_hard_min=4.80766 train/value_loss=12.3545 train/value_explained_variance=0.916225 train/approx_kl=0.00924094 train/clip_epsilon=0.2 train/actor_lr=0.0003 train/post_transition_steps=4739072 rollout/episode_return_std=nan train/grad_norm=0.546512
[V25 PPO] phase=1 rollout/transitions=6250496 safety/h_hard_min=4.79234 train/value_loss=13.6191 train/value_explained_variance=0.900951 train/approx_kl=0.00813774 train/clip_epsilon=0.2 train/actor_lr=0.0003 train/post_transition_steps=4743168 rollout/episode_return_std=nan train/grad_norm=0.312188
[V25 PPO] phase=1 rollout/transitions=6254592 safety/h_hard_min=4.80419 train/value_loss=11.4113 train/value_explained_variance=0.914173 train/approx_kl=0.0079053 train/clip_epsilon=0.2 train/actor_lr=0.0003 train/post_transition_steps=4747264 rollout/episode_return_std=nan train/grad_norm=0.350515
[V25 PPO] phase=1 rollout/transitions=6258688 safety/h_hard_min=4.81073 train/value_loss=12.4419 train/value_explained_variance=0.907026 train/approx_kl=0.00827764 train/clip_epsilon=0.2 train/actor_lr=0.0003 train/post_transition_steps=4751360 rollout/episode_return_std=nan train/grad_norm=0.472291
[V25 PPO] phase=1 rollout/transitions=6262784 safety/h_hard_min=4.83225 train/value_loss=10.826 train/value_explained_variance=0.919989 train/approx_kl=0.00850386 train/clip_epsilon=0.2 train/actor_lr=0.0003 train/post_transition_steps=4755456 rollout/episode_return_std=nan train/grad_norm=0.643227
[V25 PPO] phase=1 rollout/transitions=6266880 safety/h_hard_min=4.83251 train/value_loss=12.9712 train/value_explained_variance=0.90992 train/approx_kl=0.00803409 train/clip_epsilon=0.2 train/actor_lr=0.0003 train/post_transition_steps=4759552 rollout/episode_return_std=nan train/grad_norm=0.129707
[V25 PPO] phase=1 rollout/transitions=6270976 safety/h_hard_min=4.82724 train/value_loss=13.3485 train/value_explained_variance=0.903635 train/approx_kl=0.0089547 train/clip_epsilon=0.2 train/actor_lr=0.0003 train/post_transition_steps=4763648 rollout/episode_return_std=nan train/grad_norm=1.27666
[V25 PPO] phase=1 rollout/transitions=6275072 safety/h_hard_min=4.8308 train/value_loss=12.4755 train/value_explained_variance=0.913296 train/approx_kl=0.00749043 train/clip_epsilon=0.2 train/actor_lr=0.0003 train/post_transition_steps=4767744 rollout/episode_return_std=nan train/grad_norm=1.02645
[V25 PPO] phase=1 rollout/transitions=6279168 safety/h_hard_min=4.84418 train/value_loss=12.227 train/value_explained_variance=0.913672 train/approx_kl=0.0103282 train/clip_epsilon=0.2 train/actor_lr=0.0003 train/post_transition_steps=4771840 rollout/episode_return_std=nan train/grad_norm=0.616299
[V25 PPO] phase=1 rollout/transitions=6283264 safety/h_hard_min=4.8101 train/value_loss=12.4895 train/value_explained_variance=0.906569 train/approx_kl=0.00832272 train/clip_epsilon=0.2 train/actor_lr=0.0003 train/post_transition_steps=4775936 rollout/episode_return_std=nan train/grad_norm=1.83152
[V25 PPO] phase=1 rollout/transitions=6287360 safety/h_hard_min=4.83205 train/value_loss=12.4318 train/value_explained_variance=0.911453 train/approx_kl=0.00940876 train/clip_epsilon=0.2 train/actor_lr=0.0003 train/post_transition_steps=4780032 rollout/episode_return_std=nan train/grad_norm=1.28973
[V25 PPO] phase=1 rollout/transitions=6291456 safety/h_hard_min=4.7872 train/value_loss=12.4456 train/value_explained_variance=0.903327 train/approx_kl=0.00743206 train/clip_epsilon=0.2 train/actor_lr=0.0003 train/post_transition_steps=4784128 rollout/episode_return_std=nan train/grad_norm=0.521776
[V25 PPO] phase=1 rollout/transitions=6295552 safety/h_hard_min=4.83827 train/value_loss=13.1161 train/value_explained_variance=0.904738 train/approx_kl=0.00890403 train/clip_epsilon=0.2 train/actor_lr=0.0003 train/post_transition_steps=4788224 rollout/episode_return_std=nan train/grad_norm=0.398592
[V25 PPO] phase=1 rollout/transitions=6299648 safety/h_hard_min=4.81674 train/value_loss=12.1667 train/value_explained_variance=0.904467 train/approx_kl=0.00828106 train/clip_epsilon=0.2 train/actor_lr=0.0003 train/post_transition_steps=4792320 rollout/episode_return_std=nan train/grad_norm=0.400486
[V25 PPO] phase=1 rollout/transitions=6303744 safety/h_hard_min=4.82595 train/value_loss=11.0515 train/value_explained_variance=0.918482 train/approx_kl=0.00864398 train/clip_epsilon=0.2 train/actor_lr=0.0003 train/post_transition_steps=4796416 rollout/episode_return_std=nan train/grad_norm=0.771649
[V25 PPO] phase=1 rollout/transitions=6307840 safety/h_hard_min=4.80776 train/value_loss=15.4214 train/value_explained_variance=0.902545 train/approx_kl=0.00853841 train/clip_epsilon=0.2 train/actor_lr=0.0003 train/post_transition_steps=4800512 rollout/episode_return_std=nan train/grad_norm=1.02075
[V25 PPO] phase=1 rollout/transitions=6311936 safety/h_hard_min=4.81945 train/value_loss=10.794 train/value_explained_variance=0.915746 train/approx_kl=0.00838473 train/clip_epsilon=0.2 train/actor_lr=0.0003 train/post_transition_steps=4804608 rollout/episode_return_std=nan train/grad_norm=0.709086
[V25 PPO] phase=1 rollout/transitions=6316032 safety/h_hard_min=4.83006 train/value_loss=9.28928 train/value_explained_variance=0.917738 train/approx_kl=0.00682709 train/clip_epsilon=0.2 train/actor_lr=0.0003 train/post_transition_steps=4808704 rollout/episode_return_std=nan train/grad_norm=0.194261
[V25 PPO] phase=1 rollout/transitions=6320128 safety/h_hard_min=4.79921 train/value_loss=12.3815 train/value_explained_variance=0.908488 train/approx_kl=0.00964077 train/clip_epsilon=0.2 train/actor_lr=0.0003 train/post_transition_steps=4812800 rollout/episode_return_std=nan train/grad_norm=0.921221
[V25 PPO] phase=1 rollout/transitions=6324224 safety/h_hard_min=4.80968 train/value_loss=12.4255 train/value_explained_variance=0.907851 train/approx_kl=0.00783604 train/clip_epsilon=0.2 train/actor_lr=0.0003 train/post_transition_steps=4816896 rollout/episode_return_std=nan train/grad_norm=0.0598815
[V25 PPO] phase=1 rollout/transitions=6328320 safety/h_hard_min=4.81183 train/value_loss=12.7653 train/value_explained_variance=0.903863 train/approx_kl=0.00811172 train/clip_epsilon=0.2 train/actor_lr=0.0003 train/post_transition_steps=4820992 rollout/episode_return_std=nan train/grad_norm=0.713168
[V25 PPO] phase=1 rollout/transitions=6332416 safety/h_hard_min=4.81269 train/value_loss=11.4937 train/value_explained_variance=0.910423 train/approx_kl=0.00846346 train/clip_epsilon=0.2 train/actor_lr=0.0003 train/post_transition_steps=4825088 rollout/episode_return_std=nan train/grad_norm=0.508479
[V25 PPO] phase=1 rollout/transitions=6336512 safety/h_hard_min=4.81319 train/value_loss=12.99 train/value_explained_variance=0.904106 train/approx_kl=0.00874663 train/clip_epsilon=0.2 train/actor_lr=0.0003 train/post_transition_steps=4829184 rollout/episode_return_std=nan train/grad_norm=0.9821
[V25 PPO] phase=1 rollout/transitions=6340608 safety/h_hard_min=4.81872 train/value_loss=12.0383 train/value_explained_variance=0.903769 train/approx_kl=0.00827165 train/clip_epsilon=0.2 train/actor_lr=0.0003 train/post_transition_steps=4833280 rollout/episode_return_std=nan train/grad_norm=0.390707
[V25 PPO] phase=1 rollout/transitions=6344704 safety/h_hard_min=4.83458 train/value_loss=16.5034 train/value_explained_variance=0.89622 train/approx_kl=0.0108869 train/clip_epsilon=0.2 train/actor_lr=0.0003 train/post_transition_steps=4837376 rollout/episode_return_std=nan train/grad_norm=0.933751
[V25 PPO] phase=1 rollout/transitions=6348800 safety/h_hard_min=4.84958 train/value_loss=11.54 train/value_explained_variance=0.907439 train/approx_kl=0.00783318 train/clip_epsilon=0.2 train/actor_lr=0.0003 train/post_transition_steps=4841472 rollout/episode_return_std=nan train/grad_norm=0.888846
[V25 PPO] phase=1 rollout/transitions=6352896 safety/h_hard_min=4.81197 train/value_loss=17.4456 train/value_explained_variance=0.888119 train/approx_kl=0.0106883 train/clip_epsilon=0.2 train/actor_lr=0.0003 train/post_transition_steps=4845568 rollout/episode_return_std=nan train/grad_norm=0.840188
[V25 PPO] phase=1 rollout/transitions=6356992 safety/h_hard_min=4.79854 train/value_loss=10.8837 train/value_explained_variance=0.909695 train/approx_kl=0.00781204 train/clip_epsilon=0.2 train/actor_lr=0.0003 train/post_transition_steps=4849664 rollout/episode_return_std=nan train/grad_norm=0.948793
[V25 PPO] phase=1 rollout/transitions=6361088 safety/h_hard_min=4.81744 train/value_loss=16.6327 train/value_explained_variance=0.899382 train/approx_kl=0.011288 train/clip_epsilon=0.2 train/actor_lr=0.0003 train/post_transition_steps=4853760 rollout/episode_return_std=nan train/grad_norm=1.66851
[V25 PPO] phase=1 rollout/transitions=6365184 safety/h_hard_min=4.82998 train/value_loss=12.4894 train/value_explained_variance=0.907142 train/approx_kl=0.00931907 train/clip_epsilon=0.2 train/actor_lr=0.0003 train/post_transition_steps=4857856 rollout/episode_return_std=nan train/grad_norm=0.914042
[V25 PPO] phase=1 rollout/transitions=6369280 safety/h_hard_min=4.83871 train/value_loss=13.0058 train/value_explained_variance=0.900922 train/approx_kl=0.00908333 train/clip_epsilon=0.2 train/actor_lr=0.0003 train/post_transition_steps=4861952 rollout/episode_return_std=nan train/grad_norm=0.713008
[V25 PPO] phase=1 rollout/transitions=6373376 safety/h_hard_min=4.82717 train/value_loss=12.8635 train/value_explained_variance=0.906455 train/approx_kl=0.00808978 train/clip_epsilon=0.2 train/actor_lr=0.0003 train/post_transition_steps=4866048 rollout/episode_return_std=nan train/grad_norm=0.364359
[V25 PPO] phase=1 rollout/transitions=6377472 safety/h_hard_min=4.82534 train/value_loss=11.6541 train/value_explained_variance=0.906875 train/approx_kl=0.00761852 train/clip_epsilon=0.2 train/actor_lr=0.0003 train/post_transition_steps=4870144 rollout/episode_return_std=nan train/grad_norm=0.139626
[V25 PPO] phase=1 rollout/transitions=6381568 safety/h_hard_min=4.83068 train/value_loss=9.69928 train/value_explained_variance=0.915247 train/approx_kl=0.00825963 train/clip_epsilon=0.2 train/actor_lr=0.0003 train/post_transition_steps=4874240 rollout/episode_return_std=nan train/grad_norm=0.776235
[V25 PPO] phase=1 rollout/transitions=6385664 safety/h_hard_min=4.80182 train/value_loss=14.0205 train/value_explained_variance=0.903575 train/approx_kl=0.00870215 train/clip_epsilon=0.2 train/actor_lr=0.0003 train/post_transition_steps=4878336 rollout/episode_return_std=nan train/grad_norm=0.783379
[V25 PPO] phase=1 rollout/transitions=6389760 safety/h_hard_min=4.79151 train/value_loss=13.011 train/value_explained_variance=0.906048 train/approx_kl=0.00838466 train/clip_epsilon=0.2 train/actor_lr=0.0003 train/post_transition_steps=4882432 rollout/episode_return_std=nan train/grad_norm=0.334524
[V25 PPO] phase=1 rollout/transitions=6393856 safety/h_hard_min=4.80383 train/value_loss=11.6848 train/value_explained_variance=0.904616 train/approx_kl=0.00770644 train/clip_epsilon=0.2 train/actor_lr=0.0003 train/post_transition_steps=4886528 rollout/episode_return_std=nan train/grad_norm=0.504194
[V25 PPO] phase=1 rollout/transitions=6397952 safety/h_hard_min=4.79329 train/value_loss=12.7531 train/value_explained_variance=0.907441 train/approx_kl=0.00829112 train/clip_epsilon=0.2 train/actor_lr=0.0003 train/post_transition_steps=4890624 rollout/episode_return_std=nan train/grad_norm=0.172008
[V25 PPO] phase=1 rollout/transitions=6402048 safety/h_hard_min=4.81699 train/value_loss=12.3751 train/value_explained_variance=0.898622 train/approx_kl=0.00759883 train/clip_epsilon=0.2 train/actor_lr=0.0003 train/post_transition_steps=4894720 rollout/episode_return_std=nan train/grad_norm=0.814615
[V25 PPO] phase=1 rollout/transitions=6406144 safety/h_hard_min=4.80852 train/value_loss=14.8701 train/value_explained_variance=0.894226 train/approx_kl=0.00930399 train/clip_epsilon=0.2 train/actor_lr=0.0003 train/post_transition_steps=4898816 rollout/episode_return_std=nan train/grad_norm=1.08015
[V25 PPO] phase=1 rollout/transitions=6410240 safety/h_hard_min=4.79606 train/value_loss=11.7641 train/value_explained_variance=0.903862 train/approx_kl=0.00860655 train/clip_epsilon=0.2 train/actor_lr=0.0003 train/post_transition_steps=4902912 rollout/episode_return_std=nan train/grad_norm=0.474978
[V25 PPO] phase=1 rollout/transitions=6414336 safety/h_hard_min=4.79794 train/value_loss=14.468 train/value_explained_variance=0.895111 train/approx_kl=0.00940095 train/clip_epsilon=0.2 train/actor_lr=0.0003 train/post_transition_steps=4907008 rollout/episode_return_std=nan train/grad_norm=0.426917
[V25 PPO] phase=1 rollout/transitions=6418432 safety/h_hard_min=4.81333 train/value_loss=13.9563 train/value_explained_variance=0.898634 train/approx_kl=0.00853408 train/clip_epsilon=0.2 train/actor_lr=0.0003 train/post_transition_steps=4911104 rollout/episode_return_std=nan train/grad_norm=0.405168
[V25 PPO] phase=1 rollout/transitions=6422528 safety/h_hard_min=4.80887 train/value_loss=12.8192 train/value_explained_variance=0.898984 train/approx_kl=0.00832585 train/clip_epsilon=0.2 train/actor_lr=0.0003 train/post_transition_steps=4915200 rollout/episode_return_std=nan train/grad_norm=0.924796
[V25 PPO] phase=1 rollout/transitions=6426624 safety/h_hard_min=4.82942 train/value_loss=14.7313 train/value_explained_variance=0.897341 train/approx_kl=0.010211 train/clip_epsilon=0.2 train/actor_lr=0.0003 train/post_transition_steps=4919296 rollout/episode_return_std=nan train/grad_norm=0.307037
[V25 PPO] phase=1 rollout/transitions=6430720 safety/h_hard_min=4.80646 train/value_loss=14.2619 train/value_explained_variance=0.889106 train/approx_kl=0.00947053 train/clip_epsilon=0.2 train/actor_lr=0.0003 train/post_transition_steps=4923392 rollout/episode_return_std=nan train/grad_norm=0.359151
[V25 PPO] phase=1 rollout/transitions=6434816 safety/h_hard_min=4.80544 train/value_loss=14.2113 train/value_explained_variance=0.900673 train/approx_kl=0.00878091 train/clip_epsilon=0.2 train/actor_lr=0.0003 train/post_transition_steps=4927488 rollout/episode_return_std=nan train/grad_norm=0.159234
[V25 PPO] phase=1 rollout/transitions=6438912 safety/h_hard_min=4.83495 train/value_loss=12.4368 train/value_explained_variance=0.897884 train/approx_kl=0.00841836 train/clip_epsilon=0.2 train/actor_lr=0.0003 train/post_transition_steps=4931584 rollout/episode_return_std=nan train/grad_norm=1.12096
[V25 PPO] phase=1 rollout/transitions=6443008 safety/h_hard_min=4.79922 train/value_loss=13.2116 train/value_explained_variance=0.89961 train/approx_kl=0.00820454 train/clip_epsilon=0.2 train/actor_lr=0.0003 train/post_transition_steps=4935680 rollout/episode_return_std=nan train/grad_norm=0.788414
[V25 PPO] phase=1 rollout/transitions=6447104 safety/h_hard_min=4.84028 train/value_loss=11.2644 train/value_explained_variance=0.915135 train/approx_kl=0.00649906 train/clip_epsilon=0.2 train/actor_lr=0.0003 train/post_transition_steps=4939776 rollout/episode_return_std=nan train/grad_norm=1.12566
[V25 PPO] phase=1 rollout/transitions=6451200 safety/h_hard_min=4.81097 train/value_loss=14.2921 train/value_explained_variance=0.921598 train/approx_kl=0.00561924 train/clip_epsilon=0.2 train/actor_lr=0.0003 train/post_transition_steps=4943872 rollout/episode_return_std=nan train/grad_norm=2.11318
[V25 PPO] phase=1 rollout/transitions=6455296 safety/h_hard_min=4.83159 train/value_loss=8.53073 train/value_explained_variance=0.934525 train/approx_kl=0.00721275 train/clip_epsilon=0.2 train/actor_lr=0.0003 train/post_transition_steps=4947968 rollout/episode_return_std=nan train/grad_norm=3.05572
[V25 PPO] phase=1 rollout/transitions=6459392 safety/h_hard_min=4.68494 train/value_loss=8.18651 train/value_explained_variance=0.943916 train/approx_kl=0.00634401 train/clip_epsilon=0.2 train/actor_lr=0.0003 train/post_transition_steps=4952064 rollout/episode_return_std=nan train/grad_norm=1.00221
[V25 PPO] phase=1 rollout/transitions=6463488 safety/h_hard_min=4.80872 train/value_loss=7.6983 train/value_explained_variance=0.948285 train/approx_kl=0.00871706 train/clip_epsilon=0.2 train/actor_lr=0.0003 train/post_transition_steps=4956160 rollout/episode_return_std=nan train/grad_norm=1.13843
[V25 PPO] phase=1 rollout/transitions=6467584 safety/h_hard_min=4.84024 train/value_loss=10.0852 train/value_explained_variance=0.941081 train/approx_kl=0.00804689 train/clip_epsilon=0.2 train/actor_lr=0.0003 train/post_transition_steps=4960256 rollout/episode_return_std=nan train/grad_norm=2.70035
[V25 PPO] phase=1 rollout/transitions=6471680 safety/h_hard_min=4.75735 train/value_loss=6.61401 train/value_explained_variance=0.954002 train/approx_kl=0.00491916 train/clip_epsilon=0.2 train/actor_lr=0.0003 train/post_transition_steps=4964352 rollout/episode_return_std=nan train/grad_norm=12.2351
[V25 PPO] phase=1 rollout/transitions=6475776 safety/h_hard_min=4.88167 train/value_loss=7.18831 train/value_explained_variance=0.954245 train/approx_kl=0.00886782 train/clip_epsilon=0.2 train/actor_lr=0.0003 train/post_transition_steps=4968448 rollout/episode_return_std=nan train/grad_norm=2.44306
[V25 PPO] phase=1 rollout/transitions=6479872 safety/h_hard_min=4.88033 train/value_loss=8.0603 train/value_explained_variance=0.949141 train/approx_kl=0.00915097 train/clip_epsilon=0.2 train/actor_lr=0.0003 train/post_transition_steps=4972544 rollout/episode_return_std=nan train/grad_norm=2.0644
[V25 PPO] phase=1 rollout/transitions=6483968 safety/h_hard_min=4.87063 train/value_loss=7.41333 train/value_explained_variance=0.956358 train/approx_kl=0.00762738 train/clip_epsilon=0.2 train/actor_lr=0.0003 train/post_transition_steps=4976640 rollout/episode_return_std=nan train/grad_norm=0.531561
[V25 PPO] phase=1 rollout/transitions=6488064 safety/h_hard_min=4.8189 train/value_loss=8.44226 train/value_explained_variance=0.947996 train/approx_kl=0.00758983 train/clip_epsilon=0.2 train/actor_lr=0.0003 train/post_transition_steps=4980736 rollout/episode_return_std=nan train/grad_norm=0.346978
[V25 PPO] phase=1 rollout/transitions=6492160 safety/h_hard_min=4.83902 train/value_loss=7.86844 train/value_explained_variance=0.958661 train/approx_kl=0.00917176 train/clip_epsilon=0.2 train/actor_lr=0.0003 train/post_transition_steps=4984832 rollout/episode_return_std=nan train/grad_norm=0.324632
[V25 PPO] phase=1 rollout/transitions=6496256 safety/h_hard_min=4.83687 train/value_loss=8.12227 train/value_explained_variance=0.946418 train/approx_kl=0.0074313 train/clip_epsilon=0.2 train/actor_lr=0.0003 train/post_transition_steps=4988928 rollout/episode_return_std=nan train/grad_norm=0.676613
[V25 PPO] phase=1 rollout/transitions=6500352 safety/h_hard_min=4.84706 train/value_loss=7.36168 train/value_explained_variance=0.956858 train/approx_kl=0.00848026 train/clip_epsilon=0.2 train/actor_lr=0.0003 train/post_transition_steps=4993024 rollout/episode_return_std=nan train/grad_norm=0.172305
[V25 PPO] phase=1 rollout/transitions=6504448 safety/h_hard_min=4.85526 train/value_loss=7.6583 train/value_explained_variance=0.952855 train/approx_kl=0.00879967 train/clip_epsilon=0.2 train/actor_lr=0.0003 train/post_transition_steps=4997120 rollout/episode_return_std=nan train/grad_norm=0.442975
[V25 PPO] phase=1 rollout/transitions=6508544 safety/h_hard_min=4.82546 train/value_loss=7.56884 train/value_explained_variance=0.952254 train/approx_kl=0.00829225 train/clip_epsilon=0.2 train/actor_lr=0.0003 train/post_transition_steps=5001216 rollout/episode_return_std=nan train/grad_norm=0.491568
[V25 PPO] phase=1 rollout/transitions=6512640 safety/h_hard_min=4.84839 train/value_loss=7.72011 train/value_explained_variance=0.954933 train/approx_kl=0.00805914 train/clip_epsilon=0.2 train/actor_lr=0.0003 train/post_transition_steps=5005312 rollout/episode_return_std=nan train/grad_norm=0.473733
[V25 PPO] phase=1 rollout/transitions=6516736 safety/h_hard_min=4.82533 train/value_loss=7.94582 train/value_explained_variance=0.950911 train/approx_kl=0.00838402 train/clip_epsilon=0.2 train/actor_lr=0.0003 train/post_transition_steps=5009408 rollout/episode_return_std=nan train/grad_norm=0.510232
[V25 PPO] phase=1 rollout/transitions=6520832 safety/h_hard_min=4.8419 train/value_loss=6.38622 train/value_explained_variance=0.95722 train/approx_kl=0.00881907 train/clip_epsilon=0.2 train/actor_lr=0.0003 train/post_transition_steps=5013504 rollout/episode_return_std=nan train/grad_norm=0.440102
[V25 PPO] phase=1 rollout/transitions=6524928 safety/h_hard_min=4.83458 train/value_loss=6.72962 train/value_explained_variance=0.95655 train/approx_kl=0.00852813 train/clip_epsilon=0.2 train/actor_lr=0.0003 train/post_transition_steps=5017600 rollout/episode_return_std=nan train/grad_norm=0.111703
[V25 PPO] phase=1 rollout/transitions=6529024 safety/h_hard_min=4.84471 train/value_loss=10.0863 train/value_explained_variance=0.947819 train/approx_kl=0.00928511 train/clip_epsilon=0.2 train/actor_lr=0.0003 train/post_transition_steps=5021696 rollout/episode_return_std=nan train/grad_norm=0.291264
[V25 PPO] phase=1 rollout/transitions=6533120 safety/h_hard_min=4.84329 train/value_loss=6.38007 train/value_explained_variance=0.958765 train/approx_kl=0.00870687 train/clip_epsilon=0.2 train/actor_lr=0.0003 train/post_transition_steps=5025792 rollout/episode_return_std=nan train/grad_norm=0.355391
[V25 PPO] phase=1 rollout/transitions=6537216 safety/h_hard_min=4.84623 train/value_loss=10.046 train/value_explained_variance=0.946876 train/approx_kl=0.00881878 train/clip_epsilon=0.2 train/actor_lr=0.0003 train/post_transition_steps=5029888 rollout/episode_return_std=nan train/grad_norm=0.894512
[V25 PPO] phase=1 rollout/transitions=6541312 safety/h_hard_min=4.82797 train/value_loss=7.08446 train/value_explained_variance=0.951873 train/approx_kl=0.00725191 train/clip_epsilon=0.2 train/actor_lr=0.0003 train/post_transition_steps=5033984 rollout/episode_return_std=nan train/grad_norm=0.33337
[V25 PPO] phase=1 rollout/transitions=6545408 safety/h_hard_min=4.83978 train/value_loss=9.58815 train/value_explained_variance=0.941061 train/approx_kl=0.00837778 train/clip_epsilon=0.2 train/actor_lr=0.0003 train/post_transition_steps=5038080 rollout/episode_return_std=nan train/grad_norm=0.145734
[V25 PPO] phase=1 rollout/transitions=6549504 safety/h_hard_min=4.83645 train/value_loss=9.21052 train/value_explained_variance=0.94153 train/approx_kl=0.00860359 train/clip_epsilon=0.2 train/actor_lr=0.0003 train/post_transition_steps=5042176 rollout/episode_return_std=nan train/grad_norm=0.194827
[V25 PPO] phase=1 rollout/transitions=6553600 safety/h_hard_min=4.86603 train/value_loss=6.2468 train/value_explained_variance=0.954339 train/approx_kl=0.00768375 train/clip_epsilon=0.2 train/actor_lr=0.0003 train/post_transition_steps=5046272 rollout/episode_return_std=nan train/grad_norm=1.12576
[V25 PPO] phase=1 rollout/transitions=6557696 safety/h_hard_min=4.82982 train/value_loss=7.71593 train/value_explained_variance=0.953544 train/approx_kl=0.00843379 train/clip_epsilon=0.2 train/actor_lr=0.0003 train/post_transition_steps=5050368 rollout/episode_return_std=nan train/grad_norm=0.304994
[V25 PPO] phase=1 rollout/transitions=6561792 safety/h_hard_min=4.82862 train/value_loss=9.50029 train/value_explained_variance=0.944518 train/approx_kl=0.00960486 train/clip_epsilon=0.2 train/actor_lr=0.0003 train/post_transition_steps=5054464 rollout/episode_return_std=nan train/grad_norm=0.440654
[V25 PPO] phase=1 rollout/transitions=6565888 safety/h_hard_min=4.83341 train/value_loss=8.0533 train/value_explained_variance=0.950638 train/approx_kl=0.00813781 train/clip_epsilon=0.2 train/actor_lr=0.0003 train/post_transition_steps=5058560 rollout/episode_return_std=nan train/grad_norm=0.638828
[V25 PPO] phase=1 rollout/transitions=6569984 safety/h_hard_min=4.82828 train/value_loss=6.96017 train/value_explained_variance=0.954588 train/approx_kl=0.00919118 train/clip_epsilon=0.2 train/actor_lr=0.0003 train/post_transition_steps=5062656 rollout/episode_return_std=nan train/grad_norm=0.440813
[V25 PPO] phase=1 rollout/transitions=6574080 safety/h_hard_min=4.8147 train/value_loss=7.14848 train/value_explained_variance=0.953201 train/approx_kl=0.00863866 train/clip_epsilon=0.2 train/actor_lr=0.0003 train/post_transition_steps=5066752 rollout/episode_return_std=nan train/grad_norm=0.500934
[V25 PPO] phase=1 rollout/transitions=6578176 safety/h_hard_min=4.84154 train/value_loss=8.39563 train/value_explained_variance=0.946481 train/approx_kl=0.00830798 train/clip_epsilon=0.2 train/actor_lr=0.0003 train/post_transition_steps=5070848 rollout/episode_return_std=nan train/grad_norm=0.439832
[V25 PPO] phase=1 rollout/transitions=6582272 safety/h_hard_min=4.82639 train/value_loss=9.00225 train/value_explained_variance=0.947432 train/approx_kl=0.0088578 train/clip_epsilon=0.2 train/actor_lr=0.0003 train/post_transition_steps=5074944 rollout/episode_return_std=nan train/grad_norm=0.509143
[V25 PPO] phase=1 rollout/transitions=6586368 safety/h_hard_min=4.84366 train/value_loss=9.12669 train/value_explained_variance=0.94581 train/approx_kl=0.00885297 train/clip_epsilon=0.2 train/actor_lr=0.0003 train/post_transition_steps=5079040 rollout/episode_return_std=nan train/grad_norm=0.568319
[V25 PPO] phase=1 rollout/transitions=6590464 safety/h_hard_min=4.83401 train/value_loss=6.17555 train/value_explained_variance=0.959811 train/approx_kl=0.00782719 train/clip_epsilon=0.2 train/actor_lr=0.0003 train/post_transition_steps=5083136 rollout/episode_return_std=nan train/grad_norm=0.31945
[V25 PPO] phase=1 rollout/transitions=6594560 safety/h_hard_min=4.81677 train/value_loss=9.74311 train/value_explained_variance=0.940303 train/approx_kl=0.00871265 train/clip_epsilon=0.2 train/actor_lr=0.0003 train/post_transition_steps=5087232 rollout/episode_return_std=nan train/grad_norm=0.485516
[V25 PPO] phase=1 rollout/transitions=6598656 safety/h_hard_min=4.81066 train/value_loss=8.57619 train/value_explained_variance=0.950196 train/approx_kl=0.0075641 train/clip_epsilon=0.2 train/actor_lr=0.0003 train/post_transition_steps=5091328 rollout/episode_return_std=nan train/grad_norm=0.300328
[V25 PPO] phase=1 rollout/transitions=6602752 safety/h_hard_min=4.85499 train/value_loss=8.26126 train/value_explained_variance=0.945287 train/approx_kl=0.00966803 train/clip_epsilon=0.2 train/actor_lr=0.0003 train/post_transition_steps=5095424 rollout/episode_return_std=nan train/grad_norm=1.28299
[V25 PPO] phase=1 rollout/transitions=6606848 safety/h_hard_min=4.81961 train/value_loss=7.27008 train/value_explained_variance=0.951377 train/approx_kl=0.00725928 train/clip_epsilon=0.2 train/actor_lr=0.0003 train/post_transition_steps=5099520 rollout/episode_return_std=nan train/grad_norm=0.204169
[V25 PPO] phase=1 rollout/transitions=6610944 safety/h_hard_min=4.81695 train/value_loss=10.2021 train/value_explained_variance=0.941215 train/approx_kl=0.00959869 train/clip_epsilon=0.2 train/actor_lr=0.0003 train/post_transition_steps=5103616 rollout/episode_return_std=nan train/grad_norm=0.390973
[V25 PPO] phase=1 rollout/transitions=6615040 safety/h_hard_min=4.82514 train/value_loss=9.06099 train/value_explained_variance=0.94141 train/approx_kl=0.00758137 train/clip_epsilon=0.2 train/actor_lr=0.0003 train/post_transition_steps=5107712 rollout/episode_return_std=nan train/grad_norm=0.422074
[V25 PPO] phase=1 rollout/transitions=6619136 safety/h_hard_min=4.8366 train/value_loss=7.90171 train/value_explained_variance=0.948545 train/approx_kl=0.00845317 train/clip_epsilon=0.2 train/actor_lr=0.0003 train/post_transition_steps=5111808 rollout/episode_return_std=nan train/grad_norm=1.46643
[V25 PPO] phase=1 rollout/transitions=6623232 safety/h_hard_min=4.8173 train/value_loss=7.0856 train/value_explained_variance=0.952506 train/approx_kl=0.00738637 train/clip_epsilon=0.2 train/actor_lr=0.0003 train/post_transition_steps=5115904 rollout/episode_return_std=nan train/grad_norm=0.477751
[V25 PPO] phase=1 rollout/transitions=6627328 safety/h_hard_min=4.83445 train/value_loss=8.39956 train/value_explained_variance=0.943922 train/approx_kl=0.00758632 train/clip_epsilon=0.2 train/actor_lr=0.0003 train/post_transition_steps=5120000 rollout/episode_return_std=nan train/grad_norm=0.239619
[V25 PPO] phase=1 rollout/transitions=6631424 safety/h_hard_min=4.81958 train/value_loss=7.33763 train/value_explained_variance=0.951317 train/approx_kl=0.00738317 train/clip_epsilon=0.2 train/actor_lr=0.0003 train/post_transition_steps=5124096 rollout/episode_return_std=nan train/grad_norm=0.189681
[V25 PPO] phase=1 rollout/transitions=6635520 safety/h_hard_min=4.82528 train/value_loss=6.94921 train/value_explained_variance=0.954595 train/approx_kl=0.00808887 train/clip_epsilon=0.2 train/actor_lr=0.0003 train/post_transition_steps=5128192 rollout/episode_return_std=nan train/grad_norm=0.192756
[V25 PPO] phase=1 rollout/transitions=6639616 safety/h_hard_min=4.82638 train/value_loss=7.67349 train/value_explained_variance=0.940673 train/approx_kl=0.00623824 train/clip_epsilon=0.2 train/actor_lr=0.0003 train/post_transition_steps=5132288 rollout/episode_return_std=nan train/grad_norm=0.359549
[V25 PPO] phase=1 rollout/transitions=6643712 safety/h_hard_min=4.84092 train/value_loss=8.59892 train/value_explained_variance=0.943076 train/approx_kl=0.0081421 train/clip_epsilon=0.2 train/actor_lr=0.0003 train/post_transition_steps=5136384 rollout/episode_return_std=nan train/grad_norm=0.428077
[V25 PPO] phase=1 rollout/transitions=6647808 safety/h_hard_min=4.82365 train/value_loss=8.91066 train/value_explained_variance=0.94164 train/approx_kl=0.0092367 train/clip_epsilon=0.2 train/actor_lr=0.0003 train/post_transition_steps=5140480 rollout/episode_return_std=nan train/grad_norm=0.457848
[V25 PPO] phase=1 rollout/transitions=6651904 safety/h_hard_min=4.81344 train/value_loss=8.59022 train/value_explained_variance=0.941965 train/approx_kl=0.006863 train/clip_epsilon=0.2 train/actor_lr=0.0003 train/post_transition_steps=5144576 rollout/episode_return_std=nan train/grad_norm=0.444083
[V25 PPO] phase=1 rollout/transitions=6656000 safety/h_hard_min=4.79815 train/value_loss=9.70518 train/value_explained_variance=0.94071 train/approx_kl=0.00854353 train/clip_epsilon=0.2 train/actor_lr=0.0003 train/post_transition_steps=5148672 rollout/episode_return_std=nan train/grad_norm=0.614501
[V25 PPO] phase=1 rollout/transitions=6660096 safety/h_hard_min=4.80273 train/value_loss=9.97091 train/value_explained_variance=0.940695 train/approx_kl=0.00874153 train/clip_epsilon=0.2 train/actor_lr=0.0003 train/post_transition_steps=5152768 rollout/episode_return_std=nan train/grad_norm=1.0377
[V25 PPO] phase=1 rollout/transitions=6664192 safety/h_hard_min=4.8061 train/value_loss=7.90696 train/value_explained_variance=0.944197 train/approx_kl=0.00711865 train/clip_epsilon=0.2 train/actor_lr=0.0003 train/post_transition_steps=5156864 rollout/episode_return_std=nan train/grad_norm=0.132869
[V25 PPO] phase=1 rollout/transitions=6668288 safety/h_hard_min=4.80649 train/value_loss=9.13396 train/value_explained_variance=0.938396 train/approx_kl=0.00772392 train/clip_epsilon=0.2 train/actor_lr=0.0003 train/post_transition_steps=5160960 rollout/episode_return_std=nan train/grad_norm=0.199032
[V25 PPO] phase=1 rollout/transitions=6672384 safety/h_hard_min=4.83994 train/value_loss=8.02888 train/value_explained_variance=0.950049 train/approx_kl=0.00864438 train/clip_epsilon=0.2 train/actor_lr=0.0003 train/post_transition_steps=5165056 rollout/episode_return_std=nan train/grad_norm=1.67348
[V25 PPO] phase=1 rollout/transitions=6676480 safety/h_hard_min=4.82006 train/value_loss=8.68156 train/value_explained_variance=0.938994 train/approx_kl=0.00723616 train/clip_epsilon=0.2 train/actor_lr=0.0003 train/post_transition_steps=5169152 rollout/episode_return_std=nan train/grad_norm=1.39505
[V25 PPO] phase=1 rollout/transitions=6680576 safety/h_hard_min=4.83625 train/value_loss=10.5486 train/value_explained_variance=0.937497 train/approx_kl=0.00859727 train/clip_epsilon=0.2 train/actor_lr=0.0003 train/post_transition_steps=5173248 rollout/episode_return_std=nan train/grad_norm=0.877886
[V25 PPO] phase=1 rollout/transitions=6684672 safety/h_hard_min=4.81384 train/value_loss=9.70247 train/value_explained_variance=0.936885 train/approx_kl=0.00879379 train/clip_epsilon=0.2 train/actor_lr=0.0003 train/post_transition_steps=5177344 rollout/episode_return_std=nan train/grad_norm=0.304247
[V25 PPO] phase=1 rollout/transitions=6688768 safety/h_hard_min=4.86177 train/value_loss=8.14544 train/value_explained_variance=0.941905 train/approx_kl=0.00817406 train/clip_epsilon=0.2 train/actor_lr=0.0003 train/post_transition_steps=5181440 rollout/episode_return_std=nan train/grad_norm=0.666264
[V25 PPO] phase=1 rollout/transitions=6692864 safety/h_hard_min=4.84178 train/value_loss=6.0914 train/value_explained_variance=0.953681 train/approx_kl=0.0062633 train/clip_epsilon=0.2 train/actor_lr=0.0003 train/post_transition_steps=5185536 rollout/episode_return_std=nan train/grad_norm=0.947599
[V25 PPO] phase=1 rollout/transitions=6696960 safety/h_hard_min=4.84432 train/value_loss=10.1865 train/value_explained_variance=0.940061 train/approx_kl=0.00900654 train/clip_epsilon=0.2 train/actor_lr=0.0003 train/post_transition_steps=5189632 rollout/episode_return_std=nan train/grad_norm=0.390617
[V25 PPO] phase=1 rollout/transitions=6701056 safety/h_hard_min=4.83833 train/value_loss=10.0391 train/value_explained_variance=0.93798 train/approx_kl=0.00903405 train/clip_epsilon=0.2 train/actor_lr=0.0003 train/post_transition_steps=5193728 rollout/episode_return_std=nan train/grad_norm=0.431833
[V25 PPO] phase=1 rollout/transitions=6705152 safety/h_hard_min=4.82211 train/value_loss=8.74627 train/value_explained_variance=0.938541 train/approx_kl=0.00720369 train/clip_epsilon=0.2 train/actor_lr=0.0003 train/post_transition_steps=5197824 rollout/episode_return_std=nan train/grad_norm=0.628229
[V25 PPO] phase=1 rollout/transitions=6709248 safety/h_hard_min=4.83663 train/value_loss=9.00551 train/value_explained_variance=0.943892 train/approx_kl=0.00929653 train/clip_epsilon=0.2 train/actor_lr=0.0003 train/post_transition_steps=5201920 rollout/episode_return_std=nan train/grad_norm=0.251642
[V25 PPO] phase=1 rollout/transitions=6713344 safety/h_hard_min=4.81714 train/value_loss=10.9531 train/value_explained_variance=0.934994 train/approx_kl=0.0093464 train/clip_epsilon=0.2 train/actor_lr=0.0003 train/post_transition_steps=5206016 rollout/episode_return_std=nan train/grad_norm=0.396551
[V25 PPO] phase=1 rollout/transitions=6717440 safety/h_hard_min=4.82813 train/value_loss=7.78776 train/value_explained_variance=0.943624 train/approx_kl=0.00737254 train/clip_epsilon=0.2 train/actor_lr=0.0003 train/post_transition_steps=5210112 rollout/episode_return_std=nan train/grad_norm=0.400263
[V25 PPO] phase=1 rollout/transitions=6721536 safety/h_hard_min=4.82969 train/value_loss=10.4014 train/value_explained_variance=0.935766 train/approx_kl=0.00851206 train/clip_epsilon=0.2 train/actor_lr=0.0003 train/post_transition_steps=5214208 rollout/episode_return_std=nan train/grad_norm=0.206466
[V25 PPO] phase=1 rollout/transitions=6725632 safety/h_hard_min=4.80257 train/value_loss=12.3343 train/value_explained_variance=0.929851 train/approx_kl=0.010735 train/clip_epsilon=0.2 train/actor_lr=0.0003 train/post_transition_steps=5218304 rollout/episode_return_std=nan train/grad_norm=0.433011
[V25 PPO] phase=1 rollout/transitions=6729728 safety/h_hard_min=4.83081 train/value_loss=10.5463 train/value_explained_variance=0.9356 train/approx_kl=0.00923959 train/clip_epsilon=0.2 train/actor_lr=0.0003 train/post_transition_steps=5222400 rollout/episode_return_std=nan train/grad_norm=0.287591
[V25 PPO] phase=1 rollout/transitions=6733824 safety/h_hard_min=4.81569 train/value_loss=11.166 train/value_explained_variance=0.926704 train/approx_kl=0.00947734 train/clip_epsilon=0.2 train/actor_lr=0.0003 train/post_transition_steps=5226496 rollout/episode_return_std=nan train/grad_norm=0.458311
[V25 PPO] phase=1 rollout/transitions=6737920 safety/h_hard_min=4.83085 train/value_loss=8.8167 train/value_explained_variance=0.941858 train/approx_kl=0.00824194 train/clip_epsilon=0.2 train/actor_lr=0.0003 train/post_transition_steps=5230592 rollout/episode_return_std=nan train/grad_norm=0.436629
[V25 PPO] phase=1 rollout/transitions=6742016 safety/h_hard_min=4.81344 train/value_loss=10.8274 train/value_explained_variance=0.932501 train/approx_kl=0.00933171 train/clip_epsilon=0.2 train/actor_lr=0.0003 train/post_transition_steps=5234688 rollout/episode_return_std=nan train/grad_norm=0.486097
[V25 PPO] phase=1 rollout/transitions=6746112 safety/h_hard_min=4.83471 train/value_loss=9.06432 train/value_explained_variance=0.936557 train/approx_kl=0.00916146 train/clip_epsilon=0.2 train/actor_lr=0.0003 train/post_transition_steps=5238784 rollout/episode_return_std=nan train/grad_norm=0.287294
[V25 PPO] phase=1 rollout/transitions=6750208 safety/h_hard_min=4.83394 train/value_loss=8.54698 train/value_explained_variance=0.942437 train/approx_kl=0.00857563 train/clip_epsilon=0.2 train/actor_lr=0.0003 train/post_transition_steps=5242880 rollout/episode_return_std=nan train/grad_norm=0.483326
[V25 PPO] phase=1 rollout/transitions=6754304 safety/h_hard_min=4.78529 train/value_loss=9.61994 train/value_explained_variance=0.937575 train/approx_kl=0.00874296 train/clip_epsilon=0.2 train/actor_lr=0.0003 train/post_transition_steps=5246976 rollout/episode_return_std=nan train/grad_norm=0.738188
[V25 PPO] phase=1 rollout/transitions=6758400 safety/h_hard_min=4.78507 train/value_loss=10.4645 train/value_explained_variance=0.934337 train/approx_kl=0.00867933 train/clip_epsilon=0.2 train/actor_lr=0.0003 train/post_transition_steps=5251072 rollout/episode_return_std=nan train/grad_norm=0.258467
[V25 PPO] phase=1 rollout/transitions=6762496 safety/h_hard_min=4.83377 train/value_loss=7.86658 train/value_explained_variance=0.944098 train/approx_kl=0.00809926 train/clip_epsilon=0.2 train/actor_lr=0.0003 train/post_transition_steps=5255168 rollout/episode_return_std=nan train/grad_norm=1.5066
[V25 PPO] phase=1 rollout/transitions=6766592 safety/h_hard_min=4.82191 train/value_loss=8.28222 train/value_explained_variance=0.940734 train/approx_kl=0.00753296 train/clip_epsilon=0.2 train/actor_lr=0.0003 train/post_transition_steps=5259264 rollout/episode_return_std=nan train/grad_norm=2.00997
[V25 PPO] phase=1 rollout/transitions=6770688 safety/h_hard_min=4.86399 train/value_loss=9.08397 train/value_explained_variance=0.929983 train/approx_kl=0.00723708 train/clip_epsilon=0.2 train/actor_lr=0.0003 train/post_transition_steps=5263360 rollout/episode_return_std=nan train/grad_norm=0.601633
[V25 PPO] phase=1 rollout/transitions=6774784 safety/h_hard_min=4.80132 train/value_loss=9.37739 train/value_explained_variance=0.939824 train/approx_kl=0.0085502 train/clip_epsilon=0.2 train/actor_lr=0.0003 train/post_transition_steps=5267456 rollout/episode_return_std=nan train/grad_norm=0.88235
[V25 PPO] phase=1 rollout/transitions=6778880 safety/h_hard_min=4.80028 train/value_loss=9.14456 train/value_explained_variance=0.933309 train/approx_kl=0.00801819 train/clip_epsilon=0.2 train/actor_lr=0.0003 train/post_transition_steps=5271552 rollout/episode_return_std=nan train/grad_norm=0.199378
[V25 PPO] phase=1 rollout/transitions=6782976 safety/h_hard_min=4.81962 train/value_loss=10.6997 train/value_explained_variance=0.931325 train/approx_kl=0.00798788 train/clip_epsilon=0.2 train/actor_lr=0.0003 train/post_transition_steps=5275648 rollout/episode_return_std=nan train/grad_norm=0.15047
[V25 PPO] phase=1 rollout/transitions=6787072 safety/h_hard_min=4.80941 train/value_loss=8.88364 train/value_explained_variance=0.938785 train/approx_kl=0.00743082 train/clip_epsilon=0.2 train/actor_lr=0.0003 train/post_transition_steps=5279744 rollout/episode_return_std=nan train/grad_norm=0.103293
[V25 PPO] phase=1 rollout/transitions=6791168 safety/h_hard_min=4.8353 train/value_loss=9.72908 train/value_explained_variance=0.935513 train/approx_kl=0.00846998 train/clip_epsilon=0.2 train/actor_lr=0.0003 train/post_transition_steps=5283840 rollout/episode_return_std=nan train/grad_norm=0.687176
[V25 PPO] phase=1 rollout/transitions=6795264 safety/h_hard_min=4.79775 train/value_loss=9.62848 train/value_explained_variance=0.934096 train/approx_kl=0.0084255 train/clip_epsilon=0.2 train/actor_lr=0.0003 train/post_transition_steps=5287936 rollout/episode_return_std=nan train/grad_norm=0.630751
[V25 PPO] phase=1 rollout/transitions=6799360 safety/h_hard_min=4.8214 train/value_loss=9.42247 train/value_explained_variance=0.937606 train/approx_kl=0.00775022 train/clip_epsilon=0.2 train/actor_lr=0.0003 train/post_transition_steps=5292032 rollout/episode_return_std=nan train/grad_norm=1.03781
[V25 PPO] phase=1 rollout/transitions=6803456 safety/h_hard_min=4.84248 train/value_loss=10.5554 train/value_explained_variance=0.930115 train/approx_kl=0.00916536 train/clip_epsilon=0.2 train/actor_lr=0.0003 train/post_transition_steps=5296128 rollout/episode_return_std=nan train/grad_norm=0.806969
[V25 PPO] phase=1 rollout/transitions=6807552 safety/h_hard_min=4.79327 train/value_loss=9.68394 train/value_explained_variance=0.932539 train/approx_kl=0.0084051 train/clip_epsilon=0.2 train/actor_lr=0.0003 train/post_transition_steps=5300224 rollout/episode_return_std=nan train/grad_norm=1.89335
[V25 PPO] phase=1 rollout/transitions=6811648 safety/h_hard_min=4.833 train/value_loss=10.5942 train/value_explained_variance=0.93103 train/approx_kl=0.00843089 train/clip_epsilon=0.2 train/actor_lr=0.0003 train/post_transition_steps=5304320 rollout/episode_return_std=nan train/grad_norm=2.29247
[V25 PPO] phase=1 rollout/transitions=6815744 safety/h_hard_min=4.74993 train/value_loss=11.8013 train/value_explained_variance=0.928647 train/approx_kl=0.00834457 train/clip_epsilon=0.2 train/actor_lr=0.0003 train/post_transition_steps=5308416 rollout/episode_return_std=nan train/grad_norm=0.391402
[V25 PPO] phase=1 rollout/transitions=6819840 safety/h_hard_min=4.84349 train/value_loss=10.3628 train/value_explained_variance=0.931404 train/approx_kl=0.00879499 train/clip_epsilon=0.2 train/actor_lr=0.0003 train/post_transition_steps=5312512 rollout/episode_return_std=nan train/grad_norm=0.482659
[V25 PPO] phase=1 rollout/transitions=6823936 safety/h_hard_min=4.81002 train/value_loss=9.36372 train/value_explained_variance=0.941074 train/approx_kl=0.00857225 train/clip_epsilon=0.2 train/actor_lr=0.0003 train/post_transition_steps=5316608 rollout/episode_return_std=nan train/grad_norm=1.10274
[V25 PPO] phase=1 rollout/transitions=6828032 safety/h_hard_min=4.78951 train/value_loss=9.6212 train/value_explained_variance=0.935165 train/approx_kl=0.0093888 train/clip_epsilon=0.2 train/actor_lr=0.0003 train/post_transition_steps=5320704 rollout/episode_return_std=nan train/grad_norm=0.377617
[V25 PPO] phase=1 rollout/transitions=6832128 safety/h_hard_min=4.7748 train/value_loss=10.1837 train/value_explained_variance=0.933562 train/approx_kl=0.00916153 train/clip_epsilon=0.2 train/actor_lr=0.0003 train/post_transition_steps=5324800 rollout/episode_return_std=nan train/grad_norm=0.241997
[V25 PPO] phase=1 rollout/transitions=6836224 safety/h_hard_min=4.79022 train/value_loss=12.4059 train/value_explained_variance=0.92609 train/approx_kl=0.00928866 train/clip_epsilon=0.2 train/actor_lr=0.0003 train/post_transition_steps=5328896 rollout/episode_return_std=nan train/grad_norm=0.579659
[V25 PPO] phase=1 rollout/transitions=6840320 safety/h_hard_min=4.80674 train/value_loss=10.0172 train/value_explained_variance=0.93067 train/approx_kl=0.00850262 train/clip_epsilon=0.2 train/actor_lr=0.0003 train/post_transition_steps=5332992 rollout/episode_return_std=nan train/grad_norm=0.448648
[V25 PPO] phase=1 rollout/transitions=6844416 safety/h_hard_min=4.7897 train/value_loss=9.441 train/value_explained_variance=0.939894 train/approx_kl=0.00930665 train/clip_epsilon=0.2 train/actor_lr=0.0003 train/post_transition_steps=5337088 rollout/episode_return_std=nan train/grad_norm=1.0216
[V25 PPO] phase=1 rollout/transitions=6848512 safety/h_hard_min=4.78227 train/value_loss=12.0747 train/value_explained_variance=0.921325 train/approx_kl=0.00838771 train/clip_epsilon=0.2 train/actor_lr=0.0003 train/post_transition_steps=5341184 rollout/episode_return_std=nan train/grad_norm=0.48833
[V25 PPO] phase=1 rollout/transitions=6852608 safety/h_hard_min=4.80686 train/value_loss=11.9007 train/value_explained_variance=0.924789 train/approx_kl=0.00952291 train/clip_epsilon=0.2 train/actor_lr=0.0003 train/post_transition_steps=5345280 rollout/episode_return_std=nan train/grad_norm=0.986327
[V25 PPO] phase=1 rollout/transitions=6856704 safety/h_hard_min=4.81673 train/value_loss=10.2896 train/value_explained_variance=0.933179 train/approx_kl=0.00785714 train/clip_epsilon=0.2 train/actor_lr=0.0003 train/post_transition_steps=5349376 rollout/episode_return_std=nan train/grad_norm=0.716628
[V25 PPO] phase=1 rollout/transitions=6860800 safety/h_hard_min=4.81789 train/value_loss=12.2605 train/value_explained_variance=0.920538 train/approx_kl=0.00880709 train/clip_epsilon=0.2 train/actor_lr=0.0003 train/post_transition_steps=5353472 rollout/episode_return_std=nan train/grad_norm=0.415497
[V25 PPO] phase=1 rollout/transitions=6864896 safety/h_hard_min=4.82086 train/value_loss=9.64024 train/value_explained_variance=0.927357 train/approx_kl=0.00727901 train/clip_epsilon=0.2 train/actor_lr=0.0003 train/post_transition_steps=5357568 rollout/episode_return_std=nan train/grad_norm=0.218585
[V25 PPO] phase=1 rollout/transitions=6868992 safety/h_hard_min=4.79333 train/value_loss=11.8591 train/value_explained_variance=0.918043 train/approx_kl=0.00864571 train/clip_epsilon=0.2 train/actor_lr=0.0003 train/post_transition_steps=5361664 rollout/episode_return_std=nan train/grad_norm=0.77999
[V25 PPO] phase=1 rollout/transitions=6873088 safety/h_hard_min=4.81606 train/value_loss=9.3002 train/value_explained_variance=0.933477 train/approx_kl=0.007719 train/clip_epsilon=0.2 train/actor_lr=0.0003 train/post_transition_steps=5365760 rollout/episode_return_std=nan train/grad_norm=0.571523
[V25 PPO] phase=1 rollout/transitions=6877184 safety/h_hard_min=4.82495 train/value_loss=14.2424 train/value_explained_variance=0.918661 train/approx_kl=0.0103901 train/clip_epsilon=0.2 train/actor_lr=0.0003 train/post_transition_steps=5369856 rollout/episode_return_std=nan train/grad_norm=0.247612
[V25 PPO] phase=1 rollout/transitions=6881280 safety/h_hard_min=4.8036 train/value_loss=10.4386 train/value_explained_variance=0.929349 train/approx_kl=0.00825469 train/clip_epsilon=0.2 train/actor_lr=0.0003 train/post_transition_steps=5373952 rollout/episode_return_std=nan train/grad_norm=0.174674
[V25 PPO] phase=1 rollout/transitions=6885376 safety/h_hard_min=4.79513 train/value_loss=15.803 train/value_explained_variance=0.902891 train/approx_kl=0.00905346 train/clip_epsilon=0.2 train/actor_lr=0.0003 train/post_transition_steps=5378048 rollout/episode_return_std=nan train/grad_norm=0.464538
[V25 PPO] phase=1 rollout/transitions=6889472 safety/h_hard_min=4.84522 train/value_loss=9.61059 train/value_explained_variance=0.930435 train/approx_kl=0.00708984 train/clip_epsilon=0.2 train/actor_lr=0.0003 train/post_transition_steps=5382144 rollout/episode_return_std=nan train/grad_norm=0.622441
[V25 PPO] phase=1 rollout/transitions=6893568 safety/h_hard_min=4.79837 train/value_loss=10.7354 train/value_explained_variance=0.921677 train/approx_kl=0.00805034 train/clip_epsilon=0.2 train/actor_lr=0.0003 train/post_transition_steps=5386240 rollout/episode_return_std=nan train/grad_norm=0.361007
[V25 PPO] phase=1 rollout/transitions=6897664 safety/h_hard_min=4.83757 train/value_loss=11.5742 train/value_explained_variance=0.922818 train/approx_kl=0.00898983 train/clip_epsilon=0.2 train/actor_lr=0.0003 train/post_transition_steps=5390336 rollout/episode_return_std=nan train/grad_norm=0.59639
[V25 PPO] phase=1 rollout/transitions=6901760 safety/h_hard_min=4.8092 train/value_loss=8.85634 train/value_explained_variance=0.927897 train/approx_kl=0.00718737 train/clip_epsilon=0.2 train/actor_lr=0.0003 train/post_transition_steps=5394432 rollout/episode_return_std=nan train/grad_norm=0.504797
[V25 PPO] phase=1 rollout/transitions=6905856 safety/h_hard_min=4.81223 train/value_loss=11.4817 train/value_explained_variance=0.92141 train/approx_kl=0.00802711 train/clip_epsilon=0.2 train/actor_lr=0.0003 train/post_transition_steps=5398528 rollout/episode_return_std=nan train/grad_norm=0.59041
[V25 PPO] phase=1 rollout/transitions=6909952 safety/h_hard_min=4.81545 train/value_loss=9.94183 train/value_explained_variance=0.927512 train/approx_kl=0.00857962 train/clip_epsilon=0.2 train/actor_lr=0.0003 train/post_transition_steps=5402624 rollout/episode_return_std=nan train/grad_norm=0.768179
[V25 PPO] phase=1 rollout/transitions=6914048 safety/h_hard_min=4.77502 train/value_loss=9.75431 train/value_explained_variance=0.922756 train/approx_kl=0.00772639 train/clip_epsilon=0.2 train/actor_lr=0.0003 train/post_transition_steps=5406720 rollout/episode_return_std=nan train/grad_norm=0.558549
[V25 PPO] phase=1 rollout/transitions=6918144 safety/h_hard_min=4.80441 train/value_loss=11.7173 train/value_explained_variance=0.922689 train/approx_kl=0.00852768 train/clip_epsilon=0.2 train/actor_lr=0.0003 train/post_transition_steps=5410816 rollout/episode_return_std=nan train/grad_norm=0.580435
[V25 PPO] phase=1 rollout/transitions=6922240 safety/h_hard_min=4.81156 train/value_loss=11.4597 train/value_explained_variance=0.918797 train/approx_kl=0.00783824 train/clip_epsilon=0.2 train/actor_lr=0.0003 train/post_transition_steps=5414912 rollout/episode_return_std=nan train/grad_norm=1.69999
[V25 PPO] phase=1 rollout/transitions=6926336 safety/h_hard_min=4.76567 train/value_loss=11.9513 train/value_explained_variance=0.920714 train/approx_kl=0.00792262 train/clip_epsilon=0.2 train/actor_lr=0.0003 train/post_transition_steps=5419008 rollout/episode_return_std=nan train/grad_norm=0.451761
[V25 PPO] phase=1 rollout/transitions=6930432 safety/h_hard_min=4.8544 train/value_loss=9.37558 train/value_explained_variance=0.929039 train/approx_kl=0.00837412 train/clip_epsilon=0.2 train/actor_lr=0.0003 train/post_transition_steps=5423104 rollout/episode_return_std=nan train/grad_norm=1.65251
[V25 PPO] phase=1 rollout/transitions=6934528 safety/h_hard_min=4.73645 train/value_loss=13.5319 train/value_explained_variance=0.912 train/approx_kl=0.00844882 train/clip_epsilon=0.2 train/actor_lr=0.0003 train/post_transition_steps=5427200 rollout/episode_return_std=nan train/grad_norm=0.762012
[V25 PPO] phase=1 rollout/transitions=6938624 safety/h_hard_min=4.83405 train/value_loss=10.0545 train/value_explained_variance=0.927937 train/approx_kl=0.0076703 train/clip_epsilon=0.2 train/actor_lr=0.0003 train/post_transition_steps=5431296 rollout/episode_return_std=nan train/grad_norm=5.65729
[V25 PPO] phase=1 rollout/transitions=6942720 safety/h_hard_min=4.84628 train/value_loss=13.3222 train/value_explained_variance=0.906358 train/approx_kl=0.00877977 train/clip_epsilon=0.2 train/actor_lr=0.0003 train/post_transition_steps=5435392 rollout/episode_return_std=nan train/grad_norm=0.836028
[V25 PPO] phase=1 rollout/transitions=6946816 safety/h_hard_min=4.82371 train/value_loss=9.30371 train/value_explained_variance=0.93052 train/approx_kl=0.00894453 train/clip_epsilon=0.2 train/actor_lr=0.0003 train/post_transition_steps=5439488 rollout/episode_return_std=nan train/grad_norm=0.720714
[V25 PPO] phase=1 rollout/transitions=6950912 safety/h_hard_min=4.8423 train/value_loss=10.7641 train/value_explained_variance=0.921434 train/approx_kl=0.00915704 train/clip_epsilon=0.2 train/actor_lr=0.0003 train/post_transition_steps=5443584 rollout/episode_return_std=nan train/grad_norm=0.506863
[V25 PPO] phase=1 rollout/transitions=6955008 safety/h_hard_min=4.79075 train/value_loss=12.1189 train/value_explained_variance=0.913728 train/approx_kl=0.00809677 train/clip_epsilon=0.2 train/actor_lr=0.0003 train/post_transition_steps=5447680 rollout/episode_return_std=nan train/grad_norm=0.32931
[V25 PPO] phase=1 rollout/transitions=6959104 safety/h_hard_min=4.8208 train/value_loss=12.1798 train/value_explained_variance=0.913389 train/approx_kl=0.00956082 train/clip_epsilon=0.2 train/actor_lr=0.0003 train/post_transition_steps=5451776 rollout/episode_return_std=nan train/grad_norm=0.457046
[V25 PPO] phase=1 rollout/transitions=6963200 safety/h_hard_min=4.83632 train/value_loss=8.68773 train/value_explained_variance=0.928558 train/approx_kl=0.00722256 train/clip_epsilon=0.2 train/actor_lr=0.0003 train/post_transition_steps=5455872 rollout/episode_return_std=nan train/grad_norm=0.911813
[V25 PPO] phase=1 rollout/transitions=6967296 safety/h_hard_min=4.8336 train/value_loss=10.0274 train/value_explained_variance=0.926462 train/approx_kl=0.00924119 train/clip_epsilon=0.2 train/actor_lr=0.0003 train/post_transition_steps=5459968 rollout/episode_return_std=nan train/grad_norm=0.435209
[V25 PPO] phase=1 rollout/transitions=6971392 safety/h_hard_min=4.82426 train/value_loss=8.52764 train/value_explained_variance=0.929239 train/approx_kl=0.0078467 train/clip_epsilon=0.2 train/actor_lr=0.0003 train/post_transition_steps=5464064 rollout/episode_return_std=nan train/grad_norm=0.420713
[V25 PPO] phase=1 rollout/transitions=6975488 safety/h_hard_min=4.8509 train/value_loss=10.7726 train/value_explained_variance=0.917445 train/approx_kl=0.00817953 train/clip_epsilon=0.2 train/actor_lr=0.0003 train/post_transition_steps=5468160 rollout/episode_return_std=nan train/grad_norm=1.04617
[V25 PPO] phase=1 rollout/transitions=6979584 safety/h_hard_min=4.80678 train/value_loss=7.57605 train/value_explained_variance=0.932653 train/approx_kl=0.00698655 train/clip_epsilon=0.2 train/actor_lr=0.0003 train/post_transition_steps=5472256 rollout/episode_return_std=nan train/grad_norm=0.456939
[V25 PPO] phase=1 rollout/transitions=6983680 safety/h_hard_min=4.84721 train/value_loss=11.1915 train/value_explained_variance=0.919541 train/approx_kl=0.010032 train/clip_epsilon=0.2 train/actor_lr=0.0003 train/post_transition_steps=5476352 rollout/episode_return_std=nan train/grad_norm=0.365509
[V25 PPO] phase=1 rollout/transitions=6987776 safety/h_hard_min=4.82104 train/value_loss=9.20705 train/value_explained_variance=0.925501 train/approx_kl=0.00723382 train/clip_epsilon=0.2 train/actor_lr=0.0003 train/post_transition_steps=5480448 rollout/episode_return_std=nan train/grad_norm=0.724535
[V25 PPO] phase=1 rollout/transitions=6991872 safety/h_hard_min=4.78107 train/value_loss=12.4988 train/value_explained_variance=0.912069 train/approx_kl=0.00915666 train/clip_epsilon=0.2 train/actor_lr=0.0003 train/post_transition_steps=5484544 rollout/episode_return_std=nan train/grad_norm=0.779999
[V25 PPO] phase=1 rollout/transitions=6995968 safety/h_hard_min=4.82382 train/value_loss=11.6408 train/value_explained_variance=0.909692 train/approx_kl=0.00812467 train/clip_epsilon=0.2 train/actor_lr=0.0003 train/post_transition_steps=5488640 rollout/episode_return_std=nan train/grad_norm=0.508163
[V25 PPO] phase=1 rollout/transitions=7000064 safety/h_hard_min=4.7846 train/value_loss=14.2121 train/value_explained_variance=0.902153 train/approx_kl=0.00884357 train/clip_epsilon=0.2 train/actor_lr=0.0003 train/post_transition_steps=5492736 rollout/episode_return_std=nan train/grad_norm=0.360872
[V25 PPO] phase=1 rollout/transitions=7004160 safety/h_hard_min=4.77692 train/value_loss=10.1494 train/value_explained_variance=0.922976 train/approx_kl=0.00855015 train/clip_epsilon=0.2 train/actor_lr=0.0003 train/post_transition_steps=5496832 rollout/episode_return_std=nan train/grad_norm=0.341206
[V25 PPO] phase=1 rollout/transitions=7008256 safety/h_hard_min=4.81967 train/value_loss=12.1097 train/value_explained_variance=0.913424 train/approx_kl=0.00985541 train/clip_epsilon=0.2 train/actor_lr=0.0003 train/post_transition_steps=5500928 rollout/episode_return_std=nan train/grad_norm=0.8552
[V25 PPO] phase=1 rollout/transitions=7012352 safety/h_hard_min=4.81516 train/value_loss=8.94565 train/value_explained_variance=0.922789 train/approx_kl=0.00668215 train/clip_epsilon=0.2 train/actor_lr=0.0003 train/post_transition_steps=5505024 rollout/episode_return_std=nan train/grad_norm=1.32325
[V25 PPO] phase=1 rollout/transitions=7016448 safety/h_hard_min=4.7961 train/value_loss=8.96622 train/value_explained_variance=0.924596 train/approx_kl=0.00711902 train/clip_epsilon=0.2 train/actor_lr=0.0003 train/post_transition_steps=5509120 rollout/episode_return_std=nan train/grad_norm=0.745415
[V25 PPO] phase=1 rollout/transitions=7020544 safety/h_hard_min=4.81146 train/value_loss=11.3123 train/value_explained_variance=0.91697 train/approx_kl=0.0094611 train/clip_epsilon=0.2 train/actor_lr=0.0003 train/post_transition_steps=5513216 rollout/episode_return_std=nan train/grad_norm=0.744219
[V25 PPO] phase=1 rollout/transitions=7024640 safety/h_hard_min=4.77978 train/value_loss=9.4086 train/value_explained_variance=0.916141 train/approx_kl=0.00722534 train/clip_epsilon=0.2 train/actor_lr=0.0003 train/post_transition_steps=5517312 rollout/episode_return_std=nan train/grad_norm=1.08023
[V25 PPO] phase=1 rollout/transitions=7028736 safety/h_hard_min=4.81777 train/value_loss=10.3142 train/value_explained_variance=0.911875 train/approx_kl=0.00815172 train/clip_epsilon=0.2 train/actor_lr=0.0003 train/post_transition_steps=5521408 rollout/episode_return_std=nan train/grad_norm=0.425065
[V25 PPO] phase=1 rollout/transitions=7032832 safety/h_hard_min=4.80858 train/value_loss=9.3755 train/value_explained_variance=0.923609 train/approx_kl=0.0077241 train/clip_epsilon=0.2 train/actor_lr=0.0003 train/post_transition_steps=5525504 rollout/episode_return_std=nan train/grad_norm=0.555616
[V25 PPO] phase=1 rollout/transitions=7036928 safety/h_hard_min=4.81743 train/value_loss=12.2504 train/value_explained_variance=0.922777 train/approx_kl=0.00845886 train/clip_epsilon=0.2 train/actor_lr=0.0003 train/post_transition_steps=5529600 rollout/episode_return_std=nan train/grad_norm=1.59189
[V25 PPO] phase=1 rollout/transitions=7041024 safety/h_hard_min=4.82203 train/value_loss=10.7906 train/value_explained_variance=0.926202 train/approx_kl=0.00757343 train/clip_epsilon=0.2 train/actor_lr=0.0003 train/post_transition_steps=5533696 rollout/episode_return_std=nan train/grad_norm=0.531307
[V25 PPO] phase=1 rollout/transitions=7045120 safety/h_hard_min=4.78649 train/value_loss=8.79016 train/value_explained_variance=0.939948 train/approx_kl=0.00930292 train/clip_epsilon=0.2 train/actor_lr=0.0003 train/post_transition_steps=5537792 rollout/episode_return_std=nan train/grad_norm=1.76131
[V25 PPO] phase=1 rollout/transitions=7049216 safety/h_hard_min=4.85236 train/value_loss=7.49733 train/value_explained_variance=0.942289 train/approx_kl=0.00834443 train/clip_epsilon=0.2 train/actor_lr=0.0003 train/post_transition_steps=5541888 rollout/episode_return_std=nan train/grad_norm=1.74302
[V25 PPO] phase=1 rollout/transitions=7053312 safety/h_hard_min=4.84746 train/value_loss=8.9569 train/value_explained_variance=0.936867 train/approx_kl=0.00825363 train/clip_epsilon=0.2 train/actor_lr=0.0003 train/post_transition_steps=5545984 rollout/episode_return_std=nan train/grad_norm=0.214353
[V25 PPO] phase=1 rollout/transitions=7057408 safety/h_hard_min=4.84457 train/value_loss=9.35677 train/value_explained_variance=0.93277 train/approx_kl=0.00779557 train/clip_epsilon=0.2 train/actor_lr=0.0003 train/post_transition_steps=5550080 rollout/episode_return_std=nan train/grad_norm=0.186826
[V25 PPO] phase=1 rollout/transitions=7061504 safety/h_hard_min=4.825 train/value_loss=9.49963 train/value_explained_variance=0.940422 train/approx_kl=0.0093141 train/clip_epsilon=0.2 train/actor_lr=0.0003 train/post_transition_steps=5554176 rollout/episode_return_std=nan train/grad_norm=1.02316
[V25 PPO] phase=1 rollout/transitions=7065600 safety/h_hard_min=4.82032 train/value_loss=8.74546 train/value_explained_variance=0.937435 train/approx_kl=0.00774661 train/clip_epsilon=0.2 train/actor_lr=0.0003 train/post_transition_steps=5558272 rollout/episode_return_std=nan train/grad_norm=0.576303
[V25 PPO] phase=1 rollout/transitions=7069696 safety/h_hard_min=4.81199 train/value_loss=9.85176 train/value_explained_variance=0.934104 train/approx_kl=0.00758971 train/clip_epsilon=0.2 train/actor_lr=0.0003 train/post_transition_steps=5562368 rollout/episode_return_std=nan train/grad_norm=1.42033
[V25 PPO] phase=1 rollout/transitions=7073792 safety/h_hard_min=4.80371 train/value_loss=9.38857 train/value_explained_variance=0.936077 train/approx_kl=0.0086861 train/clip_epsilon=0.2 train/actor_lr=0.0003 train/post_transition_steps=5566464 rollout/episode_return_std=nan train/grad_norm=0.317086
[V25 PPO] phase=1 rollout/transitions=7077888 safety/h_hard_min=4.83436 train/value_loss=8.32734 train/value_explained_variance=0.93893 train/approx_kl=0.0079091 train/clip_epsilon=0.2 train/actor_lr=0.0003 train/post_transition_steps=5570560 rollout/episode_return_std=nan train/grad_norm=0.695464
[V25 PPO] phase=1 rollout/transitions=7081984 safety/h_hard_min=4.79795 train/value_loss=8.60709 train/value_explained_variance=0.934966 train/approx_kl=0.0066494 train/clip_epsilon=0.2 train/actor_lr=0.0003 train/post_transition_steps=5574656 rollout/episode_return_std=nan train/grad_norm=0.967313
[V25 PPO] phase=1 rollout/transitions=7086080 safety/h_hard_min=4.81717 train/value_loss=7.35845 train/value_explained_variance=0.943686 train/approx_kl=0.00782348 train/clip_epsilon=0.2 train/actor_lr=0.0003 train/post_transition_steps=5578752 rollout/episode_return_std=nan train/grad_norm=0.54845
[V25 PPO] phase=1 rollout/transitions=7090176 safety/h_hard_min=4.79846 train/value_loss=10.8353 train/value_explained_variance=0.93713 train/approx_kl=0.00909372 train/clip_epsilon=0.2 train/actor_lr=0.0003 train/post_transition_steps=5582848 rollout/episode_return_std=nan train/grad_norm=0.102853
[V25 PPO] phase=1 rollout/transitions=7094272 safety/h_hard_min=4.81747 train/value_loss=9.83102 train/value_explained_variance=0.939739 train/approx_kl=0.0101045 train/clip_epsilon=0.2 train/actor_lr=0.0003 train/post_transition_steps=5586944 rollout/episode_return_std=nan train/grad_norm=0.793884
[V25 PPO] phase=1 rollout/transitions=7098368 safety/h_hard_min=4.83556 train/value_loss=8.40871 train/value_explained_variance=0.939922 train/approx_kl=0.00704064 train/clip_epsilon=0.2 train/actor_lr=0.0003 train/post_transition_steps=5591040 rollout/episode_return_std=nan train/grad_norm=1.70627
[V25 PPO] phase=1 rollout/transitions=7102464 safety/h_hard_min=4.83816 train/value_loss=9.41001 train/value_explained_variance=0.940385 train/approx_kl=0.00913377 train/clip_epsilon=0.2 train/actor_lr=0.0003 train/post_transition_steps=5595136 rollout/episode_return_std=nan train/grad_norm=1.47123
[V25 PPO] phase=1 rollout/transitions=7106560 safety/h_hard_min=4.75829 train/value_loss=10.0115 train/value_explained_variance=0.932009 train/approx_kl=0.00689682 train/clip_epsilon=0.2 train/actor_lr=0.0003 train/post_transition_steps=5599232 rollout/episode_return_std=nan train/grad_norm=0.808701
[V25 PPO] phase=1 rollout/transitions=7110656 safety/h_hard_min=4.79933 train/value_loss=8.15572 train/value_explained_variance=0.939617 train/approx_kl=0.00917412 train/clip_epsilon=0.2 train/actor_lr=0.0003 train/post_transition_steps=5603328 rollout/episode_return_std=nan train/grad_norm=1.64209
[V25 PPO] phase=1 rollout/transitions=7114752 safety/h_hard_min=4.88914 train/value_loss=8.10303 train/value_explained_variance=0.939969 train/approx_kl=0.00809791 train/clip_epsilon=0.2 train/actor_lr=0.0003 train/post_transition_steps=5607424 rollout/episode_return_std=nan train/grad_norm=1.45256
[V25 PPO] phase=1 rollout/transitions=7118848 safety/h_hard_min=4.83709 train/value_loss=9.10759 train/value_explained_variance=0.941747 train/approx_kl=0.008197 train/clip_epsilon=0.2 train/actor_lr=0.0003 train/post_transition_steps=5611520 rollout/episode_return_std=nan train/grad_norm=0.126983
[V25 PPO] phase=1 rollout/transitions=7122944 safety/h_hard_min=4.84968 train/value_loss=9.51682 train/value_explained_variance=0.936739 train/approx_kl=0.00853711 train/clip_epsilon=0.2 train/actor_lr=0.0003 train/post_transition_steps=5615616 rollout/episode_return_std=nan train/grad_norm=0.15673
[V25 PPO] phase=1 rollout/transitions=7127040 safety/h_hard_min=4.82508 train/value_loss=9.67579 train/value_explained_variance=0.938617 train/approx_kl=0.00827472 train/clip_epsilon=0.2 train/actor_lr=0.0003 train/post_transition_steps=5619712 rollout/episode_return_std=nan train/grad_norm=0.400268
[V25 PPO] phase=1 rollout/transitions=7131136 safety/h_hard_min=4.82939 train/value_loss=9.85911 train/value_explained_variance=0.933483 train/approx_kl=0.00755225 train/clip_epsilon=0.2 train/actor_lr=0.0003 train/post_transition_steps=5623808 rollout/episode_return_std=nan train/grad_norm=0.307753
[V25 PPO] phase=1 rollout/transitions=7135232 safety/h_hard_min=4.83715 train/value_loss=9.26721 train/value_explained_variance=0.937766 train/approx_kl=0.00851821 train/clip_epsilon=0.2 train/actor_lr=0.0003 train/post_transition_steps=5627904 rollout/episode_return_std=nan train/grad_norm=0.36421
[V25 PPO] phase=1 rollout/transitions=7139328 safety/h_hard_min=4.80389 train/value_loss=9.89286 train/value_explained_variance=0.933844 train/approx_kl=0.00801118 train/clip_epsilon=0.2 train/actor_lr=0.0003 train/post_transition_steps=5632000 rollout/episode_return_std=nan train/grad_norm=0.605934
[V25 PPO] phase=1 rollout/transitions=7143424 safety/h_hard_min=4.83163 train/value_loss=10.864 train/value_explained_variance=0.927544 train/approx_kl=0.00873764 train/clip_epsilon=0.2 train/actor_lr=0.0003 train/post_transition_steps=5636096 rollout/episode_return_std=nan train/grad_norm=0.24709
[V25 PPO] phase=1 rollout/transitions=7147520 safety/h_hard_min=4.81259 train/value_loss=10.0179 train/value_explained_variance=0.937347 train/approx_kl=0.00992511 train/clip_epsilon=0.2 train/actor_lr=0.0003 train/post_transition_steps=5640192 rollout/episode_return_std=nan train/grad_norm=0.882939
[V25 PPO] phase=1 rollout/transitions=7151616 safety/h_hard_min=4.80515 train/value_loss=9.16686 train/value_explained_variance=0.931112 train/approx_kl=0.00821626 train/clip_epsilon=0.2 train/actor_lr=0.0003 train/post_transition_steps=5644288 rollout/episode_return_std=nan train/grad_norm=0.867909
[V25 PPO] phase=1 rollout/transitions=7155712 safety/h_hard_min=4.84404 train/value_loss=8.77864 train/value_explained_variance=0.938721 train/approx_kl=0.00756258 train/clip_epsilon=0.2 train/actor_lr=0.0003 train/post_transition_steps=5648384 rollout/episode_return_std=nan train/grad_norm=0.315538
[V25 PPO] phase=1 rollout/transitions=7159808 safety/h_hard_min=4.82786 train/value_loss=12.6201 train/value_explained_variance=0.922831 train/approx_kl=0.00826552 train/clip_epsilon=0.2 train/actor_lr=0.0003 train/post_transition_steps=5652480 rollout/episode_return_std=nan train/grad_norm=0.664694
[V25 PPO] phase=1 rollout/transitions=7163904 safety/h_hard_min=4.82561 train/value_loss=10.6863 train/value_explained_variance=0.933299 train/approx_kl=0.00871371 train/clip_epsilon=0.2 train/actor_lr=0.0003 train/post_transition_steps=5656576 rollout/episode_return_std=nan train/grad_norm=0.271689
[V25 PPO] phase=1 rollout/transitions=7168000 safety/h_hard_min=4.83158 train/value_loss=9.72385 train/value_explained_variance=0.935953 train/approx_kl=0.0087228 train/clip_epsilon=0.2 train/actor_lr=0.0003 train/post_transition_steps=5660672 rollout/episode_return_std=nan train/grad_norm=0.327454
[V25 PPO] phase=1 rollout/transitions=7172096 safety/h_hard_min=4.8389 train/value_loss=9.10865 train/value_explained_variance=0.936094 train/approx_kl=0.00789276 train/clip_epsilon=0.2 train/actor_lr=0.0003 train/post_transition_steps=5664768 rollout/episode_return_std=nan train/grad_norm=0.330967
[V25 PPO] phase=1 rollout/transitions=7176192 safety/h_hard_min=4.82881 train/value_loss=9.02207 train/value_explained_variance=0.935262 train/approx_kl=0.00808882 train/clip_epsilon=0.2 train/actor_lr=0.0003 train/post_transition_steps=5668864 rollout/episode_return_std=nan train/grad_norm=0.301506
[V25 PPO] phase=1 rollout/transitions=7180288 safety/h_hard_min=4.8287 train/value_loss=10.0404 train/value_explained_variance=0.935548 train/approx_kl=0.00970263 train/clip_epsilon=0.2 train/actor_lr=0.0003 train/post_transition_steps=5672960 rollout/episode_return_std=nan train/grad_norm=0.253589
[V25 PPO] phase=1 rollout/transitions=7184384 safety/h_hard_min=4.82923 train/value_loss=9.57488 train/value_explained_variance=0.935575 train/approx_kl=0.00825891 train/clip_epsilon=0.2 train/actor_lr=0.0003 train/post_transition_steps=5677056 rollout/episode_return_std=nan train/grad_norm=0.33382
[V25 PPO] phase=1 rollout/transitions=7188480 safety/h_hard_min=4.82316 train/value_loss=8.94515 train/value_explained_variance=0.934239 train/approx_kl=0.00797099 train/clip_epsilon=0.2 train/actor_lr=0.0003 train/post_transition_steps=5681152 rollout/episode_return_std=nan train/grad_norm=0.225323
[V25 PPO] phase=1 rollout/transitions=7192576 safety/h_hard_min=4.84312 train/value_loss=8.61731 train/value_explained_variance=0.9337 train/approx_kl=0.00745991 train/clip_epsilon=0.2 train/actor_lr=0.0003 train/post_transition_steps=5685248 rollout/episode_return_std=nan train/grad_norm=0.236323
[V25 PPO] phase=1 rollout/transitions=7196672 safety/h_hard_min=4.83047 train/value_loss=9.49168 train/value_explained_variance=0.936176 train/approx_kl=0.00789053 train/clip_epsilon=0.2 train/actor_lr=0.0003 train/post_transition_steps=5689344 rollout/episode_return_std=nan train/grad_norm=0.428637
[V25 PPO] phase=1 rollout/transitions=7200768 safety/h_hard_min=4.81812 train/value_loss=10.4448 train/value_explained_variance=0.931159 train/approx_kl=0.00876291 train/clip_epsilon=0.2 train/actor_lr=0.0003 train/post_transition_steps=5693440 rollout/episode_return_std=nan train/grad_norm=0.466043
[V25 PPO] phase=1 rollout/transitions=7204864 safety/h_hard_min=4.78446 train/value_loss=9.1657 train/value_explained_variance=0.934762 train/approx_kl=0.00838759 train/clip_epsilon=0.2 train/actor_lr=0.0003 train/post_transition_steps=5697536 rollout/episode_return_std=nan train/grad_norm=0.134233
[V25 PPO] phase=1 rollout/transitions=7208960 safety/h_hard_min=4.8208 train/value_loss=8.7966 train/value_explained_variance=0.93665 train/approx_kl=0.00772433 train/clip_epsilon=0.2 train/actor_lr=0.0003 train/post_transition_steps=5701632 rollout/episode_return_std=nan train/grad_norm=0.409539
[V25 PPO] phase=1 rollout/transitions=7213056 safety/h_hard_min=4.80241 train/value_loss=10.912 train/value_explained_variance=0.926271 train/approx_kl=0.00813091 train/clip_epsilon=0.2 train/actor_lr=0.0003 train/post_transition_steps=5705728 rollout/episode_return_std=nan train/grad_norm=0.153771
[V25 PPO] phase=1 rollout/transitions=7217152 safety/h_hard_min=4.80714 train/value_loss=11.3951 train/value_explained_variance=0.92842 train/approx_kl=0.00848625 train/clip_epsilon=0.2 train/actor_lr=0.0003 train/post_transition_steps=5709824 rollout/episode_return_std=nan train/grad_norm=0.335464
[V25 PPO] phase=1 rollout/transitions=7221248 safety/h_hard_min=4.84386 train/value_loss=11.1532 train/value_explained_variance=0.925735 train/approx_kl=0.00872347 train/clip_epsilon=0.2 train/actor_lr=0.0003 train/post_transition_steps=5713920 rollout/episode_return_std=nan train/grad_norm=0.922998
[V25 PPO] phase=1 rollout/transitions=7225344 safety/h_hard_min=4.81035 train/value_loss=11.1685 train/value_explained_variance=0.926031 train/approx_kl=0.00746133 train/clip_epsilon=0.2 train/actor_lr=0.0003 train/post_transition_steps=5718016 rollout/episode_return_std=nan train/grad_norm=0.581796
[V25 PPO] phase=1 rollout/transitions=7229440 safety/h_hard_min=4.8115 train/value_loss=8.69995 train/value_explained_variance=0.939573 train/approx_kl=0.00810225 train/clip_epsilon=0.2 train/actor_lr=0.0003 train/post_transition_steps=5722112 rollout/episode_return_std=nan train/grad_norm=0.684272
[V25 PPO] phase=1 rollout/transitions=7233536 safety/h_hard_min=4.82682 train/value_loss=8.98244 train/value_explained_variance=0.931187 train/approx_kl=0.006993 train/clip_epsilon=0.2 train/actor_lr=0.0003 train/post_transition_steps=5726208 rollout/episode_return_std=nan train/grad_norm=1.12279
[V25 PPO] phase=1 rollout/transitions=7237632 safety/h_hard_min=4.81481 train/value_loss=10.1434 train/value_explained_variance=0.931102 train/approx_kl=0.00862869 train/clip_epsilon=0.2 train/actor_lr=0.0003 train/post_transition_steps=5730304 rollout/episode_return_std=nan train/grad_norm=0.342198
[V25 PPO] phase=1 rollout/transitions=7241728 safety/h_hard_min=4.82092 train/value_loss=9.07784 train/value_explained_variance=0.936519 train/approx_kl=0.00841207 train/clip_epsilon=0.2 train/actor_lr=0.0003 train/post_transition_steps=5734400 rollout/episode_return_std=nan train/grad_norm=0.29739
[V25 PPO] phase=1 rollout/transitions=7245824 safety/h_hard_min=4.81841 train/value_loss=10.1934 train/value_explained_variance=0.927438 train/approx_kl=0.00837976 train/clip_epsilon=0.2 train/actor_lr=0.0003 train/post_transition_steps=5738496 rollout/episode_return_std=nan train/grad_norm=0.341084
[V25 PPO] phase=1 rollout/transitions=7249920 safety/h_hard_min=4.82139 train/value_loss=12.2031 train/value_explained_variance=0.921669 train/approx_kl=0.00922926 train/clip_epsilon=0.2 train/actor_lr=0.0003 train/post_transition_steps=5742592 rollout/episode_return_std=nan train/grad_norm=0.769442
[V25 PPO] phase=1 rollout/transitions=7254016 safety/h_hard_min=4.79515 train/value_loss=9.17192 train/value_explained_variance=0.937401 train/approx_kl=0.00905485 train/clip_epsilon=0.2 train/actor_lr=0.0003 train/post_transition_steps=5746688 rollout/episode_return_std=nan train/grad_norm=1.13188
[V25 PPO] phase=1 rollout/transitions=7258112 safety/h_hard_min=4.78879 train/value_loss=10.402 train/value_explained_variance=0.928994 train/approx_kl=0.00829445 train/clip_epsilon=0.2 train/actor_lr=0.0003 train/post_transition_steps=5750784 rollout/episode_return_std=nan train/grad_norm=0.956601
[V25 PPO] phase=1 rollout/transitions=7262208 safety/h_hard_min=4.81439 train/value_loss=11.5423 train/value_explained_variance=0.923844 train/approx_kl=0.00835611 train/clip_epsilon=0.2 train/actor_lr=0.0003 train/post_transition_steps=5754880 rollout/episode_return_std=nan train/grad_norm=0.603774
[V25 PPO] phase=1 rollout/transitions=7266304 safety/h_hard_min=4.83717 train/value_loss=11.3341 train/value_explained_variance=0.928929 train/approx_kl=0.0114369 train/clip_epsilon=0.2 train/actor_lr=0.0003 train/post_transition_steps=5758976 rollout/episode_return_std=nan train/grad_norm=0.54142
[V25 PPO] phase=1 rollout/transitions=7270400 safety/h_hard_min=4.78848 train/value_loss=11.5155 train/value_explained_variance=0.925394 train/approx_kl=0.00869945 train/clip_epsilon=0.2 train/actor_lr=0.0003 train/post_transition_steps=5763072 rollout/episode_return_std=nan train/grad_norm=0.32131
[V25 PPO] phase=1 rollout/transitions=7274496 safety/h_hard_min=4.84136 train/value_loss=11.2449 train/value_explained_variance=0.921406 train/approx_kl=0.00888125 train/clip_epsilon=0.2 train/actor_lr=0.0003 train/post_transition_steps=5767168 rollout/episode_return_std=nan train/grad_norm=0.590142
[V25 PPO] phase=1 rollout/transitions=7278592 safety/h_hard_min=4.7826 train/value_loss=11.3031 train/value_explained_variance=0.926904 train/approx_kl=0.00855493 train/clip_epsilon=0.2 train/actor_lr=0.0003 train/post_transition_steps=5771264 rollout/episode_return_std=nan train/grad_norm=0.966959
[V25 PPO] phase=1 rollout/transitions=7282688 safety/h_hard_min=4.79252 train/value_loss=13.1693 train/value_explained_variance=0.919727 train/approx_kl=0.00934311 train/clip_epsilon=0.2 train/actor_lr=0.0003 train/post_transition_steps=5775360 rollout/episode_return_std=nan train/grad_norm=0.704373
[V25 PPO] phase=1 rollout/transitions=7286784 safety/h_hard_min=4.83297 train/value_loss=11.4526 train/value_explained_variance=0.922364 train/approx_kl=0.00787633 train/clip_epsilon=0.2 train/actor_lr=0.0003 train/post_transition_steps=5779456 rollout/episode_return_std=nan train/grad_norm=0.490636
[V25 PPO] phase=1 rollout/transitions=7290880 safety/h_hard_min=4.81773 train/value_loss=10.5385 train/value_explained_variance=0.92226 train/approx_kl=0.00829891 train/clip_epsilon=0.2 train/actor_lr=0.0003 train/post_transition_steps=5783552 rollout/episode_return_std=nan train/grad_norm=0.338953
[V25 PPO] phase=1 rollout/transitions=7294976 safety/h_hard_min=4.83776 train/value_loss=10.6192 train/value_explained_variance=0.928848 train/approx_kl=0.00855803 train/clip_epsilon=0.2 train/actor_lr=0.0003 train/post_transition_steps=5787648 rollout/episode_return_std=nan train/grad_norm=0.513026
[V25 PPO] phase=1 rollout/transitions=7299072 safety/h_hard_min=4.81808 train/value_loss=9.43171 train/value_explained_variance=0.926713 train/approx_kl=0.0071245 train/clip_epsilon=0.2 train/actor_lr=0.0003 train/post_transition_steps=5791744 rollout/episode_return_std=nan train/grad_norm=0.570964
[V25 PPO] phase=1 rollout/transitions=7303168 safety/h_hard_min=4.84022 train/value_loss=14.1108 train/value_explained_variance=0.913039 train/approx_kl=0.00957852 train/clip_epsilon=0.2 train/actor_lr=0.0003 train/post_transition_steps=5795840 rollout/episode_return_std=nan train/grad_norm=0.622816
[V25 PPO] phase=1 rollout/transitions=7307264 safety/h_hard_min=4.83416 train/value_loss=10.7099 train/value_explained_variance=0.92265 train/approx_kl=0.00958496 train/clip_epsilon=0.2 train/actor_lr=0.0003 train/post_transition_steps=5799936 rollout/episode_return_std=nan train/grad_norm=0.487023
[V25 PPO] phase=1 rollout/transitions=7311360 safety/h_hard_min=4.85042 train/value_loss=10.6783 train/value_explained_variance=0.923993 train/approx_kl=0.00809745 train/clip_epsilon=0.2 train/actor_lr=0.0003 train/post_transition_steps=5804032 rollout/episode_return_std=nan train/grad_norm=0.343648
[V25 PPO] phase=1 rollout/transitions=7315456 safety/h_hard_min=4.86527 train/value_loss=9.44576 train/value_explained_variance=0.929452 train/approx_kl=0.00790331 train/clip_epsilon=0.2 train/actor_lr=0.0003 train/post_transition_steps=5808128 rollout/episode_return_std=nan train/grad_norm=1.11944
[V25 PPO] phase=1 rollout/transitions=7319552 safety/h_hard_min=4.81388 train/value_loss=13.663 train/value_explained_variance=0.913406 train/approx_kl=0.00942259 train/clip_epsilon=0.2 train/actor_lr=0.0003 train/post_transition_steps=5812224 rollout/episode_return_std=nan train/grad_norm=0.619087
[V25 PPO] phase=1 rollout/transitions=7323648 safety/h_hard_min=4.83486 train/value_loss=11.0658 train/value_explained_variance=0.923873 train/approx_kl=0.00889125 train/clip_epsilon=0.2 train/actor_lr=0.0003 train/post_transition_steps=5816320 rollout/episode_return_std=nan train/grad_norm=1.24328
[V25 PPO] phase=1 rollout/transitions=7327744 safety/h_hard_min=4.84292 train/value_loss=10.7908 train/value_explained_variance=0.924677 train/approx_kl=0.00815461 train/clip_epsilon=0.2 train/actor_lr=0.0003 train/post_transition_steps=5820416 rollout/episode_return_std=nan train/grad_norm=0.719119
[V25 PPO] phase=1 rollout/transitions=7331840 safety/h_hard_min=4.82379 train/value_loss=11.1505 train/value_explained_variance=0.922321 train/approx_kl=0.00779241 train/clip_epsilon=0.2 train/actor_lr=0.0003 train/post_transition_steps=5824512 rollout/episode_return_std=nan train/grad_norm=0.205476
[V25 PPO] phase=1 rollout/transitions=7335936 safety/h_hard_min=4.84989 train/value_loss=9.64556 train/value_explained_variance=0.925447 train/approx_kl=0.00782767 train/clip_epsilon=0.2 train/actor_lr=0.0003 train/post_transition_steps=5828608 rollout/episode_return_std=nan train/grad_norm=0.66927
[V25 PPO] phase=1 rollout/transitions=7340032 safety/h_hard_min=4.83394 train/value_loss=11.3568 train/value_explained_variance=0.922732 train/approx_kl=0.00982898 train/clip_epsilon=0.2 train/actor_lr=0.0003 train/post_transition_steps=5832704 rollout/episode_return_std=nan train/grad_norm=0.708577
[V25 PPO] phase=1 rollout/transitions=7344128 safety/h_hard_min=4.82764 train/value_loss=10.6845 train/value_explained_variance=0.923146 train/approx_kl=0.00754832 train/clip_epsilon=0.2 train/actor_lr=0.0003 train/post_transition_steps=5836800 rollout/episode_return_std=nan train/grad_norm=0.550944
[V25 PPO] phase=1 rollout/transitions=7348224 safety/h_hard_min=4.86843 train/value_loss=11.2778 train/value_explained_variance=0.923869 train/approx_kl=0.00994253 train/clip_epsilon=0.2 train/actor_lr=0.0003 train/post_transition_steps=5840896 rollout/episode_return_std=nan train/grad_norm=1.29695
[V25 PPO] phase=1 rollout/transitions=7352320 safety/h_hard_min=4.82441 train/value_loss=12.5614 train/value_explained_variance=0.922859 train/approx_kl=0.00918663 train/clip_epsilon=0.2 train/actor_lr=0.0003 train/post_transition_steps=5844992 rollout/episode_return_std=nan train/grad_norm=0.428497
[V25 PPO] phase=1 rollout/transitions=7356416 safety/h_hard_min=4.86688 train/value_loss=12.2812 train/value_explained_variance=0.914284 train/approx_kl=0.0085655 train/clip_epsilon=0.2 train/actor_lr=0.0003 train/post_transition_steps=5849088 rollout/episode_return_std=nan train/grad_norm=1.39251
[V25 PPO] phase=1 rollout/transitions=7360512 safety/h_hard_min=4.82176 train/value_loss=11.6704 train/value_explained_variance=0.92 train/approx_kl=0.00896108 train/clip_epsilon=0.2 train/actor_lr=0.0003 train/post_transition_steps=5853184 rollout/episode_return_std=nan train/grad_norm=0.345403
[V25 PPO] phase=1 rollout/transitions=7364608 safety/h_hard_min=4.85161 train/value_loss=11.6332 train/value_explained_variance=0.918644 train/approx_kl=0.00793625 train/clip_epsilon=0.2 train/actor_lr=0.0003 train/post_transition_steps=5857280 rollout/episode_return_std=nan train/grad_norm=0.292905
[V25 PPO] phase=1 rollout/transitions=7368704 safety/h_hard_min=4.80771 train/value_loss=12.1432 train/value_explained_variance=0.916316 train/approx_kl=0.00890141 train/clip_epsilon=0.2 train/actor_lr=0.0003 train/post_transition_steps=5861376 rollout/episode_return_std=nan train/grad_norm=0.258928
[V25 PPO] phase=1 rollout/transitions=7372800 safety/h_hard_min=4.8568 train/value_loss=10.9488 train/value_explained_variance=0.919129 train/approx_kl=0.00818668 train/clip_epsilon=0.2 train/actor_lr=0.0003 train/post_transition_steps=5865472 rollout/episode_return_std=nan train/grad_norm=0.15884
[V25 PPO] phase=1 rollout/transitions=7376896 safety/h_hard_min=4.8365 train/value_loss=10.145 train/value_explained_variance=0.91962 train/approx_kl=0.00846489 train/clip_epsilon=0.2 train/actor_lr=0.0003 train/post_transition_steps=5869568 rollout/episode_return_std=nan train/grad_norm=0.426328
[V25 PPO] phase=1 rollout/transitions=7380992 safety/h_hard_min=4.81533 train/value_loss=11.4062 train/value_explained_variance=0.925299 train/approx_kl=0.00863929 train/clip_epsilon=0.2 train/actor_lr=0.0003 train/post_transition_steps=5873664 rollout/episode_return_std=nan train/grad_norm=0.702687
[V25 PPO] phase=1 rollout/transitions=7385088 safety/h_hard_min=4.81405 train/value_loss=13.2829 train/value_explained_variance=0.913016 train/approx_kl=0.00891029 train/clip_epsilon=0.2 train/actor_lr=0.0003 train/post_transition_steps=5877760 rollout/episode_return_std=nan train/grad_norm=0.369613
[V25 PPO] phase=1 rollout/transitions=7389184 safety/h_hard_min=4.80215 train/value_loss=13.5892 train/value_explained_variance=0.906738 train/approx_kl=0.0096207 train/clip_epsilon=0.2 train/actor_lr=0.0003 train/post_transition_steps=5881856 rollout/episode_return_std=nan train/grad_norm=0.920091
[V25 PPO] phase=1 rollout/transitions=7393280 safety/h_hard_min=4.78013 train/value_loss=10.421 train/value_explained_variance=0.918494 train/approx_kl=0.00692919 train/clip_epsilon=0.2 train/actor_lr=0.0003 train/post_transition_steps=5885952 rollout/episode_return_std=nan train/grad_norm=0.463042
[V25 PPO] phase=1 rollout/transitions=7397376 safety/h_hard_min=4.79239 train/value_loss=10.48 train/value_explained_variance=0.917706 train/approx_kl=0.00777205 train/clip_epsilon=0.2 train/actor_lr=0.0003 train/post_transition_steps=5890048 rollout/episode_return_std=nan train/grad_norm=0.252569
[V25 PPO] phase=1 rollout/transitions=7401472 safety/h_hard_min=4.83801 train/value_loss=11.8171 train/value_explained_variance=0.909664 train/approx_kl=0.00765146 train/clip_epsilon=0.2 train/actor_lr=0.0003 train/post_transition_steps=5894144 rollout/episode_return_std=nan train/grad_norm=1.50702
[V25 PPO] phase=1 rollout/transitions=7405568 safety/h_hard_min=4.77586 train/value_loss=10.9014 train/value_explained_variance=0.915826 train/approx_kl=0.00716896 train/clip_epsilon=0.2 train/actor_lr=0.0003 train/post_transition_steps=5898240 rollout/episode_return_std=nan train/grad_norm=0.316597
[V25 PPO] phase=1 rollout/transitions=7409664 safety/h_hard_min=4.80384 train/value_loss=12.3169 train/value_explained_variance=0.912754 train/approx_kl=0.0077662 train/clip_epsilon=0.2 train/actor_lr=0.0003 train/post_transition_steps=5902336 rollout/episode_return_std=nan train/grad_norm=0.582398
[V25 PPO] phase=1 rollout/transitions=7413760 safety/h_hard_min=4.77776 train/value_loss=10.6726 train/value_explained_variance=0.919808 train/approx_kl=0.00749098 train/clip_epsilon=0.2 train/actor_lr=0.0003 train/post_transition_steps=5906432 rollout/episode_return_std=nan train/grad_norm=0.290631
[V25 PPO] phase=1 rollout/transitions=7417856 safety/h_hard_min=4.81241 train/value_loss=15.4765 train/value_explained_variance=0.902083 train/approx_kl=0.00913054 train/clip_epsilon=0.2 train/actor_lr=0.0003 train/post_transition_steps=5910528 rollout/episode_return_std=nan train/grad_norm=1.06567
[V25 PPO] phase=1 rollout/transitions=7421952 safety/h_hard_min=4.79649 train/value_loss=11.782 train/value_explained_variance=0.910937 train/approx_kl=0.00807436 train/clip_epsilon=0.2 train/actor_lr=0.0003 train/post_transition_steps=5914624 rollout/episode_return_std=nan train/grad_norm=0.67224
[V25 PPO] phase=1 rollout/transitions=7426048 safety/h_hard_min=4.81556 train/value_loss=13.0252 train/value_explained_variance=0.908433 train/approx_kl=0.00910793 train/clip_epsilon=0.2 train/actor_lr=0.0003 train/post_transition_steps=5918720 rollout/episode_return_std=nan train/grad_norm=0.503344
[V25 PPO] phase=1 rollout/transitions=7430144 safety/h_hard_min=4.80557 train/value_loss=11.4766 train/value_explained_variance=0.920873 train/approx_kl=0.00849894 train/clip_epsilon=0.2 train/actor_lr=0.0003 train/post_transition_steps=5922816 rollout/episode_return_std=nan train/grad_norm=0.583741
[V25 PPO] phase=1 rollout/transitions=7434240 safety/h_hard_min=4.7827 train/value_loss=10.1567 train/value_explained_variance=0.915774 train/approx_kl=0.0060352 train/clip_epsilon=0.2 train/actor_lr=0.0003 train/post_transition_steps=5926912 rollout/episode_return_std=nan train/grad_norm=0.325956
[V25 PPO] phase=1 rollout/transitions=7438336 safety/h_hard_min=4.84187 train/value_loss=13.8056 train/value_explained_variance=0.915364 train/approx_kl=0.00993174 train/clip_epsilon=0.2 train/actor_lr=0.0003 train/post_transition_steps=5931008 rollout/episode_return_std=nan train/grad_norm=1.03788
[V25 PPO] phase=1 rollout/transitions=7442432 safety/h_hard_min=4.77824 train/value_loss=10.7997 train/value_explained_variance=0.917078 train/approx_kl=0.00858366 train/clip_epsilon=0.2 train/actor_lr=0.0003 train/post_transition_steps=5935104 rollout/episode_return_std=nan train/grad_norm=0.71168
[V25 PPO] phase=1 rollout/transitions=7446528 safety/h_hard_min=4.81839 train/value_loss=11.259 train/value_explained_variance=0.912103 train/approx_kl=0.00750816 train/clip_epsilon=0.2 train/actor_lr=0.0003 train/post_transition_steps=5939200 rollout/episode_return_std=nan train/grad_norm=0.367199
[V25 PPO] phase=1 rollout/transitions=7450624 safety/h_hard_min=4.85314 train/value_loss=11.2485 train/value_explained_variance=0.914971 train/approx_kl=0.00763139 train/clip_epsilon=0.2 train/actor_lr=0.0003 train/post_transition_steps=5943296 rollout/episode_return_std=nan train/grad_norm=0.7019
[V25 PPO] phase=1 rollout/transitions=7454720 safety/h_hard_min=4.8127 train/value_loss=12.1797 train/value_explained_variance=0.915507 train/approx_kl=0.00843933 train/clip_epsilon=0.2 train/actor_lr=0.0003 train/post_transition_steps=5947392 rollout/episode_return_std=nan train/grad_norm=0.277946
[V25 PPO] phase=1 rollout/transitions=7458816 safety/h_hard_min=4.78984 train/value_loss=11.4987 train/value_explained_variance=0.910683 train/approx_kl=0.00773549 train/clip_epsilon=0.2 train/actor_lr=0.0003 train/post_transition_steps=5951488 rollout/episode_return_std=nan train/grad_norm=0.281331
[V25 PPO] phase=1 rollout/transitions=7462912 safety/h_hard_min=4.81726 train/value_loss=13.1652 train/value_explained_variance=0.91601 train/approx_kl=0.0104259 train/clip_epsilon=0.2 train/actor_lr=0.0003 train/post_transition_steps=5955584 rollout/episode_return_std=nan train/grad_norm=0.456758
[V25 PPO] phase=1 rollout/transitions=7467008 safety/h_hard_min=4.80224 train/value_loss=9.62018 train/value_explained_variance=0.914831 train/approx_kl=0.00665048 train/clip_epsilon=0.2 train/actor_lr=0.0003 train/post_transition_steps=5959680 rollout/episode_return_std=nan train/grad_norm=0.40863
[V25 PPO] phase=1 rollout/transitions=7471104 safety/h_hard_min=4.82392 train/value_loss=12.4783 train/value_explained_variance=0.912266 train/approx_kl=0.0080271 train/clip_epsilon=0.2 train/actor_lr=0.0003 train/post_transition_steps=5963776 rollout/episode_return_std=nan train/grad_norm=0.732551
[V25 PPO] phase=1 rollout/transitions=7475200 safety/h_hard_min=4.78347 train/value_loss=12.2596 train/value_explained_variance=0.912275 train/approx_kl=0.00887338 train/clip_epsilon=0.2 train/actor_lr=0.0003 train/post_transition_steps=5967872 rollout/episode_return_std=nan train/grad_norm=0.429631
[V25 PPO] phase=1 rollout/transitions=7479296 safety/h_hard_min=4.80504 train/value_loss=9.99534 train/value_explained_variance=0.919861 train/approx_kl=0.00689258 train/clip_epsilon=0.2 train/actor_lr=0.0003 train/post_transition_steps=5971968 rollout/episode_return_std=nan train/grad_norm=2.14432
[V25 PPO] phase=1 rollout/transitions=7483392 safety/h_hard_min=4.83212 train/value_loss=14.5765 train/value_explained_variance=0.906894 train/approx_kl=0.00859025 train/clip_epsilon=0.2 train/actor_lr=0.0003 train/post_transition_steps=5976064 rollout/episode_return_std=nan train/grad_norm=0.671447
[V25 PPO] phase=1 rollout/transitions=7487488 safety/h_hard_min=4.80473 train/value_loss=11.7947 train/value_explained_variance=0.906538 train/approx_kl=0.00693582 train/clip_epsilon=0.2 train/actor_lr=0.0003 train/post_transition_steps=5980160 rollout/episode_return_std=nan train/grad_norm=0.223472
[V25 PPO] phase=1 rollout/transitions=7491584 safety/h_hard_min=4.86839 train/value_loss=11.6028 train/value_explained_variance=0.916353 train/approx_kl=0.00868928 train/clip_epsilon=0.2 train/actor_lr=0.0003 train/post_transition_steps=5984256 rollout/episode_return_std=nan train/grad_norm=0.116606
[V25 PPO] phase=1 rollout/transitions=7495680 safety/h_hard_min=4.86959 train/value_loss=12.3337 train/value_explained_variance=0.911219 train/approx_kl=0.00951006 train/clip_epsilon=0.2 train/actor_lr=0.0003 train/post_transition_steps=5988352 rollout/episode_return_std=nan train/grad_norm=1.24537
[V25 PPO] phase=1 rollout/transitions=7499776 safety/h_hard_min=4.8041 train/value_loss=11.7755 train/value_explained_variance=0.914185 train/approx_kl=0.00776913 train/clip_epsilon=0.2 train/actor_lr=0.0003 train/post_transition_steps=5992448 rollout/episode_return_std=nan train/grad_norm=0.569697
[V25 PPO] phase=1 rollout/transitions=7503872 safety/h_hard_min=4.81294 train/value_loss=15.0801 train/value_explained_variance=0.901108 train/approx_kl=0.00903031 train/clip_epsilon=0.2 train/actor_lr=0.0003 train/post_transition_steps=5996544 rollout/episode_return_std=nan train/grad_norm=0.226403
[V25 PPO] phase=1 rollout/transitions=7507968 safety/h_hard_min=4.83335 train/value_loss=13.2182 train/value_explained_variance=0.910206 train/approx_kl=0.00996611 train/clip_epsilon=0.2 train/actor_lr=0.0003 train/post_transition_steps=6000640 rollout/episode_return_std=nan train/grad_norm=0.611114
[V25 PPO] phase=1 rollout/transitions=7512064 safety/h_hard_min=4.84243 train/value_loss=14.4956 train/value_explained_variance=0.900256 train/approx_kl=0.00921847 train/clip_epsilon=0.2 train/actor_lr=0.0003 train/post_transition_steps=6004736 rollout/episode_return_std=nan train/grad_norm=1.19477
[V25 PPO] phase=1 rollout/transitions=7516160 safety/h_hard_min=4.78413 train/value_loss=15.8478 train/value_explained_variance=0.893514 train/approx_kl=0.0100589 train/clip_epsilon=0.2 train/actor_lr=0.0003 train/post_transition_steps=6008832 rollout/episode_return_std=nan train/grad_norm=0.335237
[V25 PPO] phase=1 rollout/transitions=7520256 safety/h_hard_min=4.82241 train/value_loss=12.4446 train/value_explained_variance=0.910157 train/approx_kl=0.00833372 train/clip_epsilon=0.2 train/actor_lr=0.0003 train/post_transition_steps=6012928 rollout/episode_return_std=nan train/grad_norm=1.38688
[V25 PPO] phase=1 rollout/transitions=7524352 safety/h_hard_min=4.82243 train/value_loss=11.2344 train/value_explained_variance=0.907289 train/approx_kl=0.00885715 train/clip_epsilon=0.2 train/actor_lr=0.0003 train/post_transition_steps=6017024 rollout/episode_return_std=nan train/grad_norm=0.220849
[V25 PPO] phase=1 rollout/transitions=7528448 safety/h_hard_min=4.82327 train/value_loss=14.1091 train/value_explained_variance=0.909295 train/approx_kl=0.0108496 train/clip_epsilon=0.2 train/actor_lr=0.0003 train/post_transition_steps=6021120 rollout/episode_return_std=nan train/grad_norm=0.479532
[V25 PPO] phase=1 rollout/transitions=7532544 safety/h_hard_min=4.84522 train/value_loss=13.0972 train/value_explained_variance=0.898884 train/approx_kl=0.010122 train/clip_epsilon=0.2 train/actor_lr=0.0003 train/post_transition_steps=6025216 rollout/episode_return_std=nan train/grad_norm=0.536571
[V25 PPO] phase=1 rollout/transitions=7536640 safety/h_hard_min=4.84145 train/value_loss=13.8237 train/value_explained_variance=0.894491 train/approx_kl=0.00900988 train/clip_epsilon=0.2 train/actor_lr=0.0003 train/post_transition_steps=6029312 rollout/episode_return_std=nan train/grad_norm=0.51733
[V25 PPO] phase=1 rollout/transitions=7540736 safety/h_hard_min=4.81955 train/value_loss=13.7987 train/value_explained_variance=0.903165 train/approx_kl=0.00854234 train/clip_epsilon=0.2 train/actor_lr=0.0003 train/post_transition_steps=6033408 rollout/episode_return_std=nan train/grad_norm=0.410966
[V25 PPO] phase=1 rollout/transitions=7544832 safety/h_hard_min=4.8137 train/value_loss=13.206 train/value_explained_variance=0.902044 train/approx_kl=0.00920844 train/clip_epsilon=0.2 train/actor_lr=0.0003 train/post_transition_steps=6037504 rollout/episode_return_std=nan train/grad_norm=0.49345
[V25 PPO] phase=1 rollout/transitions=7548928 safety/h_hard_min=4.85003 train/value_loss=13.1888 train/value_explained_variance=0.901554 train/approx_kl=0.00893648 train/clip_epsilon=0.2 train/actor_lr=0.0003 train/post_transition_steps=6041600 rollout/episode_return_std=nan train/grad_norm=0.977345
[V25 PPO] phase=1 rollout/transitions=7553024 safety/h_hard_min=4.8118 train/value_loss=13.3928 train/value_explained_variance=0.902792 train/approx_kl=0.00924586 train/clip_epsilon=0.2 train/actor_lr=0.0003 train/post_transition_steps=6045696 rollout/episode_return_std=nan train/grad_norm=0.537299
[V25 PPO] phase=1 rollout/transitions=7557120 safety/h_hard_min=4.85096 train/value_loss=14.3932 train/value_explained_variance=0.900367 train/approx_kl=0.00842528 train/clip_epsilon=0.2 train/actor_lr=0.0003 train/post_transition_steps=6049792 rollout/episode_return_std=nan train/grad_norm=0.372254
[V25 PPO] phase=1 rollout/transitions=7561216 safety/h_hard_min=4.84699 train/value_loss=11.2062 train/value_explained_variance=0.920933 train/approx_kl=0.00754833 train/clip_epsilon=0.2 train/actor_lr=0.0003 train/post_transition_steps=6053888 rollout/episode_return_std=nan train/grad_norm=0.937604
[V25 PPO] phase=1 rollout/transitions=7565312 safety/h_hard_min=4.78881 train/value_loss=10.9035 train/value_explained_variance=0.914471 train/approx_kl=0.00729222 train/clip_epsilon=0.2 train/actor_lr=0.0003 train/post_transition_steps=6057984 rollout/episode_return_std=nan train/grad_norm=0.429709
[V25 PPO] phase=1 rollout/transitions=7569408 safety/h_hard_min=4.81997 train/value_loss=11.5958 train/value_explained_variance=0.910448 train/approx_kl=0.00862061 train/clip_epsilon=0.2 train/actor_lr=0.0003 train/post_transition_steps=6062080 rollout/episode_return_std=nan train/grad_norm=0.87764
[V25 PPO] phase=1 rollout/transitions=7573504 safety/h_hard_min=4.78765 train/value_loss=10.9879 train/value_explained_variance=0.910851 train/approx_kl=0.00828022 train/clip_epsilon=0.2 train/actor_lr=0.0003 train/post_transition_steps=6066176 rollout/episode_return_std=nan train/grad_norm=0.242723
[V25 PPO] phase=1 rollout/transitions=7577600 safety/h_hard_min=4.81887 train/value_loss=8.59916 train/value_explained_variance=0.920699 train/approx_kl=0.00793756 train/clip_epsilon=0.2 train/actor_lr=0.0003 train/post_transition_steps=6070272 rollout/episode_return_std=nan train/grad_norm=0.878412
[V25 PPO] phase=1 rollout/transitions=7581696 safety/h_hard_min=4.82187 train/value_loss=10.1002 train/value_explained_variance=0.91623 train/approx_kl=0.00723281 train/clip_epsilon=0.2 train/actor_lr=0.0003 train/post_transition_steps=6074368 rollout/episode_return_std=nan train/grad_norm=2.39992
[V25 PPO] phase=1 rollout/transitions=7585792 safety/h_hard_min=4.85169 train/value_loss=11.8032 train/value_explained_variance=0.917322 train/approx_kl=0.00918072 train/clip_epsilon=0.2 train/actor_lr=0.0003 train/post_transition_steps=6078464 rollout/episode_return_std=nan train/grad_norm=0.981859
[V25 PPO] phase=1 rollout/transitions=7589888 safety/h_hard_min=4.83393 train/value_loss=9.94036 train/value_explained_variance=0.929387 train/approx_kl=0.00806176 train/clip_epsilon=0.2 train/actor_lr=0.0003 train/post_transition_steps=6082560 rollout/episode_return_std=nan train/grad_norm=4.11221
[V25 PPO] phase=1 rollout/transitions=7593984 safety/h_hard_min=4.8375 train/value_loss=9.40394 train/value_explained_variance=0.934325 train/approx_kl=0.00925616 train/clip_epsilon=0.2 train/actor_lr=0.0003 train/post_transition_steps=6086656 rollout/episode_return_std=nan train/grad_norm=1.66321
[V25 PPO] phase=1 rollout/transitions=7598080 safety/h_hard_min=4.79463 train/value_loss=11.51 train/value_explained_variance=0.930792 train/approx_kl=0.00904823 train/clip_epsilon=0.2 train/actor_lr=0.0003 train/post_transition_steps=6090752 rollout/episode_return_std=nan train/grad_norm=0.386451
[V25 PPO] phase=1 rollout/transitions=7602176 safety/h_hard_min=4.82624 train/value_loss=8.24997 train/value_explained_variance=0.943082 train/approx_kl=0.00811805 train/clip_epsilon=0.2 train/actor_lr=0.0003 train/post_transition_steps=6094848 rollout/episode_return_std=nan train/grad_norm=3.28774
[V25 PPO] phase=1 rollout/transitions=7606272 safety/h_hard_min=4.77322 train/value_loss=5.74452 train/value_explained_variance=0.959745 train/approx_kl=0.0062952 train/clip_epsilon=0.2 train/actor_lr=0.0003 train/post_transition_steps=6098944 rollout/episode_return_std=nan train/grad_norm=1.82348
[V25 PPO] phase=1 rollout/transitions=7610368 safety/h_hard_min=4.81533 train/value_loss=5.87462 train/value_explained_variance=0.95653 train/approx_kl=0.00794014 train/clip_epsilon=0.2 train/actor_lr=0.0003 train/post_transition_steps=6103040 rollout/episode_return_std=nan train/grad_norm=0.28628
[V25 PPO] phase=1 rollout/transitions=7614464 safety/h_hard_min=4.80537 train/value_loss=6.96869 train/value_explained_variance=0.946637 train/approx_kl=0.0067921 train/clip_epsilon=0.2 train/actor_lr=0.0003 train/post_transition_steps=6107136 rollout/episode_return_std=nan train/grad_norm=0.633117
[V25 PPO] phase=1 rollout/transitions=7618560 safety/h_hard_min=4.81778 train/value_loss=9.30534 train/value_explained_variance=0.940691 train/approx_kl=0.00843106 train/clip_epsilon=0.2 train/actor_lr=0.0003 train/post_transition_steps=6111232 rollout/episode_return_std=nan train/grad_norm=1.32471
[V25 PPO] phase=1 rollout/transitions=7622656 safety/h_hard_min=4.81096 train/value_loss=7.33952 train/value_explained_variance=0.9426 train/approx_kl=0.0059555 train/clip_epsilon=0.2 train/actor_lr=0.0003 train/post_transition_steps=6115328 rollout/episode_return_std=nan train/grad_norm=0.17666
[V25 PPO] phase=1 rollout/transitions=7626752 safety/h_hard_min=4.81439 train/value_loss=6.89351 train/value_explained_variance=0.952888 train/approx_kl=0.00781873 train/clip_epsilon=0.2 train/actor_lr=0.0003 train/post_transition_steps=6119424 rollout/episode_return_std=nan train/grad_norm=0.407287
[V25 PPO] phase=1 rollout/transitions=7630848 safety/h_hard_min=4.82739 train/value_loss=7.61658 train/value_explained_variance=0.94915 train/approx_kl=0.00787444 train/clip_epsilon=0.2 train/actor_lr=0.0003 train/post_transition_steps=6123520 rollout/episode_return_std=nan train/grad_norm=0.41354
[V25 PPO] phase=1 rollout/transitions=7634944 safety/h_hard_min=4.82729 train/value_loss=4.87376 train/value_explained_variance=0.959908 train/approx_kl=0.00664338 train/clip_epsilon=0.2 train/actor_lr=0.0003 train/post_transition_steps=6127616 rollout/episode_return_std=nan train/grad_norm=0.451219
[V25 PPO] phase=1 rollout/transitions=7639040 safety/h_hard_min=4.84111 train/value_loss=7.15582 train/value_explained_variance=0.947635 train/approx_kl=0.00728173 train/clip_epsilon=0.2 train/actor_lr=0.0003 train/post_transition_steps=6131712 rollout/episode_return_std=nan train/grad_norm=0.332552
[V25 PPO] phase=1 rollout/transitions=7643136 safety/h_hard_min=4.83783 train/value_loss=8.09189 train/value_explained_variance=0.944283 train/approx_kl=0.00736667 train/clip_epsilon=0.2 train/actor_lr=0.0003 train/post_transition_steps=6135808 rollout/episode_return_std=nan train/grad_norm=1.97556
[V25 PPO] phase=1 rollout/transitions=7647232 safety/h_hard_min=4.82137 train/value_loss=7.75632 train/value_explained_variance=0.947564 train/approx_kl=0.00847087 train/clip_epsilon=0.2 train/actor_lr=0.0003 train/post_transition_steps=6139904 rollout/episode_return_std=nan train/grad_norm=0.387383
[V25 PPO] phase=1 rollout/transitions=7651328 safety/h_hard_min=4.83424 train/value_loss=8.4606 train/value_explained_variance=0.94131 train/approx_kl=0.00710789 train/clip_epsilon=0.2 train/actor_lr=0.0003 train/post_transition_steps=6144000 rollout/episode_return_std=nan train/grad_norm=0.555882
[V25 PPO] phase=1 rollout/transitions=7655424 safety/h_hard_min=4.81529 train/value_loss=6.84371 train/value_explained_variance=0.949993 train/approx_kl=0.00754419 train/clip_epsilon=0.2 train/actor_lr=0.0003 train/post_transition_steps=6148096 rollout/episode_return_std=nan train/grad_norm=0.388557
[V25 PPO] phase=1 rollout/transitions=7659520 safety/h_hard_min=4.84361 train/value_loss=7.34882 train/value_explained_variance=0.947991 train/approx_kl=0.00797221 train/clip_epsilon=0.2 train/actor_lr=0.0003 train/post_transition_steps=6152192 rollout/episode_return_std=nan train/grad_norm=0.689285
[V25 PPO] phase=1 rollout/transitions=7663616 safety/h_hard_min=4.80251 train/value_loss=6.90928 train/value_explained_variance=0.949794 train/approx_kl=0.00760426 train/clip_epsilon=0.2 train/actor_lr=0.0003 train/post_transition_steps=6156288 rollout/episode_return_std=nan train/grad_norm=0.262547
[V25 PPO] phase=1 rollout/transitions=7667712 safety/h_hard_min=4.83885 train/value_loss=7.00354 train/value_explained_variance=0.946014 train/approx_kl=0.00674183 train/clip_epsilon=0.2 train/actor_lr=0.0003 train/post_transition_steps=6160384 rollout/episode_return_std=nan train/grad_norm=1.22444
[V25 PPO] phase=1 rollout/transitions=7671808 safety/h_hard_min=4.81714 train/value_loss=7.687 train/value_explained_variance=0.94613 train/approx_kl=0.00732418 train/clip_epsilon=0.2 train/actor_lr=0.0003 train/post_transition_steps=6164480 rollout/episode_return_std=nan train/grad_norm=0.585579
[V25 PPO] phase=1 rollout/transitions=7675904 safety/h_hard_min=4.8554 train/value_loss=6.91321 train/value_explained_variance=0.948796 train/approx_kl=0.00694831 train/clip_epsilon=0.2 train/actor_lr=0.0003 train/post_transition_steps=6168576 rollout/episode_return_std=nan train/grad_norm=0.348134
[V25 PPO] phase=1 rollout/transitions=7680000 safety/h_hard_min=4.82023 train/value_loss=6.03687 train/value_explained_variance=0.952934 train/approx_kl=0.00664862 train/clip_epsilon=0.2 train/actor_lr=0.0003 train/post_transition_steps=6172672 rollout/episode_return_std=nan train/grad_norm=0.245939
[V25 PPO] phase=1 rollout/transitions=7684096 safety/h_hard_min=4.85041 train/value_loss=6.93513 train/value_explained_variance=0.94495 train/approx_kl=0.0066358 train/clip_epsilon=0.2 train/actor_lr=0.0003 train/post_transition_steps=6176768 rollout/episode_return_std=nan train/grad_norm=0.639631
[V25 PPO] phase=1 rollout/transitions=7688192 safety/h_hard_min=4.82727 train/value_loss=9.83178 train/value_explained_variance=0.937131 train/approx_kl=0.00857942 train/clip_epsilon=0.2 train/actor_lr=0.0003 train/post_transition_steps=6180864 rollout/episode_return_std=nan train/grad_norm=0.122011
[V25 PPO] phase=1 rollout/transitions=7692288 safety/h_hard_min=4.83018 train/value_loss=7.26093 train/value_explained_variance=0.949305 train/approx_kl=0.00691271 train/clip_epsilon=0.2 train/actor_lr=0.0003 train/post_transition_steps=6184960 rollout/episode_return_std=nan train/grad_norm=0.316463
[V25 PPO] phase=1 rollout/transitions=7696384 safety/h_hard_min=4.85518 train/value_loss=6.31061 train/value_explained_variance=0.949244 train/approx_kl=0.00694819 train/clip_epsilon=0.2 train/actor_lr=0.0003 train/post_transition_steps=6189056 rollout/episode_return_std=nan train/grad_norm=0.555244
[V25 PPO] phase=1 rollout/transitions=7700480 safety/h_hard_min=4.79664 train/value_loss=6.2388 train/value_explained_variance=0.953514 train/approx_kl=0.00711508 train/clip_epsilon=0.2 train/actor_lr=0.0003 train/post_transition_steps=6193152 rollout/episode_return_std=nan train/grad_norm=0.506602
[V25 PPO] phase=1 rollout/transitions=7704576 safety/h_hard_min=4.8607 train/value_loss=6.62239 train/value_explained_variance=0.950937 train/approx_kl=0.00752733 train/clip_epsilon=0.2 train/actor_lr=0.0003 train/post_transition_steps=6197248 rollout/episode_return_std=nan train/grad_norm=0.95553
[V25 PPO] phase=1 rollout/transitions=7708672 safety/h_hard_min=4.79107 train/value_loss=6.76601 train/value_explained_variance=0.949825 train/approx_kl=0.00747603 train/clip_epsilon=0.2 train/actor_lr=0.0003 train/post_transition_steps=6201344 rollout/episode_return_std=nan train/grad_norm=0.689396
[V25 PPO] phase=1 rollout/transitions=7712768 safety/h_hard_min=4.83891 train/value_loss=7.82726 train/value_explained_variance=0.944818 train/approx_kl=0.0078805 train/clip_epsilon=0.2 train/actor_lr=0.0003 train/post_transition_steps=6205440 rollout/episode_return_std=nan train/grad_norm=0.577779
[V25 PPO] phase=1 rollout/transitions=7716864 safety/h_hard_min=4.83548 train/value_loss=8.16848 train/value_explained_variance=0.946278 train/approx_kl=0.00795445 train/clip_epsilon=0.2 train/actor_lr=0.0003 train/post_transition_steps=6209536 rollout/episode_return_std=nan train/grad_norm=0.635229
[V25 PPO] phase=1 rollout/transitions=7720960 safety/h_hard_min=4.81123 train/value_loss=7.30888 train/value_explained_variance=0.94833 train/approx_kl=0.00751305 train/clip_epsilon=0.2 train/actor_lr=0.0003 train/post_transition_steps=6213632 rollout/episode_return_std=nan train/grad_norm=0.67135
[V25 PPO] phase=1 rollout/transitions=7725056 safety/h_hard_min=4.82864 train/value_loss=6.56358 train/value_explained_variance=0.950895 train/approx_kl=0.00740886 train/clip_epsilon=0.2 train/actor_lr=0.0003 train/post_transition_steps=6217728 rollout/episode_return_std=nan train/grad_norm=0.477311
[V25 PPO] phase=1 rollout/transitions=7729152 safety/h_hard_min=4.80259 train/value_loss=11.009 train/value_explained_variance=0.934003 train/approx_kl=0.0089897 train/clip_epsilon=0.2 train/actor_lr=0.0003 train/post_transition_steps=6221824 rollout/episode_return_std=nan train/grad_norm=0.200996
[V25 PPO] phase=1 rollout/transitions=7733248 safety/h_hard_min=4.84134 train/value_loss=8.61055 train/value_explained_variance=0.942749 train/approx_kl=0.00747197 train/clip_epsilon=0.2 train/actor_lr=0.0003 train/post_transition_steps=6225920 rollout/episode_return_std=nan train/grad_norm=0.585925
[V25 PPO] phase=1 rollout/transitions=7737344 safety/h_hard_min=4.81856 train/value_loss=7.21909 train/value_explained_variance=0.949632 train/approx_kl=0.00789201 train/clip_epsilon=0.2 train/actor_lr=0.0003 train/post_transition_steps=6230016 rollout/episode_return_std=nan train/grad_norm=0.203549
[V25 PPO] phase=1 rollout/transitions=7741440 safety/h_hard_min=4.82035 train/value_loss=8.32919 train/value_explained_variance=0.950097 train/approx_kl=0.00819189 train/clip_epsilon=0.2 train/actor_lr=0.0003 train/post_transition_steps=6234112 rollout/episode_return_std=nan train/grad_norm=0.491887
[V25 PPO] phase=1 rollout/transitions=7745536 safety/h_hard_min=4.83697 train/value_loss=8.31994 train/value_explained_variance=0.941139 train/approx_kl=0.00727787 train/clip_epsilon=0.2 train/actor_lr=0.0003 train/post_transition_steps=6238208 rollout/episode_return_std=nan train/grad_norm=1.00093
[V25 PPO] phase=1 rollout/transitions=7749632 safety/h_hard_min=4.81915 train/value_loss=9.36056 train/value_explained_variance=0.943037 train/approx_kl=0.00810464 train/clip_epsilon=0.2 train/actor_lr=0.0003 train/post_transition_steps=6242304 rollout/episode_return_std=nan train/grad_norm=0.303415
[V25 PPO] phase=1 rollout/transitions=7753728 safety/h_hard_min=4.83452 train/value_loss=9.10976 train/value_explained_variance=0.939764 train/approx_kl=0.00917001 train/clip_epsilon=0.2 train/actor_lr=0.0003 train/post_transition_steps=6246400 rollout/episode_return_std=nan train/grad_norm=0.74564
[V25 PPO] phase=1 rollout/transitions=7757824 safety/h_hard_min=4.83616 train/value_loss=8.24972 train/value_explained_variance=0.944801 train/approx_kl=0.00747754 train/clip_epsilon=0.2 train/actor_lr=0.0003 train/post_transition_steps=6250496 rollout/episode_return_std=nan train/grad_norm=0.903096
[V25 PPO] phase=1 rollout/transitions=7761920 safety/h_hard_min=4.88201 train/value_loss=8.25318 train/value_explained_variance=0.941 train/approx_kl=0.00775924 train/clip_epsilon=0.2 train/actor_lr=0.0003 train/post_transition_steps=6254592 rollout/episode_return_std=nan train/grad_norm=1.37113
[V25 PPO] phase=1 rollout/transitions=7766016 safety/h_hard_min=4.84799 train/value_loss=6.72045 train/value_explained_variance=0.948366 train/approx_kl=0.00737724 train/clip_epsilon=0.2 train/actor_lr=0.0003 train/post_transition_steps=6258688 rollout/episode_return_std=nan train/grad_norm=0.431979
[V25 PPO] phase=1 rollout/transitions=7770112 safety/h_hard_min=4.85878 train/value_loss=6.70196 train/value_explained_variance=0.950365 train/approx_kl=0.00690791 train/clip_epsilon=0.2 train/actor_lr=0.0003 train/post_transition_steps=6262784 rollout/episode_return_std=nan train/grad_norm=1.41666
[V25 PPO] phase=1 rollout/transitions=7774208 safety/h_hard_min=4.78606 train/value_loss=8.37906 train/value_explained_variance=0.939458 train/approx_kl=0.00771006 train/clip_epsilon=0.2 train/actor_lr=0.0003 train/post_transition_steps=6266880 rollout/episode_return_std=nan train/grad_norm=0.797217
[V25 PPO] phase=1 rollout/transitions=7778304 safety/h_hard_min=4.85627 train/value_loss=7.91133 train/value_explained_variance=0.942359 train/approx_kl=0.00685405 train/clip_epsilon=0.2 train/actor_lr=0.0003 train/post_transition_steps=6270976 rollout/episode_return_std=nan train/grad_norm=0.33567
[V25 PPO] phase=1 rollout/transitions=7782400 safety/h_hard_min=4.80631 train/value_loss=7.1668 train/value_explained_variance=0.949611 train/approx_kl=0.00782277 train/clip_epsilon=0.2 train/actor_lr=0.0003 train/post_transition_steps=6275072 rollout/episode_return_std=nan train/grad_norm=0.493885
[V25 PPO] phase=1 rollout/transitions=7786496 safety/h_hard_min=4.84063 train/value_loss=6.86767 train/value_explained_variance=0.949548 train/approx_kl=0.00735691 train/clip_epsilon=0.2 train/actor_lr=0.0003 train/post_transition_steps=6279168 rollout/episode_return_std=nan train/grad_norm=0.406762
[V25 PPO] phase=1 rollout/transitions=7790592 safety/h_hard_min=4.84646 train/value_loss=9.63819 train/value_explained_variance=0.935439 train/approx_kl=0.00774409 train/clip_epsilon=0.2 train/actor_lr=0.0003 train/post_transition_steps=6283264 rollout/episode_return_std=nan train/grad_norm=0.187712
[V25 PPO] phase=1 rollout/transitions=7794688 safety/h_hard_min=4.83536 train/value_loss=7.15011 train/value_explained_variance=0.950282 train/approx_kl=0.00625629 train/clip_epsilon=0.2 train/actor_lr=0.0003 train/post_transition_steps=6287360 rollout/episode_return_std=nan train/grad_norm=0.656457
[V25 PPO] phase=1 rollout/transitions=7798784 safety/h_hard_min=4.83517 train/value_loss=8.15369 train/value_explained_variance=0.94062 train/approx_kl=0.00802908 train/clip_epsilon=0.2 train/actor_lr=0.0003 train/post_transition_steps=6291456 rollout/episode_return_std=nan train/grad_norm=0.548824
[V25 PPO] phase=1 rollout/transitions=7802880 safety/h_hard_min=4.84223 train/value_loss=8.85114 train/value_explained_variance=0.940735 train/approx_kl=0.00733489 train/clip_epsilon=0.2 train/actor_lr=0.0003 train/post_transition_steps=6295552 rollout/episode_return_std=nan train/grad_norm=0.30368
[V25 PPO] phase=1 rollout/transitions=7806976 safety/h_hard_min=4.85358 train/value_loss=7.79831 train/value_explained_variance=0.942802 train/approx_kl=0.00697483 train/clip_epsilon=0.2 train/actor_lr=0.0003 train/post_transition_steps=6299648 rollout/episode_return_std=nan train/grad_norm=0.758355
[V25 PPO] phase=1 rollout/transitions=7811072 safety/h_hard_min=4.83983 train/value_loss=9.21217 train/value_explained_variance=0.94141 train/approx_kl=0.00781008 train/clip_epsilon=0.2 train/actor_lr=0.0003 train/post_transition_steps=6303744 rollout/episode_return_std=nan train/grad_norm=0.454459
[V25 PPO] phase=1 rollout/transitions=7815168 safety/h_hard_min=4.81548 train/value_loss=7.96398 train/value_explained_variance=0.945062 train/approx_kl=0.00918156 train/clip_epsilon=0.2 train/actor_lr=0.0003 train/post_transition_steps=6307840 rollout/episode_return_std=nan train/grad_norm=0.601261
[V25 PPO] phase=1 rollout/transitions=7819264 safety/h_hard_min=4.83825 train/value_loss=9.47304 train/value_explained_variance=0.937535 train/approx_kl=0.0076495 train/clip_epsilon=0.2 train/actor_lr=0.0003 train/post_transition_steps=6311936 rollout/episode_return_std=nan train/grad_norm=0.410089
[V25 PPO] phase=1 rollout/transitions=7823360 safety/h_hard_min=4.82078 train/value_loss=6.2557 train/value_explained_variance=0.94959 train/approx_kl=0.00713249 train/clip_epsilon=0.2 train/actor_lr=0.0003 train/post_transition_steps=6316032 rollout/episode_return_std=nan train/grad_norm=0.472505
[V25 PPO] phase=1 rollout/transitions=7827456 safety/h_hard_min=4.83255 train/value_loss=9.57944 train/value_explained_variance=0.939634 train/approx_kl=0.00764538 train/clip_epsilon=0.2 train/actor_lr=0.0003 train/post_transition_steps=6320128 rollout/episode_return_std=nan train/grad_norm=0.229311
[V25 PPO] phase=1 rollout/transitions=7831552 safety/h_hard_min=4.80694 train/value_loss=8.0361 train/value_explained_variance=0.941684 train/approx_kl=0.00725869 train/clip_epsilon=0.2 train/actor_lr=0.0003 train/post_transition_steps=6324224 rollout/episode_return_std=nan train/grad_norm=0.190432
[V25 PPO] phase=1 rollout/transitions=7835648 safety/h_hard_min=4.84717 train/value_loss=9.20467 train/value_explained_variance=0.938484 train/approx_kl=0.00826326 train/clip_epsilon=0.2 train/actor_lr=0.0003 train/post_transition_steps=6328320 rollout/episode_return_std=nan train/grad_norm=0.314592
[V25 PPO] phase=1 rollout/transitions=7839744 safety/h_hard_min=4.81591 train/value_loss=6.53006 train/value_explained_variance=0.948009 train/approx_kl=0.00684063 train/clip_epsilon=0.2 train/actor_lr=0.0003 train/post_transition_steps=6332416 rollout/episode_return_std=nan train/grad_norm=0.300777
[V25 PPO] phase=1 rollout/transitions=7843840 safety/h_hard_min=4.82524 train/value_loss=9.60622 train/value_explained_variance=0.933015 train/approx_kl=0.00832995 train/clip_epsilon=0.2 train/actor_lr=0.0003 train/post_transition_steps=6336512 rollout/episode_return_std=nan train/grad_norm=0.226846
[V25 PPO] phase=1 rollout/transitions=7847936 safety/h_hard_min=4.8242 train/value_loss=9.99339 train/value_explained_variance=0.937437 train/approx_kl=0.00879061 train/clip_epsilon=0.2 train/actor_lr=0.0003 train/post_transition_steps=6340608 rollout/episode_return_std=nan train/grad_norm=0.465853
[V25 PPO] phase=1 rollout/transitions=7852032 safety/h_hard_min=4.81662 train/value_loss=7.55359 train/value_explained_variance=0.946131 train/approx_kl=0.00836663 train/clip_epsilon=0.2 train/actor_lr=0.0003 train/post_transition_steps=6344704 rollout/episode_return_std=nan train/grad_norm=0.684058
[V25 PPO] phase=1 rollout/transitions=7856128 safety/h_hard_min=4.83496 train/value_loss=9.99869 train/value_explained_variance=0.933959 train/approx_kl=0.0079136 train/clip_epsilon=0.2 train/actor_lr=0.0003 train/post_transition_steps=6348800 rollout/episode_return_std=nan train/grad_norm=0.708028
[V25 PPO] phase=1 rollout/transitions=7860224 safety/h_hard_min=4.82378 train/value_loss=9.56953 train/value_explained_variance=0.937731 train/approx_kl=0.00827297 train/clip_epsilon=0.2 train/actor_lr=0.0003 train/post_transition_steps=6352896 rollout/episode_return_std=nan train/grad_norm=0.38442
[V25 PPO] phase=1 rollout/transitions=7864320 safety/h_hard_min=4.83122 train/value_loss=7.52483 train/value_explained_variance=0.94295 train/approx_kl=0.00780588 train/clip_epsilon=0.2 train/actor_lr=0.0003 train/post_transition_steps=6356992 rollout/episode_return_std=nan train/grad_norm=0.497504
[V25 PPO] phase=1 rollout/transitions=7868416 safety/h_hard_min=4.86009 train/value_loss=10.4988 train/value_explained_variance=0.930509 train/approx_kl=0.00839625 train/clip_epsilon=0.2 train/actor_lr=0.0003 train/post_transition_steps=6361088 rollout/episode_return_std=nan train/grad_norm=0.637157
[V25 PPO] phase=1 rollout/transitions=7872512 safety/h_hard_min=4.82673 train/value_loss=9.11634 train/value_explained_variance=0.938214 train/approx_kl=0.00856296 train/clip_epsilon=0.2 train/actor_lr=0.0003 train/post_transition_steps=6365184 rollout/episode_return_std=nan train/grad_norm=1.15022
[V25 PPO] phase=1 rollout/transitions=7876608 safety/h_hard_min=4.84153 train/value_loss=9.4879 train/value_explained_variance=0.937565 train/approx_kl=0.0093236 train/clip_epsilon=0.2 train/actor_lr=0.0003 train/post_transition_steps=6369280 rollout/episode_return_std=nan train/grad_norm=1.08834
[V25 PPO] phase=1 rollout/transitions=7880704 safety/h_hard_min=4.80966 train/value_loss=9.13286 train/value_explained_variance=0.938313 train/approx_kl=0.00837771 train/clip_epsilon=0.2 train/actor_lr=0.0003 train/post_transition_steps=6373376 rollout/episode_return_std=nan train/grad_norm=0.356916
[V25 PPO] phase=1 rollout/transitions=7884800 safety/h_hard_min=4.85732 train/value_loss=9.13907 train/value_explained_variance=0.938054 train/approx_kl=0.00905646 train/clip_epsilon=0.2 train/actor_lr=0.0003 train/post_transition_steps=6377472 rollout/episode_return_std=nan train/grad_norm=0.165002
[V25 PPO] phase=1 rollout/transitions=7888896 safety/h_hard_min=4.84312 train/value_loss=9.63209 train/value_explained_variance=0.932435 train/approx_kl=0.00825959 train/clip_epsilon=0.2 train/actor_lr=0.0003 train/post_transition_steps=6381568 rollout/episode_return_std=nan train/grad_norm=0.243517
[V25 PPO] phase=1 rollout/transitions=7892992 safety/h_hard_min=4.85035 train/value_loss=9.06714 train/value_explained_variance=0.936732 train/approx_kl=0.00914857 train/clip_epsilon=0.2 train/actor_lr=0.0003 train/post_transition_steps=6385664 rollout/episode_return_std=nan train/grad_norm=0.373062
[V25 PPO] phase=1 rollout/transitions=7897088 safety/h_hard_min=4.84929 train/value_loss=8.2941 train/value_explained_variance=0.941702 train/approx_kl=0.0074002 train/clip_epsilon=0.2 train/actor_lr=0.0003 train/post_transition_steps=6389760 rollout/episode_return_std=nan train/grad_norm=0.228149
[V25 PPO] phase=1 rollout/transitions=7901184 safety/h_hard_min=4.84405 train/value_loss=6.73529 train/value_explained_variance=0.946585 train/approx_kl=0.00747012 train/clip_epsilon=0.2 train/actor_lr=0.0003 train/post_transition_steps=6393856 rollout/episode_return_std=nan train/grad_norm=0.43506
[V25 PPO] phase=1 rollout/transitions=7905280 safety/h_hard_min=4.8252 train/value_loss=7.24585 train/value_explained_variance=0.943543 train/approx_kl=0.00748052 train/clip_epsilon=0.2 train/actor_lr=0.0003 train/post_transition_steps=6397952 rollout/episode_return_std=nan train/grad_norm=0.189702
[V25 PPO] phase=1 rollout/transitions=7909376 safety/h_hard_min=4.84083 train/value_loss=8.40594 train/value_explained_variance=0.936291 train/approx_kl=0.00711294 train/clip_epsilon=0.2 train/actor_lr=0.0003 train/post_transition_steps=6402048 rollout/episode_return_std=nan train/grad_norm=0.573631
[V25 PPO] phase=1 rollout/transitions=7913472 safety/h_hard_min=4.7955 train/value_loss=9.92007 train/value_explained_variance=0.934139 train/approx_kl=0.00812536 train/clip_epsilon=0.2 train/actor_lr=0.0003 train/post_transition_steps=6406144 rollout/episode_return_std=nan train/grad_norm=1.48576
[V25 PPO] phase=1 rollout/transitions=7917568 safety/h_hard_min=4.85209 train/value_loss=9.59496 train/value_explained_variance=0.934006 train/approx_kl=0.00951404 train/clip_epsilon=0.2 train/actor_lr=0.0003 train/post_transition_steps=6410240 rollout/episode_return_std=nan train/grad_norm=0.548561
[V25 PPO] phase=1 rollout/transitions=7921664 safety/h_hard_min=4.81743 train/value_loss=8.60858 train/value_explained_variance=0.935338 train/approx_kl=0.00692556 train/clip_epsilon=0.2 train/actor_lr=0.0003 train/post_transition_steps=6414336 rollout/episode_return_std=nan train/grad_norm=0.275046
[V25 PPO] phase=1 rollout/transitions=7925760 safety/h_hard_min=4.85035 train/value_loss=8.34291 train/value_explained_variance=0.939051 train/approx_kl=0.00819697 train/clip_epsilon=0.2 train/actor_lr=0.0003 train/post_transition_steps=6418432 rollout/episode_return_std=nan train/grad_norm=0.694264
[V25 PPO] phase=1 rollout/transitions=7929856 safety/h_hard_min=4.82944 train/value_loss=6.94207 train/value_explained_variance=0.943369 train/approx_kl=0.00715068 train/clip_epsilon=0.2 train/actor_lr=0.0003 train/post_transition_steps=6422528 rollout/episode_return_std=nan train/grad_norm=0.691344
[V25 PPO] phase=1 rollout/transitions=7933952 safety/h_hard_min=4.8449 train/value_loss=8.86801 train/value_explained_variance=0.93568 train/approx_kl=0.00744092 train/clip_epsilon=0.2 train/actor_lr=0.0003 train/post_transition_steps=6426624 rollout/episode_return_std=nan train/grad_norm=0.91912
[V25 PPO] phase=1 rollout/transitions=7938048 safety/h_hard_min=4.83227 train/value_loss=8.24097 train/value_explained_variance=0.934585 train/approx_kl=0.0066912 train/clip_epsilon=0.2 train/actor_lr=0.0003 train/post_transition_steps=6430720 rollout/episode_return_std=nan train/grad_norm=0.963463
[V25 PPO] phase=1 rollout/transitions=7942144 safety/h_hard_min=4.82306 train/value_loss=8.88567 train/value_explained_variance=0.934381 train/approx_kl=0.00702165 train/clip_epsilon=0.2 train/actor_lr=0.0003 train/post_transition_steps=6434816 rollout/episode_return_std=nan train/grad_norm=0.546042
[V25 PPO] phase=1 rollout/transitions=7946240 safety/h_hard_min=4.83437 train/value_loss=9.36292 train/value_explained_variance=0.930992 train/approx_kl=0.00796791 train/clip_epsilon=0.2 train/actor_lr=0.0003 train/post_transition_steps=6438912 rollout/episode_return_std=nan train/grad_norm=0.937896
[V25 PPO] phase=1 rollout/transitions=7950336 safety/h_hard_min=4.82972 train/value_loss=9.76865 train/value_explained_variance=0.935028 train/approx_kl=0.00868455 train/clip_epsilon=0.2 train/actor_lr=0.0003 train/post_transition_steps=6443008 rollout/episode_return_std=nan train/grad_norm=0.369296
[V25 PPO] phase=1 rollout/transitions=7954432 safety/h_hard_min=4.83222 train/value_loss=8.93118 train/value_explained_variance=0.934024 train/approx_kl=0.00785538 train/clip_epsilon=0.2 train/actor_lr=0.0003 train/post_transition_steps=6447104 rollout/episode_return_std=nan train/grad_norm=0.507501
[V25 PPO] phase=1 rollout/transitions=7958528 safety/h_hard_min=4.82148 train/value_loss=9.90164 train/value_explained_variance=0.927879 train/approx_kl=0.00741896 train/clip_epsilon=0.2 train/actor_lr=0.0003 train/post_transition_steps=6451200 rollout/episode_return_std=nan train/grad_norm=0.672867
[V25 PPO] phase=1 rollout/transitions=7962624 safety/h_hard_min=4.80565 train/value_loss=9.97917 train/value_explained_variance=0.928363 train/approx_kl=0.00862337 train/clip_epsilon=0.2 train/actor_lr=0.0003 train/post_transition_steps=6455296 rollout/episode_return_std=nan train/grad_norm=1.43499
[V25 PPO] phase=1 rollout/transitions=7966720 safety/h_hard_min=4.8204 train/value_loss=10.453 train/value_explained_variance=0.9298 train/approx_kl=0.00831628 train/clip_epsilon=0.2 train/actor_lr=0.0003 train/post_transition_steps=6459392 rollout/episode_return_std=nan train/grad_norm=0.509637
[V25 PPO] phase=1 rollout/transitions=7970816 safety/h_hard_min=4.82899 train/value_loss=9.48787 train/value_explained_variance=0.933079 train/approx_kl=0.00843293 train/clip_epsilon=0.2 train/actor_lr=0.0003 train/post_transition_steps=6463488 rollout/episode_return_std=nan train/grad_norm=1.12339
[V25 PPO] phase=1 rollout/transitions=7974912 safety/h_hard_min=4.81302 train/value_loss=9.44008 train/value_explained_variance=0.928018 train/approx_kl=0.00707588 train/clip_epsilon=0.2 train/actor_lr=0.0003 train/post_transition_steps=6467584 rollout/episode_return_std=nan train/grad_norm=0.462097
[V25 PPO] phase=1 rollout/transitions=7979008 safety/h_hard_min=4.83678 train/value_loss=8.21621 train/value_explained_variance=0.93674 train/approx_kl=0.00792677 train/clip_epsilon=0.2 train/actor_lr=0.0003 train/post_transition_steps=6471680 rollout/episode_return_std=nan train/grad_norm=0.289954
[V25 PPO] phase=1 rollout/transitions=7983104 safety/h_hard_min=4.8282 train/value_loss=9.46607 train/value_explained_variance=0.934666 train/approx_kl=0.00803344 train/clip_epsilon=0.2 train/actor_lr=0.0003 train/post_transition_steps=6475776 rollout/episode_return_std=nan train/grad_norm=0.286466
[V25 PPO] phase=1 rollout/transitions=7987200 safety/h_hard_min=4.86058 train/value_loss=9.29782 train/value_explained_variance=0.93645 train/approx_kl=0.00877177 train/clip_epsilon=0.2 train/actor_lr=0.0003 train/post_transition_steps=6479872 rollout/episode_return_std=nan train/grad_norm=0.359882
[V25 PPO] phase=1 rollout/transitions=7991296 safety/h_hard_min=4.83411 train/value_loss=8.64771 train/value_explained_variance=0.926677 train/approx_kl=0.00721774 train/clip_epsilon=0.2 train/actor_lr=0.0003 train/post_transition_steps=6483968 rollout/episode_return_std=nan train/grad_norm=1.77134
[V25 PPO] phase=1 rollout/transitions=7995392 safety/h_hard_min=4.87842 train/value_loss=11.0034 train/value_explained_variance=0.925261 train/approx_kl=0.00814257 train/clip_epsilon=0.2 train/actor_lr=0.0003 train/post_transition_steps=6488064 rollout/episode_return_std=nan train/grad_norm=1.22667
[V25 PPO] phase=1 rollout/transitions=7999488 safety/h_hard_min=4.82257 train/value_loss=8.83262 train/value_explained_variance=0.935422 train/approx_kl=0.00843397 train/clip_epsilon=0.2 train/actor_lr=0.0003 train/post_transition_steps=6492160 rollout/episode_return_std=nan train/grad_norm=0.550154
[V25 PPO] phase=1 rollout/transitions=8003584 safety/h_hard_min=4.834 train/value_loss=10.681 train/value_explained_variance=0.92888 train/approx_kl=0.00987916 train/clip_epsilon=0.2 train/actor_lr=0.0003 train/post_transition_steps=6496256 rollout/episode_return_std=nan train/grad_norm=0.484285
[V25 PPO] phase=1 rollout/transitions=8007680 safety/h_hard_min=4.83865 train/value_loss=9.03676 train/value_explained_variance=0.927897 train/approx_kl=0.00672101 train/clip_epsilon=0.2 train/actor_lr=0.0003 train/post_transition_steps=6500352 rollout/episode_return_std=nan train/grad_norm=0.433789
[V25 PPO] phase=1 rollout/transitions=8011776 safety/h_hard_min=4.80881 train/value_loss=10.6497 train/value_explained_variance=0.930952 train/approx_kl=0.0092154 train/clip_epsilon=0.2 train/actor_lr=0.0003 train/post_transition_steps=6504448 rollout/episode_return_std=nan train/grad_norm=0.389778
[V25 PPO] phase=1 rollout/transitions=8015872 safety/h_hard_min=4.85793 train/value_loss=9.00038 train/value_explained_variance=0.927833 train/approx_kl=0.00703921 train/clip_epsilon=0.2 train/actor_lr=0.0003 train/post_transition_steps=6508544 rollout/episode_return_std=nan train/grad_norm=1.56014
[V25 PPO] phase=1 rollout/transitions=8019968 safety/h_hard_min=4.77677 train/value_loss=12.353 train/value_explained_variance=0.91617 train/approx_kl=0.00831018 train/clip_epsilon=0.2 train/actor_lr=0.0003 train/post_transition_steps=6512640 rollout/episode_return_std=nan train/grad_norm=0.41631
[V25 PPO] phase=1 rollout/transitions=8024064 safety/h_hard_min=4.82715 train/value_loss=8.36402 train/value_explained_variance=0.931382 train/approx_kl=0.00833476 train/clip_epsilon=0.2 train/actor_lr=0.0003 train/post_transition_steps=6516736 rollout/episode_return_std=nan train/grad_norm=0.315779
[V25 PPO] phase=1 rollout/transitions=8028160 safety/h_hard_min=4.80917 train/value_loss=9.95578 train/value_explained_variance=0.926894 train/approx_kl=0.00878513 train/clip_epsilon=0.2 train/actor_lr=0.0003 train/post_transition_steps=6520832 rollout/episode_return_std=nan train/grad_norm=0.547983
[V25 PPO] phase=1 rollout/transitions=8032256 safety/h_hard_min=4.854 train/value_loss=9.96217 train/value_explained_variance=0.925476 train/approx_kl=0.00775078 train/clip_epsilon=0.2 train/actor_lr=0.0003 train/post_transition_steps=6524928 rollout/episode_return_std=nan train/grad_norm=0.127553
[V25 PPO] phase=1 rollout/transitions=8036352 safety/h_hard_min=4.80795 train/value_loss=9.38893 train/value_explained_variance=0.931995 train/approx_kl=0.0072384 train/clip_epsilon=0.2 train/actor_lr=0.0003 train/post_transition_steps=6529024 rollout/episode_return_std=nan train/grad_norm=1.25362
[V25 PPO] phase=1 rollout/transitions=8040448 safety/h_hard_min=4.87219 train/value_loss=9.7296 train/value_explained_variance=0.920505 train/approx_kl=0.00883805 train/clip_epsilon=0.2 train/actor_lr=0.0003 train/post_transition_steps=6533120 rollout/episode_return_std=nan train/grad_norm=1.24746
[V25 PPO] phase=1 rollout/transitions=8044544 safety/h_hard_min=4.77715 train/value_loss=10.4821 train/value_explained_variance=0.926912 train/approx_kl=0.00900198 train/clip_epsilon=0.2 train/actor_lr=0.0003 train/post_transition_steps=6537216 rollout/episode_return_std=nan train/grad_norm=0.40138
[V25 PPO] phase=1 rollout/transitions=8048640 safety/h_hard_min=4.90222 train/value_loss=7.56017 train/value_explained_variance=0.93637 train/approx_kl=0.00737876 train/clip_epsilon=0.2 train/actor_lr=0.0003 train/post_transition_steps=6541312 rollout/episode_return_std=nan train/grad_norm=1.54654
[V25 PPO] phase=1 rollout/transitions=8052736 safety/h_hard_min=4.82885 train/value_loss=10.7478 train/value_explained_variance=0.928181 train/approx_kl=0.00842255 train/clip_epsilon=0.2 train/actor_lr=0.0003 train/post_transition_steps=6545408 rollout/episode_return_std=nan train/grad_norm=0.718341
[V25 PPO] phase=1 rollout/transitions=8056832 safety/h_hard_min=4.84947 train/value_loss=9.04432 train/value_explained_variance=0.930811 train/approx_kl=0.00804905 train/clip_epsilon=0.2 train/actor_lr=0.0003 train/post_transition_steps=6549504 rollout/episode_return_std=nan train/grad_norm=1.37974
[V25 PPO] phase=1 rollout/transitions=8060928 safety/h_hard_min=4.84185 train/value_loss=9.2206 train/value_explained_variance=0.936602 train/approx_kl=0.00991022 train/clip_epsilon=0.2 train/actor_lr=0.0003 train/post_transition_steps=6553600 rollout/episode_return_std=nan train/grad_norm=0.256913
[V25 PPO] phase=1 rollout/transitions=8065024 safety/h_hard_min=4.80788 train/value_loss=10.2792 train/value_explained_variance=0.926676 train/approx_kl=0.00962973 train/clip_epsilon=0.2 train/actor_lr=0.0003 train/post_transition_steps=6557696 rollout/episode_return_std=nan train/grad_norm=0.334866
[V25 PPO] phase=1 rollout/transitions=8069120 safety/h_hard_min=4.8234 train/value_loss=9.68846 train/value_explained_variance=0.928346 train/approx_kl=0.00864766 train/clip_epsilon=0.2 train/actor_lr=0.0003 train/post_transition_steps=6561792 rollout/episode_return_std=nan train/grad_norm=0.126021
[V25 PPO] phase=1 rollout/transitions=8073216 safety/h_hard_min=4.83607 train/value_loss=8.58673 train/value_explained_variance=0.93895 train/approx_kl=0.00799162 train/clip_epsilon=0.2 train/actor_lr=0.0003 train/post_transition_steps=6565888 rollout/episode_return_std=nan train/grad_norm=0.17495
[V25 PPO] phase=1 rollout/transitions=8077312 safety/h_hard_min=4.84787 train/value_loss=8.42528 train/value_explained_variance=0.932125 train/approx_kl=0.00755145 train/clip_epsilon=0.2 train/actor_lr=0.0003 train/post_transition_steps=6569984 rollout/episode_return_std=nan train/grad_norm=0.091838
[V25 PPO] phase=1 rollout/transitions=8081408 safety/h_hard_min=4.82789 train/value_loss=12.0486 train/value_explained_variance=0.916253 train/approx_kl=0.00824182 train/clip_epsilon=0.2 train/actor_lr=0.0003 train/post_transition_steps=6574080 rollout/episode_return_std=nan train/grad_norm=0.818552
[V25 PPO] phase=1 rollout/transitions=8085504 safety/h_hard_min=4.83779 train/value_loss=7.72685 train/value_explained_variance=0.933094 train/approx_kl=0.00630781 train/clip_epsilon=0.2 train/actor_lr=0.0003 train/post_transition_steps=6578176 rollout/episode_return_std=nan train/grad_norm=0.332545
[V25 PPO] phase=1 rollout/transitions=8089600 safety/h_hard_min=4.839 train/value_loss=10.0691 train/value_explained_variance=0.929237 train/approx_kl=0.00830012 train/clip_epsilon=0.2 train/actor_lr=0.0003 train/post_transition_steps=6582272 rollout/episode_return_std=nan train/grad_norm=0.388776
[V25 PPO] phase=1 rollout/transitions=8093696 safety/h_hard_min=4.84892 train/value_loss=9.68655 train/value_explained_variance=0.92363 train/approx_kl=0.00745334 train/clip_epsilon=0.2 train/actor_lr=0.0003 train/post_transition_steps=6586368 rollout/episode_return_std=nan train/grad_norm=0.352945
[V25 PPO] phase=1 rollout/transitions=8097792 safety/h_hard_min=4.81356 train/value_loss=9.26396 train/value_explained_variance=0.928683 train/approx_kl=0.00730295 train/clip_epsilon=0.2 train/actor_lr=0.0003 train/post_transition_steps=6590464 rollout/episode_return_std=nan train/grad_norm=0.618513
[V25 PPO] phase=1 rollout/transitions=8101888 safety/h_hard_min=4.83171 train/value_loss=9.75148 train/value_explained_variance=0.927522 train/approx_kl=0.00776578 train/clip_epsilon=0.2 train/actor_lr=0.0003 train/post_transition_steps=6594560 rollout/episode_return_std=nan train/grad_norm=0.261375
[V25 PPO] phase=1 rollout/transitions=8105984 safety/h_hard_min=4.82088 train/value_loss=9.85391 train/value_explained_variance=0.924354 train/approx_kl=0.00754693 train/clip_epsilon=0.2 train/actor_lr=0.0003 train/post_transition_steps=6598656 rollout/episode_return_std=nan train/grad_norm=0.89527
[V25 PPO] phase=1 rollout/transitions=8110080 safety/h_hard_min=4.82386 train/value_loss=11.0933 train/value_explained_variance=0.923699 train/approx_kl=0.0106213 train/clip_epsilon=0.2 train/actor_lr=0.0003 train/post_transition_steps=6602752 rollout/episode_return_std=nan train/grad_norm=0.80786
[V25 PPO] phase=1 rollout/transitions=8114176 safety/h_hard_min=4.83927 train/value_loss=8.30535 train/value_explained_variance=0.931628 train/approx_kl=0.00725591 train/clip_epsilon=0.2 train/actor_lr=0.0003 train/post_transition_steps=6606848 rollout/episode_return_std=nan train/grad_norm=0.716894
[V25 PPO] phase=1 rollout/transitions=8118272 safety/h_hard_min=4.81544 train/value_loss=12.5812 train/value_explained_variance=0.91455 train/approx_kl=0.00881804 train/clip_epsilon=0.2 train/actor_lr=0.0003 train/post_transition_steps=6610944 rollout/episode_return_std=nan train/grad_norm=1.49426
[V25 PPO] phase=1 rollout/transitions=8122368 safety/h_hard_min=4.81216 train/value_loss=10.6213 train/value_explained_variance=0.926968 train/approx_kl=0.00878804 train/clip_epsilon=0.2 train/actor_lr=0.0003 train/post_transition_steps=6615040 rollout/episode_return_std=nan train/grad_norm=0.878052
[V25 PPO] phase=1 rollout/transitions=8126464 safety/h_hard_min=4.86041 train/value_loss=11.0631 train/value_explained_variance=0.921289 train/approx_kl=0.00948687 train/clip_epsilon=0.2 train/actor_lr=0.0003 train/post_transition_steps=6619136 rollout/episode_return_std=nan train/grad_norm=1.11274
[V25 PPO] phase=1 rollout/transitions=8130560 safety/h_hard_min=4.79993 train/value_loss=10.2113 train/value_explained_variance=0.925648 train/approx_kl=0.00760299 train/clip_epsilon=0.2 train/actor_lr=0.0003 train/post_transition_steps=6623232 rollout/episode_return_std=nan train/grad_norm=0.391563
[V25 PPO] phase=1 rollout/transitions=8134656 safety/h_hard_min=4.86279 train/value_loss=9.70194 train/value_explained_variance=0.920221 train/approx_kl=0.00803003 train/clip_epsilon=0.2 train/actor_lr=0.0003 train/post_transition_steps=6627328 rollout/episode_return_std=nan train/grad_norm=0.457161
[V25 PPO] phase=1 rollout/transitions=8138752 safety/h_hard_min=4.82995 train/value_loss=9.95434 train/value_explained_variance=0.924354 train/approx_kl=0.00769047 train/clip_epsilon=0.2 train/actor_lr=0.0003 train/post_transition_steps=6631424 rollout/episode_return_std=nan train/grad_norm=0.416847
[V25 PPO] phase=1 rollout/transitions=8142848 safety/h_hard_min=4.82048 train/value_loss=8.74018 train/value_explained_variance=0.928151 train/approx_kl=0.00751746 train/clip_epsilon=0.2 train/actor_lr=0.0003 train/post_transition_steps=6635520 rollout/episode_return_std=nan train/grad_norm=0.386555
[V25 PPO] phase=1 rollout/transitions=8146944 safety/h_hard_min=4.81718 train/value_loss=11.2611 train/value_explained_variance=0.925141 train/approx_kl=0.00906192 train/clip_epsilon=0.2 train/actor_lr=0.0003 train/post_transition_steps=6639616 rollout/episode_return_std=nan train/grad_norm=0.301946
[V25 PPO] phase=1 rollout/transitions=8151040 safety/h_hard_min=4.83889 train/value_loss=11.1016 train/value_explained_variance=0.915873 train/approx_kl=0.0071085 train/clip_epsilon=0.2 train/actor_lr=0.0003 train/post_transition_steps=6643712 rollout/episode_return_std=nan train/grad_norm=0.688579
[V25 PPO] phase=1 rollout/transitions=8155136 safety/h_hard_min=4.83291 train/value_loss=9.54718 train/value_explained_variance=0.922513 train/approx_kl=0.00720287 train/clip_epsilon=0.2 train/actor_lr=0.0003 train/post_transition_steps=6647808 rollout/episode_return_std=nan train/grad_norm=0.3424
[V25 PPO] phase=1 rollout/transitions=8159232 safety/h_hard_min=4.81666 train/value_loss=13.9801 train/value_explained_variance=0.915457 train/approx_kl=0.0100253 train/clip_epsilon=0.2 train/actor_lr=0.0003 train/post_transition_steps=6651904 rollout/episode_return_std=nan train/grad_norm=0.258971
[V25 PPO] phase=1 rollout/transitions=8163328 safety/h_hard_min=4.85696 train/value_loss=7.31901 train/value_explained_variance=0.939351 train/approx_kl=0.00719596 train/clip_epsilon=0.2 train/actor_lr=0.0003 train/post_transition_steps=6656000 rollout/episode_return_std=nan train/grad_norm=0.61402
[V25 PPO] phase=1 rollout/transitions=8167424 safety/h_hard_min=4.81892 train/value_loss=8.37069 train/value_explained_variance=0.928239 train/approx_kl=0.0065931 train/clip_epsilon=0.2 train/actor_lr=0.0003 train/post_transition_steps=6660096 rollout/episode_return_std=nan train/grad_norm=0.462653
[V25 PPO] phase=1 rollout/transitions=8171520 safety/h_hard_min=4.85691 train/value_loss=10.3824 train/value_explained_variance=0.921273 train/approx_kl=0.00859621 train/clip_epsilon=0.2 train/actor_lr=0.0003 train/post_transition_steps=6664192 rollout/episode_return_std=nan train/grad_norm=0.263854
[V25 PPO] phase=1 rollout/transitions=8175616 safety/h_hard_min=4.83873 train/value_loss=11.7263 train/value_explained_variance=0.914346 train/approx_kl=0.00768254 train/clip_epsilon=0.2 train/actor_lr=0.0003 train/post_transition_steps=6668288 rollout/episode_return_std=nan train/grad_norm=0.724074
[V25 PPO] phase=1 rollout/transitions=8179712 safety/h_hard_min=4.80303 train/value_loss=10.6606 train/value_explained_variance=0.925342 train/approx_kl=0.00898429 train/clip_epsilon=0.2 train/actor_lr=0.0003 train/post_transition_steps=6672384 rollout/episode_return_std=nan train/grad_norm=0.392283
[V25 PPO] phase=1 rollout/transitions=8183808 safety/h_hard_min=4.82437 train/value_loss=10.4105 train/value_explained_variance=0.928972 train/approx_kl=0.00879141 train/clip_epsilon=0.2 train/actor_lr=0.0003 train/post_transition_steps=6676480 rollout/episode_return_std=nan train/grad_norm=0.663267
[V25 PPO] phase=1 rollout/transitions=8187904 safety/h_hard_min=4.81967 train/value_loss=12.2306 train/value_explained_variance=0.915891 train/approx_kl=0.00895418 train/clip_epsilon=0.2 train/actor_lr=0.0003 train/post_transition_steps=6680576 rollout/episode_return_std=nan train/grad_norm=0.367487
[V25 PPO] phase=1 rollout/transitions=8192000 safety/h_hard_min=4.85105 train/value_loss=10.3537 train/value_explained_variance=0.919905 train/approx_kl=0.00810058 train/clip_epsilon=0.2 train/actor_lr=0.0003 train/post_transition_steps=6684672 rollout/episode_return_std=nan train/grad_norm=0.462338
[V25 PPO] phase=1 rollout/transitions=8196096 safety/h_hard_min=4.85411 train/value_loss=11.1542 train/value_explained_variance=0.929761 train/approx_kl=0.0081209 train/clip_epsilon=0.2 train/actor_lr=0.0003 train/post_transition_steps=6688768 rollout/episode_return_std=nan train/grad_norm=1.86211
[V25 PPO] phase=1 rollout/transitions=8200192 safety/h_hard_min=4.80795 train/value_loss=10.3895 train/value_explained_variance=0.924966 train/approx_kl=0.0077871 train/clip_epsilon=0.2 train/actor_lr=0.0003 train/post_transition_steps=6692864 rollout/episode_return_std=nan train/grad_norm=0.888003
[V25 PPO] phase=1 rollout/transitions=8204288 safety/h_hard_min=4.8336 train/value_loss=12.3218 train/value_explained_variance=0.922133 train/approx_kl=0.0101772 train/clip_epsilon=0.2 train/actor_lr=0.0003 train/post_transition_steps=6696960 rollout/episode_return_std=nan train/grad_norm=0.782964
[V25 PPO] phase=1 rollout/transitions=8208384 safety/h_hard_min=4.89442 train/value_loss=9.60735 train/value_explained_variance=0.924961 train/approx_kl=0.00783533 train/clip_epsilon=0.2 train/actor_lr=0.0003 train/post_transition_steps=6701056 rollout/episode_return_std=nan train/grad_norm=0.91985
[V25 PPO] phase=1 rollout/transitions=8212480 safety/h_hard_min=4.80232 train/value_loss=10.6664 train/value_explained_variance=0.921167 train/approx_kl=0.00807965 train/clip_epsilon=0.2 train/actor_lr=0.0003 train/post_transition_steps=6705152 rollout/episode_return_std=nan train/grad_norm=2.13813
[V25 PPO] phase=1 rollout/transitions=8216576 safety/h_hard_min=4.82506 train/value_loss=12.7054 train/value_explained_variance=0.911203 train/approx_kl=0.00861785 train/clip_epsilon=0.2 train/actor_lr=0.0003 train/post_transition_steps=6709248 rollout/episode_return_std=nan train/grad_norm=0.734049
[V25 PPO] phase=1 rollout/transitions=8220672 safety/h_hard_min=4.83441 train/value_loss=6.00169 train/value_explained_variance=0.952517 train/approx_kl=0.00460149 train/clip_epsilon=0.2 train/actor_lr=0.0003 train/post_transition_steps=6713344 rollout/episode_return_std=nan train/grad_norm=3.04805
[V25 PPO] phase=1 rollout/transitions=8224768 safety/h_hard_min=4.86766 train/value_loss=6.95048 train/value_explained_variance=0.943119 train/approx_kl=0.00544415 train/clip_epsilon=0.2 train/actor_lr=0.0003 train/post_transition_steps=6717440 rollout/episode_return_std=nan train/grad_norm=1.44489
[V25 PPO] phase=1 rollout/transitions=8228864 safety/h_hard_min=4.91587 train/value_loss=7.71549 train/value_explained_variance=0.954855 train/approx_kl=0.00762023 train/clip_epsilon=0.2 train/actor_lr=0.0003 train/post_transition_steps=6721536 rollout/episode_return_std=nan train/grad_norm=3.0735
[V25 PPO] phase=1 rollout/transitions=8232960 safety/h_hard_min=4.71387 train/value_loss=7.3421 train/value_explained_variance=0.9549 train/approx_kl=0.00683288 train/clip_epsilon=0.2 train/actor_lr=0.0003 train/post_transition_steps=6725632 rollout/episode_return_std=nan train/grad_norm=0.489295
[V25 PPO] phase=1 rollout/transitions=8237056 safety/h_hard_min=4.89076 train/value_loss=3.95784 train/value_explained_variance=0.970552 train/approx_kl=0.00835707 train/clip_epsilon=0.2 train/actor_lr=0.0003 train/post_transition_steps=6729728 rollout/episode_return_std=nan train/grad_norm=0.871495
[V25 PPO] phase=1 rollout/transitions=8241152 safety/h_hard_min=4.79847 train/value_loss=3.85397 train/value_explained_variance=0.970572 train/approx_kl=0.00470474 train/clip_epsilon=0.2 train/actor_lr=0.0003 train/post_transition_steps=6733824 rollout/episode_return_std=nan train/grad_norm=1.01146
[V25 PPO] phase=1 rollout/transitions=8245248 safety/h_hard_min=4.88868 train/value_loss=5.17151 train/value_explained_variance=0.96671 train/approx_kl=0.00666316 train/clip_epsilon=0.2 train/actor_lr=0.0003 train/post_transition_steps=6737920 rollout/episode_return_std=nan train/grad_norm=6.27124
[V25 PPO] phase=1 rollout/transitions=8249344 safety/h_hard_min=4.82283 train/value_loss=4.10144 train/value_explained_variance=0.969905 train/approx_kl=0.00447301 train/clip_epsilon=0.2 train/actor_lr=0.0003 train/post_transition_steps=6742016 rollout/episode_return_std=nan train/grad_norm=6.57499
[V25 PPO] phase=1 rollout/transitions=8253440 safety/h_hard_min=4.87407 train/value_loss=3.40796 train/value_explained_variance=0.974993 train/approx_kl=0.00502842 train/clip_epsilon=0.2 train/actor_lr=0.0003 train/post_transition_steps=6746112 rollout/episode_return_std=nan train/grad_norm=7.99253
[V25 PPO] phase=1 rollout/transitions=8257536 safety/h_hard_min=4.7925 train/value_loss=4.7662 train/value_explained_variance=0.97127 train/approx_kl=0.00786079 train/clip_epsilon=0.2 train/actor_lr=0.0003 train/post_transition_steps=6750208 rollout/episode_return_std=nan train/grad_norm=3.95447
[V25 PPO] phase=1 rollout/transitions=8261632 safety/h_hard_min=4.95781 train/value_loss=4.42899 train/value_explained_variance=0.969472 train/approx_kl=0.00648586 train/clip_epsilon=0.2 train/actor_lr=0.0003 train/post_transition_steps=6754304 rollout/episode_return_std=nan train/grad_norm=6.72296
[V25 PPO] phase=1 rollout/transitions=8265728 safety/h_hard_min=4.83834 train/value_loss=4.30048 train/value_explained_variance=0.9752 train/approx_kl=0.00424526 train/clip_epsilon=0.2 train/actor_lr=0.0003 train/post_transition_steps=6758400 rollout/episode_return_std=nan train/grad_norm=1.7932
[V25 PPO] phase=1 rollout/transitions=8269824 safety/h_hard_min=4.88775 train/value_loss=3.70836 train/value_explained_variance=0.979378 train/approx_kl=0.00631622 train/clip_epsilon=0.2 train/actor_lr=0.0003 train/post_transition_steps=6762496 rollout/episode_return_std=nan train/grad_norm=1.23345
[V25 PPO] phase=1 rollout/transitions=8273920 safety/h_hard_min=4.86357 train/value_loss=2.47997 train/value_explained_variance=0.987142 train/approx_kl=0.00515018 train/clip_epsilon=0.2 train/actor_lr=0.0003 train/post_transition_steps=6766592 rollout/episode_return_std=nan train/grad_norm=0.445711
[V25 PPO] phase=1 rollout/transitions=8278016 safety/h_hard_min=4.86802 train/value_loss=2.94076 train/value_explained_variance=0.982568 train/approx_kl=0.0043317 train/clip_epsilon=0.2 train/actor_lr=0.0003 train/post_transition_steps=6770688 rollout/episode_return_std=nan train/grad_norm=0.647211
[V25 PPO] phase=1 rollout/transitions=8282112 safety/h_hard_min=4.78116 train/value_loss=3.26005 train/value_explained_variance=0.977496 train/approx_kl=0.00373215 train/clip_epsilon=0.2 train/actor_lr=0.0003 train/post_transition_steps=6774784 rollout/episode_return_std=nan train/grad_norm=0.718776
[V25 PPO] phase=1 rollout/transitions=8286208 safety/h_hard_min=4.87198 train/value_loss=4.01867 train/value_explained_variance=0.9732 train/approx_kl=0.00680402 train/clip_epsilon=0.2 train/actor_lr=0.0003 train/post_transition_steps=6778880 rollout/episode_return_std=nan train/grad_norm=4.86763
[V25 PPO] phase=1 rollout/transitions=8290304 safety/h_hard_min=4.85496 train/value_loss=3.07922 train/value_explained_variance=0.979175 train/approx_kl=0.0060047 train/clip_epsilon=0.2 train/actor_lr=0.0003 train/post_transition_steps=6782976 rollout/episode_return_std=nan train/grad_norm=4.92043
[V25 PPO] phase=1 rollout/transitions=8294400 safety/h_hard_min=4.80932 train/value_loss=3.93241 train/value_explained_variance=0.972794 train/approx_kl=0.00451228 train/clip_epsilon=0.2 train/actor_lr=0.0003 train/post_transition_steps=6787072 rollout/episode_return_std=nan train/grad_norm=0.34525
[V25 PPO] phase=1 rollout/transitions=8298496 safety/h_hard_min=4.85574 train/value_loss=3.58743 train/value_explained_variance=0.978105 train/approx_kl=0.00527881 train/clip_epsilon=0.2 train/actor_lr=0.0003 train/post_transition_steps=6791168 rollout/episode_return_std=nan train/grad_norm=0.159181
[V25 PPO] phase=1 rollout/transitions=8302592 safety/h_hard_min=4.8282 train/value_loss=3.64106 train/value_explained_variance=0.98356 train/approx_kl=0.00629287 train/clip_epsilon=0.2 train/actor_lr=0.0003 train/post_transition_steps=6795264 rollout/episode_return_std=nan train/grad_norm=0.665136
[V25 PPO] phase=1 rollout/transitions=8306688 safety/h_hard_min=4.78992 train/value_loss=3.66206 train/value_explained_variance=0.980345 train/approx_kl=0.00554576 train/clip_epsilon=0.2 train/actor_lr=0.0003 train/post_transition_steps=6799360 rollout/episode_return_std=nan train/grad_norm=0.339545
[V25 PPO] phase=1 rollout/transitions=8310784 safety/h_hard_min=4.85993 train/value_loss=3.94614 train/value_explained_variance=0.977906 train/approx_kl=0.00557686 train/clip_epsilon=0.2 train/actor_lr=0.0003 train/post_transition_steps=6803456 rollout/episode_return_std=nan train/grad_norm=0.678734
[V25 PPO] phase=1 rollout/transitions=8314880 safety/h_hard_min=4.84104 train/value_loss=4.34224 train/value_explained_variance=0.977263 train/approx_kl=0.0070103 train/clip_epsilon=0.2 train/actor_lr=0.0003 train/post_transition_steps=6807552 rollout/episode_return_std=nan train/grad_norm=0.402536
[V25 PPO] phase=1 rollout/transitions=8318976 safety/h_hard_min=4.85354 train/value_loss=3.72527 train/value_explained_variance=0.98261 train/approx_kl=0.00673892 train/clip_epsilon=0.2 train/actor_lr=0.0003 train/post_transition_steps=6811648 rollout/episode_return_std=nan train/grad_norm=0.182516
[V25 PPO] phase=1 rollout/transitions=8323072 safety/h_hard_min=4.82973 train/value_loss=3.69973 train/value_explained_variance=0.979061 train/approx_kl=0.0057367 train/clip_epsilon=0.2 train/actor_lr=0.0003 train/post_transition_steps=6815744 rollout/episode_return_std=nan train/grad_norm=0.198227
[V25 PPO] phase=1 rollout/transitions=8327168 safety/h_hard_min=4.8445 train/value_loss=4.98288 train/value_explained_variance=0.973609 train/approx_kl=0.00723564 train/clip_epsilon=0.2 train/actor_lr=0.0003 train/post_transition_steps=6819840 rollout/episode_return_std=nan train/grad_norm=0.391438
[V25 PPO] phase=1 rollout/transitions=8331264 safety/h_hard_min=4.83833 train/value_loss=3.6352 train/value_explained_variance=0.97838 train/approx_kl=0.00589106 train/clip_epsilon=0.2 train/actor_lr=0.0003 train/post_transition_steps=6823936 rollout/episode_return_std=nan train/grad_norm=0.637086
[V25 PPO] phase=1 rollout/transitions=8335360 safety/h_hard_min=4.85694 train/value_loss=4.7431 train/value_explained_variance=0.976043 train/approx_kl=0.00732511 train/clip_epsilon=0.2 train/actor_lr=0.0003 train/post_transition_steps=6828032 rollout/episode_return_std=nan train/grad_norm=0.842343
[V25 PPO] phase=1 rollout/transitions=8339456 safety/h_hard_min=4.84393 train/value_loss=4.3481 train/value_explained_variance=0.977466 train/approx_kl=0.00657297 train/clip_epsilon=0.2 train/actor_lr=0.0003 train/post_transition_steps=6832128 rollout/episode_return_std=nan train/grad_norm=0.310034
[V25 PPO] phase=1 rollout/transitions=8343552 safety/h_hard_min=4.78436 train/value_loss=3.53652 train/value_explained_variance=0.982262 train/approx_kl=0.00650725 train/clip_epsilon=0.2 train/actor_lr=0.0003 train/post_transition_steps=6836224 rollout/episode_return_std=nan train/grad_norm=0.17801
[V25 PPO] phase=1 rollout/transitions=8347648 safety/h_hard_min=4.86066 train/value_loss=3.19684 train/value_explained_variance=0.983154 train/approx_kl=0.00645961 train/clip_epsilon=0.2 train/actor_lr=0.0003 train/post_transition_steps=6840320 rollout/episode_return_std=nan train/grad_norm=1.07083
[V25 PPO] phase=1 rollout/transitions=8351744 safety/h_hard_min=4.84151 train/value_loss=3.33045 train/value_explained_variance=0.982561 train/approx_kl=0.00525427 train/clip_epsilon=0.2 train/actor_lr=0.0003 train/post_transition_steps=6844416 rollout/episode_return_std=nan train/grad_norm=0.18295
[V25 PPO] phase=1 rollout/transitions=8355840 safety/h_hard_min=4.79114 train/value_loss=5.17957 train/value_explained_variance=0.974564 train/approx_kl=0.00719631 train/clip_epsilon=0.2 train/actor_lr=0.0003 train/post_transition_steps=6848512 rollout/episode_return_std=nan train/grad_norm=0.332481
[V25 PPO] phase=1 rollout/transitions=8359936 safety/h_hard_min=4.88803 train/value_loss=4.48242 train/value_explained_variance=0.978242 train/approx_kl=0.00795704 train/clip_epsilon=0.2 train/actor_lr=0.0003 train/post_transition_steps=6852608 rollout/episode_return_std=nan train/grad_norm=0.427483
[V25 PPO] phase=1 rollout/transitions=8364032 safety/h_hard_min=4.84359 train/value_loss=4.91215 train/value_explained_variance=0.975004 train/approx_kl=0.00748111 train/clip_epsilon=0.2 train/actor_lr=0.0003 train/post_transition_steps=6856704 rollout/episode_return_std=nan train/grad_norm=0.51138
[V25 PPO] phase=1 rollout/transitions=8368128 safety/h_hard_min=4.87292 train/value_loss=3.16615 train/value_explained_variance=0.982866 train/approx_kl=0.00680983 train/clip_epsilon=0.2 train/actor_lr=0.0003 train/post_transition_steps=6860800 rollout/episode_return_std=nan train/grad_norm=0.911493
[V25 PPO] phase=1 rollout/transitions=8372224 safety/h_hard_min=4.84945 train/value_loss=4.6392 train/value_explained_variance=0.978927 train/approx_kl=0.00755115 train/clip_epsilon=0.2 train/actor_lr=0.0003 train/post_transition_steps=6864896 rollout/episode_return_std=nan train/grad_norm=0.728065
[V25 PPO] phase=1 rollout/transitions=8376320 safety/h_hard_min=4.84842 train/value_loss=4.33562 train/value_explained_variance=0.976629 train/approx_kl=0.00654251 train/clip_epsilon=0.2 train/actor_lr=0.0003 train/post_transition_steps=6868992 rollout/episode_return_std=nan train/grad_norm=0.40438
[V25 PPO] phase=1 rollout/transitions=8380416 safety/h_hard_min=4.83505 train/value_loss=3.76127 train/value_explained_variance=0.983163 train/approx_kl=0.00612369 train/clip_epsilon=0.2 train/actor_lr=0.0003 train/post_transition_steps=6873088 rollout/episode_return_std=nan train/grad_norm=0.264373
[V25 PPO] phase=1 rollout/transitions=8384512 safety/h_hard_min=4.83415 train/value_loss=3.75376 train/value_explained_variance=0.977634 train/approx_kl=0.00606557 train/clip_epsilon=0.2 train/actor_lr=0.0003 train/post_transition_steps=6877184 rollout/episode_return_std=nan train/grad_norm=1.31785
[V25 PPO] phase=1 rollout/transitions=8388608 safety/h_hard_min=4.83681 train/value_loss=5.07419 train/value_explained_variance=0.974688 train/approx_kl=0.00641351 train/clip_epsilon=0.2 train/actor_lr=0.0003 train/post_transition_steps=6881280 rollout/episode_return_std=nan train/grad_norm=0.167556
[V25 PPO] phase=1 rollout/transitions=8392704 safety/h_hard_min=4.85094 train/value_loss=3.87684 train/value_explained_variance=0.980731 train/approx_kl=0.00665169 train/clip_epsilon=0.2 train/actor_lr=0.0003 train/post_transition_steps=6885376 rollout/episode_return_std=nan train/grad_norm=0.258399
[V25 PPO] phase=1 rollout/transitions=8396800 safety/h_hard_min=4.84585 train/value_loss=4.1875 train/value_explained_variance=0.978626 train/approx_kl=0.00664441 train/clip_epsilon=0.2 train/actor_lr=0.0003 train/post_transition_steps=6889472 rollout/episode_return_std=nan train/grad_norm=0.343967
[V25 PPO] phase=1 rollout/transitions=8400896 safety/h_hard_min=4.80791 train/value_loss=4.89736 train/value_explained_variance=0.976474 train/approx_kl=0.0067157 train/clip_epsilon=0.2 train/actor_lr=0.0003 train/post_transition_steps=6893568 rollout/episode_return_std=nan train/grad_norm=0.573513
[V25 PPO] phase=1 rollout/transitions=8404992 safety/h_hard_min=4.85366 train/value_loss=4.27222 train/value_explained_variance=0.977521 train/approx_kl=0.00752101 train/clip_epsilon=0.2 train/actor_lr=0.0003 train/post_transition_steps=6897664 rollout/episode_return_std=nan train/grad_norm=0.274816
[V25 PPO] phase=1 rollout/transitions=8409088 safety/h_hard_min=4.78788 train/value_loss=4.7943 train/value_explained_variance=0.97725 train/approx_kl=0.00635346 train/clip_epsilon=0.2 train/actor_lr=0.0003 train/post_transition_steps=6901760 rollout/episode_return_std=nan train/grad_norm=0.610982
[V25 PPO] phase=1 rollout/transitions=8413184 safety/h_hard_min=4.84009 train/value_loss=4.60615 train/value_explained_variance=0.976681 train/approx_kl=0.00722776 train/clip_epsilon=0.2 train/actor_lr=0.0003 train/post_transition_steps=6905856 rollout/episode_return_std=nan train/grad_norm=0.310897
[V25 PPO] phase=1 rollout/transitions=8417280 safety/h_hard_min=4.82689 train/value_loss=3.95446 train/value_explained_variance=0.978605 train/approx_kl=0.00639921 train/clip_epsilon=0.2 train/actor_lr=0.0003 train/post_transition_steps=6909952 rollout/episode_return_std=nan train/grad_norm=0.721845
[V25 PPO] phase=1 rollout/transitions=8421376 safety/h_hard_min=4.81955 train/value_loss=4.56823 train/value_explained_variance=0.97705 train/approx_kl=0.00754724 train/clip_epsilon=0.2 train/actor_lr=0.0003 train/post_transition_steps=6914048 rollout/episode_return_std=nan train/grad_norm=0.323947
[V25 PPO] phase=1 rollout/transitions=8425472 safety/h_hard_min=4.83722 train/value_loss=3.11458 train/value_explained_variance=0.984007 train/approx_kl=0.00635493 train/clip_epsilon=0.2 train/actor_lr=0.0003 train/post_transition_steps=6918144 rollout/episode_return_std=nan train/grad_norm=0.165709
[V25 PPO] phase=1 rollout/transitions=8429568 safety/h_hard_min=4.83249 train/value_loss=5.13756 train/value_explained_variance=0.977147 train/approx_kl=0.00798646 train/clip_epsilon=0.2 train/actor_lr=0.0003 train/post_transition_steps=6922240 rollout/episode_return_std=nan train/grad_norm=0.384364
[V25 PPO] phase=1 rollout/transitions=8433664 safety/h_hard_min=4.85402 train/value_loss=4.57955 train/value_explained_variance=0.977615 train/approx_kl=0.00675204 train/clip_epsilon=0.2 train/actor_lr=0.0003 train/post_transition_steps=6926336 rollout/episode_return_std=nan train/grad_norm=0.165992
[V25 PPO] phase=1 rollout/transitions=8437760 safety/h_hard_min=4.82643 train/value_loss=3.30934 train/value_explained_variance=0.982206 train/approx_kl=0.00560949 train/clip_epsilon=0.2 train/actor_lr=0.0003 train/post_transition_steps=6930432 rollout/episode_return_std=nan train/grad_norm=0.248471
[V25 PPO] phase=1 rollout/transitions=8441856 safety/h_hard_min=4.83678 train/value_loss=6.10285 train/value_explained_variance=0.976237 train/approx_kl=0.00773373 train/clip_epsilon=0.2 train/actor_lr=0.0003 train/post_transition_steps=6934528 rollout/episode_return_std=nan train/grad_norm=0.306169
[V25 PPO] phase=1 rollout/transitions=8445952 safety/h_hard_min=4.82827 train/value_loss=6.65631 train/value_explained_variance=0.971036 train/approx_kl=0.00781088 train/clip_epsilon=0.2 train/actor_lr=0.0003 train/post_transition_steps=6938624 rollout/episode_return_std=nan train/grad_norm=0.445623
[V25 PPO] phase=1 rollout/transitions=8450048 safety/h_hard_min=4.83504 train/value_loss=3.79045 train/value_explained_variance=0.97984 train/approx_kl=0.00648508 train/clip_epsilon=0.2 train/actor_lr=0.0003 train/post_transition_steps=6942720 rollout/episode_return_std=nan train/grad_norm=0.32381
[V25 PPO] phase=1 rollout/transitions=8454144 safety/h_hard_min=4.82609 train/value_loss=5.35091 train/value_explained_variance=0.97845 train/approx_kl=0.00888473 train/clip_epsilon=0.2 train/actor_lr=0.0003 train/post_transition_steps=6946816 rollout/episode_return_std=nan train/grad_norm=0.180338
[V25 PPO] phase=1 rollout/transitions=8458240 safety/h_hard_min=4.83121 train/value_loss=4.77446 train/value_explained_variance=0.976858 train/approx_kl=0.00781519 train/clip_epsilon=0.2 train/actor_lr=0.0003 train/post_transition_steps=6950912 rollout/episode_return_std=nan train/grad_norm=0.464546
[V25 PPO] phase=1 rollout/transitions=8462336 safety/h_hard_min=4.82321 train/value_loss=4.06143 train/value_explained_variance=0.980869 train/approx_kl=0.00688216 train/clip_epsilon=0.2 train/actor_lr=0.0003 train/post_transition_steps=6955008 rollout/episode_return_std=nan train/grad_norm=0.339534
[V25 PPO] phase=1 rollout/transitions=8466432 safety/h_hard_min=4.83753 train/value_loss=4.02999 train/value_explained_variance=0.977474 train/approx_kl=0.00624855 train/clip_epsilon=0.2 train/actor_lr=0.0003 train/post_transition_steps=6959104 rollout/episode_return_std=nan train/grad_norm=0.27686
[V25 PPO] phase=1 rollout/transitions=8470528 safety/h_hard_min=4.82548 train/value_loss=4.8127 train/value_explained_variance=0.973392 train/approx_kl=0.00611979 train/clip_epsilon=0.2 train/actor_lr=0.0003 train/post_transition_steps=6963200 rollout/episode_return_std=nan train/grad_norm=0.549478
[V25 PPO] phase=1 rollout/transitions=8474624 safety/h_hard_min=4.81757 train/value_loss=4.06209 train/value_explained_variance=0.977999 train/approx_kl=0.00576328 train/clip_epsilon=0.2 train/actor_lr=0.0003 train/post_transition_steps=6967296 rollout/episode_return_std=nan train/grad_norm=0.517099
[V25 PPO] phase=1 rollout/transitions=8478720 safety/h_hard_min=4.84146 train/value_loss=4.63726 train/value_explained_variance=0.977116 train/approx_kl=0.00714522 train/clip_epsilon=0.2 train/actor_lr=0.0003 train/post_transition_steps=6971392 rollout/episode_return_std=nan train/grad_norm=0.323599
[V25 PPO] phase=1 rollout/transitions=8482816 safety/h_hard_min=4.81772 train/value_loss=5.15327 train/value_explained_variance=0.973386 train/approx_kl=0.00622487 train/clip_epsilon=0.2 train/actor_lr=0.0003 train/post_transition_steps=6975488 rollout/episode_return_std=nan train/grad_norm=0.31659
[V25 PPO] phase=1 rollout/transitions=8486912 safety/h_hard_min=4.86213 train/value_loss=4.97066 train/value_explained_variance=0.977638 train/approx_kl=0.00758403 train/clip_epsilon=0.2 train/actor_lr=0.0003 train/post_transition_steps=6979584 rollout/episode_return_std=nan train/grad_norm=0.455901
[V25 PPO] phase=1 rollout/transitions=8491008 safety/h_hard_min=4.85488 train/value_loss=4.14583 train/value_explained_variance=0.977746 train/approx_kl=0.00620368 train/clip_epsilon=0.2 train/actor_lr=0.0003 train/post_transition_steps=6983680 rollout/episode_return_std=nan train/grad_norm=0.240475
[V25 PPO] phase=1 rollout/transitions=8495104 safety/h_hard_min=4.83033 train/value_loss=4.95345 train/value_explained_variance=0.973288 train/approx_kl=0.00578922 train/clip_epsilon=0.2 train/actor_lr=0.0003 train/post_transition_steps=6987776 rollout/episode_return_std=nan train/grad_norm=0.501142
[V25 PPO] phase=1 rollout/transitions=8499200 safety/h_hard_min=4.83091 train/value_loss=6.05788 train/value_explained_variance=0.972674 train/approx_kl=0.00735208 train/clip_epsilon=0.2 train/actor_lr=0.0003 train/post_transition_steps=6991872 rollout/episode_return_std=nan train/grad_norm=0.501477
[V25 PPO] phase=1 rollout/transitions=8503296 safety/h_hard_min=4.83304 train/value_loss=4.6047 train/value_explained_variance=0.976652 train/approx_kl=0.00675781 train/clip_epsilon=0.2 train/actor_lr=0.0003 train/post_transition_steps=6995968 rollout/episode_return_std=nan train/grad_norm=0.326906
[V25 PPO] phase=1 rollout/transitions=8507392 safety/h_hard_min=4.81781 train/value_loss=3.81706 train/value_explained_variance=0.982187 train/approx_kl=0.00649407 train/clip_epsilon=0.2 train/actor_lr=0.0003 train/post_transition_steps=7000064 rollout/episode_return_std=nan train/grad_norm=0.784343
[V25 PPO] phase=1 rollout/transitions=8511488 safety/h_hard_min=4.7836 train/value_loss=4.31367 train/value_explained_variance=0.981475 train/approx_kl=0.00743289 train/clip_epsilon=0.2 train/actor_lr=0.0003 train/post_transition_steps=7004160 rollout/episode_return_std=nan train/grad_norm=0.762404
[V25 PPO] phase=1 rollout/transitions=8515584 safety/h_hard_min=4.82759 train/value_loss=5.25472 train/value_explained_variance=0.977073 train/approx_kl=0.0078168 train/clip_epsilon=0.2 train/actor_lr=0.0003 train/post_transition_steps=7008256 rollout/episode_return_std=nan train/grad_norm=0.299646
[V25 PPO] phase=1 rollout/transitions=8519680 safety/h_hard_min=4.80358 train/value_loss=5.04204 train/value_explained_variance=0.975147 train/approx_kl=0.00659263 train/clip_epsilon=0.2 train/actor_lr=0.0003 train/post_transition_steps=7012352 rollout/episode_return_std=nan train/grad_norm=0.292658
[V25 PPO] phase=1 rollout/transitions=8523776 safety/h_hard_min=4.80773 train/value_loss=4.97688 train/value_explained_variance=0.976889 train/approx_kl=0.00608165 train/clip_epsilon=0.2 train/actor_lr=0.0003 train/post_transition_steps=7016448 rollout/episode_return_std=nan train/grad_norm=0.188277
[V25 PPO] phase=1 rollout/transitions=8527872 safety/h_hard_min=4.79383 train/value_loss=4.86161 train/value_explained_variance=0.976424 train/approx_kl=0.00625247 train/clip_epsilon=0.2 train/actor_lr=0.0003 train/post_transition_steps=7020544 rollout/episode_return_std=nan train/grad_norm=0.261209
[V25 PPO] phase=1 rollout/transitions=8531968 safety/h_hard_min=4.81147 train/value_loss=5.40324 train/value_explained_variance=0.977895 train/approx_kl=0.00721116 train/clip_epsilon=0.2 train/actor_lr=0.0003 train/post_transition_steps=7024640 rollout/episode_return_std=nan train/grad_norm=0.150194
[V25 PPO] phase=1 rollout/transitions=8536064 safety/h_hard_min=4.80874 train/value_loss=6.70839 train/value_explained_variance=0.969145 train/approx_kl=0.00818994 train/clip_epsilon=0.2 train/actor_lr=0.0003 train/post_transition_steps=7028736 rollout/episode_return_std=nan train/grad_norm=0.740446
[V25 PPO] phase=1 rollout/transitions=8540160 safety/h_hard_min=4.82186 train/value_loss=4.95812 train/value_explained_variance=0.978287 train/approx_kl=0.00778739 train/clip_epsilon=0.2 train/actor_lr=0.0003 train/post_transition_steps=7032832 rollout/episode_return_std=nan train/grad_norm=0.576154
[V25 PPO] phase=1 rollout/transitions=8544256 safety/h_hard_min=4.79267 train/value_loss=6.14191 train/value_explained_variance=0.970393 train/approx_kl=0.00719607 train/clip_epsilon=0.2 train/actor_lr=0.0003 train/post_transition_steps=7036928 rollout/episode_return_std=nan train/grad_norm=1.03066
[V25 PPO] phase=1 rollout/transitions=8548352 safety/h_hard_min=4.782 train/value_loss=4.90474 train/value_explained_variance=0.978291 train/approx_kl=0.00804895 train/clip_epsilon=0.2 train/actor_lr=0.0003 train/post_transition_steps=7041024 rollout/episode_return_std=nan train/grad_norm=0.223152
[V25 PPO] phase=1 rollout/transitions=8552448 safety/h_hard_min=4.80113 train/value_loss=6.11948 train/value_explained_variance=0.971868 train/approx_kl=0.00706581 train/clip_epsilon=0.2 train/actor_lr=0.0003 train/post_transition_steps=7045120 rollout/episode_return_std=nan train/grad_norm=0.484636
[V25 PPO] phase=1 rollout/transitions=8556544 safety/h_hard_min=4.79363 train/value_loss=4.01465 train/value_explained_variance=0.981663 train/approx_kl=0.00675894 train/clip_epsilon=0.2 train/actor_lr=0.0003 train/post_transition_steps=7049216 rollout/episode_return_std=nan train/grad_norm=0.553101
[V25 PPO] phase=1 rollout/transitions=8560640 safety/h_hard_min=4.78271 train/value_loss=6.75646 train/value_explained_variance=0.97018 train/approx_kl=0.00741051 train/clip_epsilon=0.2 train/actor_lr=0.0003 train/post_transition_steps=7053312 rollout/episode_return_std=nan train/grad_norm=0.498917
[V25 PPO] phase=1 rollout/transitions=8564736 safety/h_hard_min=4.77966 train/value_loss=6.3257 train/value_explained_variance=0.972599 train/approx_kl=0.00919922 train/clip_epsilon=0.2 train/actor_lr=0.0003 train/post_transition_steps=7057408 rollout/episode_return_std=nan train/grad_norm=0.225308
[V25 PPO] phase=1 rollout/transitions=8568832 safety/h_hard_min=4.78214 train/value_loss=7.25182 train/value_explained_variance=0.970241 train/approx_kl=0.00894946 train/clip_epsilon=0.2 train/actor_lr=0.0003 train/post_transition_steps=7061504 rollout/episode_return_std=nan train/grad_norm=0.108143
[V25 PPO] phase=1 rollout/transitions=8572928 safety/h_hard_min=4.7737 train/value_loss=6.94321 train/value_explained_variance=0.971394 train/approx_kl=0.00820886 train/clip_epsilon=0.2 train/actor_lr=0.0003 train/post_transition_steps=7065600 rollout/episode_return_std=nan train/grad_norm=0.464149
[V25 PPO] phase=1 rollout/transitions=8577024 safety/h_hard_min=4.78532 train/value_loss=5.79313 train/value_explained_variance=0.970335 train/approx_kl=0.00763042 train/clip_epsilon=0.2 train/actor_lr=0.0003 train/post_transition_steps=7069696 rollout/episode_return_std=nan train/grad_norm=1.26165
[V25 PPO] phase=1 rollout/transitions=8581120 safety/h_hard_min=4.8091 train/value_loss=5.67422 train/value_explained_variance=0.97546 train/approx_kl=0.0082697 train/clip_epsilon=0.2 train/actor_lr=0.0003 train/post_transition_steps=7073792 rollout/episode_return_std=nan train/grad_norm=0.465373
[V25 PPO] phase=1 rollout/transitions=8585216 safety/h_hard_min=4.7931 train/value_loss=4.97435 train/value_explained_variance=0.973525 train/approx_kl=0.00637718 train/clip_epsilon=0.2 train/actor_lr=0.0003 train/post_transition_steps=7077888 rollout/episode_return_std=nan train/grad_norm=0.904181
[V25 PPO] phase=1 rollout/transitions=8589312 safety/h_hard_min=4.79552 train/value_loss=5.30986 train/value_explained_variance=0.974698 train/approx_kl=0.00839943 train/clip_epsilon=0.2 train/actor_lr=0.0003 train/post_transition_steps=7081984 rollout/episode_return_std=nan train/grad_norm=0.407866
[V25 PPO] phase=1 rollout/transitions=8593408 safety/h_hard_min=4.76245 train/value_loss=6.77785 train/value_explained_variance=0.970891 train/approx_kl=0.00890873 train/clip_epsilon=0.2 train/actor_lr=0.0003 train/post_transition_steps=7086080 rollout/episode_return_std=nan train/grad_norm=1.23016
[V25 PPO] phase=1 rollout/transitions=8597504 safety/h_hard_min=4.76784 train/value_loss=7.62497 train/value_explained_variance=0.966472 train/approx_kl=0.00984634 train/clip_epsilon=0.2 train/actor_lr=0.0003 train/post_transition_steps=7090176 rollout/episode_return_std=nan train/grad_norm=0.397533
[V25 PPO] phase=1 rollout/transitions=8601600 safety/h_hard_min=4.77362 train/value_loss=6.36852 train/value_explained_variance=0.970777 train/approx_kl=0.00899655 train/clip_epsilon=0.2 train/actor_lr=0.0003 train/post_transition_steps=7094272 rollout/episode_return_std=nan train/grad_norm=1.39844
[V25 PPO] phase=1 rollout/transitions=8605696 safety/h_hard_min=4.75771 train/value_loss=7.96521 train/value_explained_variance=0.964709 train/approx_kl=0.00929745 train/clip_epsilon=0.2 train/actor_lr=0.0003 train/post_transition_steps=7098368 rollout/episode_return_std=nan train/grad_norm=0.213663
[V25 PPO] phase=1 rollout/transitions=8609792 safety/h_hard_min=4.78786 train/value_loss=6.36779 train/value_explained_variance=0.968533 train/approx_kl=0.00880685 train/clip_epsilon=0.2 train/actor_lr=0.0003 train/post_transition_steps=7102464 rollout/episode_return_std=nan train/grad_norm=0.406361
[V25 PPO] phase=1 rollout/transitions=8613888 safety/h_hard_min=4.7876 train/value_loss=6.00792 train/value_explained_variance=0.970998 train/approx_kl=0.00770929 train/clip_epsilon=0.2 train/actor_lr=0.0003 train/post_transition_steps=7106560 rollout/episode_return_std=nan train/grad_norm=0.522594
[V25 PPO] phase=1 rollout/transitions=8617984 safety/h_hard_min=4.78814 train/value_loss=5.08141 train/value_explained_variance=0.975368 train/approx_kl=0.00878562 train/clip_epsilon=0.2 train/actor_lr=0.0003 train/post_transition_steps=7110656 rollout/episode_return_std=nan train/grad_norm=0.448868
[V25 PPO] phase=1 rollout/transitions=8622080 safety/h_hard_min=4.76638 train/value_loss=6.44356 train/value_explained_variance=0.969021 train/approx_kl=0.0085399 train/clip_epsilon=0.2 train/actor_lr=0.0003 train/post_transition_steps=7114752 rollout/episode_return_std=nan train/grad_norm=0.237038
[V25 PPO] phase=1 rollout/transitions=8626176 safety/h_hard_min=4.773 train/value_loss=4.7657 train/value_explained_variance=0.972685 train/approx_kl=0.00688283 train/clip_epsilon=0.2 train/actor_lr=0.0003 train/post_transition_steps=7118848 rollout/episode_return_std=nan train/grad_norm=0.421922
[V25 PPO] phase=1 rollout/transitions=8630272 safety/h_hard_min=4.79073 train/value_loss=5.89247 train/value_explained_variance=0.971952 train/approx_kl=0.0088286 train/clip_epsilon=0.2 train/actor_lr=0.0003 train/post_transition_steps=7122944 rollout/episode_return_std=nan train/grad_norm=0.638535
[V25 PPO] phase=1 rollout/transitions=8634368 safety/h_hard_min=4.79177 train/value_loss=5.97527 train/value_explained_variance=0.965065 train/approx_kl=0.00861065 train/clip_epsilon=0.2 train/actor_lr=0.0003 train/post_transition_steps=7127040 rollout/episode_return_std=nan train/grad_norm=0.258705
[V25 PPO] phase=1 rollout/transitions=8638464 safety/h_hard_min=4.80725 train/value_loss=7.24276 train/value_explained_variance=0.965801 train/approx_kl=0.00912338 train/clip_epsilon=0.2 train/actor_lr=0.0003 train/post_transition_steps=7131136 rollout/episode_return_std=nan train/grad_norm=0.591626
[V25 PPO] phase=1 rollout/transitions=8642560 safety/h_hard_min=4.78229 train/value_loss=6.60809 train/value_explained_variance=0.966244 train/approx_kl=0.00925091 train/clip_epsilon=0.2 train/actor_lr=0.0003 train/post_transition_steps=7135232 rollout/episode_return_std=nan train/grad_norm=0.488212
[V25 PPO] phase=1 rollout/transitions=8646656 safety/h_hard_min=4.79453 train/value_loss=9.4114 train/value_explained_variance=0.960543 train/approx_kl=0.0119616 train/clip_epsilon=0.2 train/actor_lr=0.0003 train/post_transition_steps=7139328 rollout/episode_return_std=nan train/grad_norm=0.172082
[V25 PPO] phase=1 rollout/transitions=8650752 safety/h_hard_min=4.78899 train/value_loss=6.40294 train/value_explained_variance=0.972179 train/approx_kl=0.0098326 train/clip_epsilon=0.2 train/actor_lr=0.0003 train/post_transition_steps=7143424 rollout/episode_return_std=nan train/grad_norm=0.508117
[V25 PPO] phase=1 rollout/transitions=8654848 safety/h_hard_min=4.78071 train/value_loss=6.56292 train/value_explained_variance=0.968317 train/approx_kl=0.00931988 train/clip_epsilon=0.2 train/actor_lr=0.0003 train/post_transition_steps=7147520 rollout/episode_return_std=nan train/grad_norm=0.306075
[V25 PPO] phase=1 rollout/transitions=8658944 safety/h_hard_min=4.79645 train/value_loss=7.7018 train/value_explained_variance=0.961382 train/approx_kl=0.0100857 train/clip_epsilon=0.2 train/actor_lr=0.0003 train/post_transition_steps=7151616 rollout/episode_return_std=nan train/grad_norm=0.273099
[V25 PPO] phase=1 rollout/transitions=8663040 safety/h_hard_min=4.78732 train/value_loss=4.96656 train/value_explained_variance=0.970595 train/approx_kl=0.00623318 train/clip_epsilon=0.2 train/actor_lr=0.0003 train/post_transition_steps=7155712 rollout/episode_return_std=nan train/grad_norm=0.172651
[V25 PPO] phase=1 rollout/transitions=8667136 safety/h_hard_min=4.79458 train/value_loss=6.5943 train/value_explained_variance=0.970987 train/approx_kl=0.00990451 train/clip_epsilon=0.2 train/actor_lr=0.0003 train/post_transition_steps=7159808 rollout/episode_return_std=nan train/grad_norm=0.44926
[V25 PPO] phase=1 rollout/transitions=8671232 safety/h_hard_min=4.82464 train/value_loss=4.7379 train/value_explained_variance=0.973156 train/approx_kl=0.00719368 train/clip_epsilon=0.2 train/actor_lr=0.0003 train/post_transition_steps=7163904 rollout/episode_return_std=nan train/grad_norm=0.322873
[V25 PPO] phase=1 rollout/transitions=8675328 safety/h_hard_min=4.80907 train/value_loss=6.29739 train/value_explained_variance=0.965613 train/approx_kl=0.00899068 train/clip_epsilon=0.2 train/actor_lr=0.0003 train/post_transition_steps=7168000 rollout/episode_return_std=nan train/grad_norm=0.279248
[V25 PPO] phase=1 rollout/transitions=8679424 safety/h_hard_min=4.81651 train/value_loss=5.58747 train/value_explained_variance=0.972586 train/approx_kl=0.00933747 train/clip_epsilon=0.2 train/actor_lr=0.0003 train/post_transition_steps=7172096 rollout/episode_return_std=nan train/grad_norm=0.147478
[V25 PPO] phase=1 rollout/transitions=8683520 safety/h_hard_min=4.82021 train/value_loss=7.53294 train/value_explained_variance=0.969259 train/approx_kl=0.0113677 train/clip_epsilon=0.2 train/actor_lr=0.0003 train/post_transition_steps=7176192 rollout/episode_return_std=nan train/grad_norm=0.344301
[V25 PPO] phase=1 rollout/transitions=8687616 safety/h_hard_min=4.83228 train/value_loss=6.04624 train/value_explained_variance=0.96935 train/approx_kl=0.00717454 train/clip_epsilon=0.2 train/actor_lr=0.0003 train/post_transition_steps=7180288 rollout/episode_return_std=nan train/grad_norm=0.494764
[V25 PPO] phase=1 rollout/transitions=8691712 safety/h_hard_min=4.79865 train/value_loss=6.8349 train/value_explained_variance=0.96848 train/approx_kl=0.00993148 train/clip_epsilon=0.2 train/actor_lr=0.0003 train/post_transition_steps=7184384 rollout/episode_return_std=nan train/grad_norm=0.734124
[V25 PPO] phase=1 rollout/transitions=8695808 safety/h_hard_min=4.80836 train/value_loss=4.72857 train/value_explained_variance=0.976089 train/approx_kl=0.00793372 train/clip_epsilon=0.2 train/actor_lr=0.0003 train/post_transition_steps=7188480 rollout/episode_return_std=nan train/grad_norm=1.63106
[V25 PPO] phase=1 rollout/transitions=8699904 safety/h_hard_min=4.81409 train/value_loss=5.80707 train/value_explained_variance=0.970392 train/approx_kl=0.00832742 train/clip_epsilon=0.2 train/actor_lr=0.0003 train/post_transition_steps=7192576 rollout/episode_return_std=nan train/grad_norm=0.427443
[V25 PPO] phase=1 rollout/transitions=8704000 safety/h_hard_min=4.79999 train/value_loss=6.54604 train/value_explained_variance=0.971868 train/approx_kl=0.0108896 train/clip_epsilon=0.2 train/actor_lr=0.0003 train/post_transition_steps=7196672 rollout/episode_return_std=nan train/grad_norm=0.208169
[V25 PPO] phase=1 rollout/transitions=8708096 safety/h_hard_min=4.80404 train/value_loss=7.10664 train/value_explained_variance=0.965556 train/approx_kl=0.00900828 train/clip_epsilon=0.2 train/actor_lr=0.0003 train/post_transition_steps=7200768 rollout/episode_return_std=nan train/grad_norm=0.423846
[V25 PPO] phase=1 rollout/transitions=8712192 safety/h_hard_min=4.80979 train/value_loss=6.26195 train/value_explained_variance=0.969631 train/approx_kl=0.00883597 train/clip_epsilon=0.2 train/actor_lr=0.0003 train/post_transition_steps=7204864 rollout/episode_return_std=nan train/grad_norm=0.488268
[V25 PPO] phase=1 rollout/transitions=8716288 safety/h_hard_min=4.81468 train/value_loss=6.78301 train/value_explained_variance=0.968693 train/approx_kl=0.0104397 train/clip_epsilon=0.2 train/actor_lr=0.0003 train/post_transition_steps=7208960 rollout/episode_return_std=nan train/grad_norm=0.36342
[V25 PPO] phase=1 rollout/transitions=8720384 safety/h_hard_min=4.8076 train/value_loss=6.41684 train/value_explained_variance=0.970559 train/approx_kl=0.00931943 train/clip_epsilon=0.2 train/actor_lr=0.0003 train/post_transition_steps=7213056 rollout/episode_return_std=nan train/grad_norm=0.242946
[V25 PPO] phase=1 rollout/transitions=8724480 safety/h_hard_min=4.80739 train/value_loss=6.25565 train/value_explained_variance=0.970445 train/approx_kl=0.00905373 train/clip_epsilon=0.2 train/actor_lr=0.0003 train/post_transition_steps=7217152 rollout/episode_return_std=nan train/grad_norm=0.608292
[V25 PPO] phase=1 rollout/transitions=8728576 safety/h_hard_min=4.79377 train/value_loss=6.41754 train/value_explained_variance=0.96901 train/approx_kl=0.00846593 train/clip_epsilon=0.2 train/actor_lr=0.0003 train/post_transition_steps=7221248 rollout/episode_return_std=nan train/grad_norm=0.178304
[V25 PPO] phase=1 rollout/transitions=8732672 safety/h_hard_min=4.80925 train/value_loss=7.39294 train/value_explained_variance=0.965555 train/approx_kl=0.0100934 train/clip_epsilon=0.2 train/actor_lr=0.0003 train/post_transition_steps=7225344 rollout/episode_return_std=nan train/grad_norm=0.308113
[V25 PPO] phase=1 rollout/transitions=8736768 safety/h_hard_min=4.79959 train/value_loss=7.05401 train/value_explained_variance=0.963758 train/approx_kl=0.00942327 train/clip_epsilon=0.2 train/actor_lr=0.0003 train/post_transition_steps=7229440 rollout/episode_return_std=nan train/grad_norm=0.243046
[V25 PPO] phase=1 rollout/transitions=8740864 safety/h_hard_min=4.80838 train/value_loss=5.94685 train/value_explained_variance=0.96889 train/approx_kl=0.0078709 train/clip_epsilon=0.2 train/actor_lr=0.0003 train/post_transition_steps=7233536 rollout/episode_return_std=nan train/grad_norm=0.313654
[V25 PPO] phase=1 rollout/transitions=8744960 safety/h_hard_min=4.80039 train/value_loss=6.73881 train/value_explained_variance=0.970425 train/approx_kl=0.00905005 train/clip_epsilon=0.2 train/actor_lr=0.0003 train/post_transition_steps=7237632 rollout/episode_return_std=nan train/grad_norm=0.132546
[V25 PPO] phase=1 rollout/transitions=8749056 safety/h_hard_min=4.80805 train/value_loss=6.03897 train/value_explained_variance=0.968727 train/approx_kl=0.00871434 train/clip_epsilon=0.2 train/actor_lr=0.0003 train/post_transition_steps=7241728 rollout/episode_return_std=nan train/grad_norm=0.101308
[V25 PPO] phase=1 rollout/transitions=8753152 safety/h_hard_min=4.79237 train/value_loss=5.01244 train/value_explained_variance=0.967315 train/approx_kl=0.00670519 train/clip_epsilon=0.2 train/actor_lr=0.0003 train/post_transition_steps=7245824 rollout/episode_return_std=nan train/grad_norm=0.513318
[V25 PPO] phase=1 rollout/transitions=8757248 safety/h_hard_min=4.79927 train/value_loss=6.67009 train/value_explained_variance=0.968747 train/approx_kl=0.0105363 train/clip_epsilon=0.2 train/actor_lr=0.0003 train/post_transition_steps=7249920 rollout/episode_return_std=nan train/grad_norm=0.47736
[V25 PPO] phase=1 rollout/transitions=8761344 safety/h_hard_min=4.81542 train/value_loss=5.01324 train/value_explained_variance=0.971975 train/approx_kl=0.00729118 train/clip_epsilon=0.2 train/actor_lr=0.0003 train/post_transition_steps=7254016 rollout/episode_return_std=nan train/grad_norm=0.588144
[V25 PPO] phase=1 rollout/transitions=8765440 safety/h_hard_min=4.831 train/value_loss=7.35123 train/value_explained_variance=0.963968 train/approx_kl=0.00797849 train/clip_epsilon=0.2 train/actor_lr=0.0003 train/post_transition_steps=7258112 rollout/episode_return_std=nan train/grad_norm=0.274871
[V25 PPO] phase=1 rollout/transitions=8769536 safety/h_hard_min=4.81075 train/value_loss=5.69356 train/value_explained_variance=0.967932 train/approx_kl=0.0067997 train/clip_epsilon=0.2 train/actor_lr=0.0003 train/post_transition_steps=7262208 rollout/episode_return_std=nan train/grad_norm=0.599865
[V25 PPO] phase=1 rollout/transitions=8773632 safety/h_hard_min=4.80708 train/value_loss=7.86496 train/value_explained_variance=0.963217 train/approx_kl=0.00982041 train/clip_epsilon=0.2 train/actor_lr=0.0003 train/post_transition_steps=7266304 rollout/episode_return_std=nan train/grad_norm=0.361059
[V25 PPO] phase=1 rollout/transitions=8777728 safety/h_hard_min=4.80261 train/value_loss=7.56209 train/value_explained_variance=0.962379 train/approx_kl=0.00914315 train/clip_epsilon=0.2 train/actor_lr=0.0003 train/post_transition_steps=7270400 rollout/episode_return_std=nan train/grad_norm=0.303189
[V25 PPO] phase=1 rollout/transitions=8781824 safety/h_hard_min=4.81584 train/value_loss=4.91568 train/value_explained_variance=0.968864 train/approx_kl=0.00697859 train/clip_epsilon=0.2 train/actor_lr=0.0003 train/post_transition_steps=7274496 rollout/episode_return_std=nan train/grad_norm=0.43315
[V25 PPO] phase=1 rollout/transitions=8785920 safety/h_hard_min=4.82637 train/value_loss=6.14084 train/value_explained_variance=0.965868 train/approx_kl=0.00805083 train/clip_epsilon=0.2 train/actor_lr=0.0003 train/post_transition_steps=7278592 rollout/episode_return_std=nan train/grad_norm=0.482121
[V25 PPO] phase=1 rollout/transitions=8790016 safety/h_hard_min=4.80607 train/value_loss=6.43081 train/value_explained_variance=0.969513 train/approx_kl=0.00964322 train/clip_epsilon=0.2 train/actor_lr=0.0003 train/post_transition_steps=7282688 rollout/episode_return_std=nan train/grad_norm=0.553517
[V25 PPO] phase=1 rollout/transitions=8794112 safety/h_hard_min=4.8187 train/value_loss=8.1108 train/value_explained_variance=0.96294 train/approx_kl=0.0103474 train/clip_epsilon=0.2 train/actor_lr=0.0003 train/post_transition_steps=7286784 rollout/episode_return_std=nan train/grad_norm=0.460621
[V25 PPO] phase=1 rollout/transitions=8798208 safety/h_hard_min=4.80757 train/value_loss=6.79498 train/value_explained_variance=0.964204 train/approx_kl=0.00849204 train/clip_epsilon=0.2 train/actor_lr=0.0003 train/post_transition_steps=7290880 rollout/episode_return_std=nan train/grad_norm=1.09851
[V25 PPO] phase=1 rollout/transitions=8802304 safety/h_hard_min=4.80783 train/value_loss=7.4408 train/value_explained_variance=0.966551 train/approx_kl=0.00988128 train/clip_epsilon=0.2 train/actor_lr=0.0003 train/post_transition_steps=7294976 rollout/episode_return_std=nan train/grad_norm=0.469841
[V25 PPO] phase=1 rollout/transitions=8806400 safety/h_hard_min=4.80147 train/value_loss=6.65246 train/value_explained_variance=0.966409 train/approx_kl=0.00835489 train/clip_epsilon=0.2 train/actor_lr=0.0003 train/post_transition_steps=7299072 rollout/episode_return_std=nan train/grad_norm=0.536722
[V25 PPO] phase=1 rollout/transitions=8810496 safety/h_hard_min=4.84616 train/value_loss=6.66031 train/value_explained_variance=0.964726 train/approx_kl=0.00836829 train/clip_epsilon=0.2 train/actor_lr=0.0003 train/post_transition_steps=7303168 rollout/episode_return_std=nan train/grad_norm=1.34675
[V25 PPO] phase=1 rollout/transitions=8814592 safety/h_hard_min=4.74403 train/value_loss=8.52566 train/value_explained_variance=0.957162 train/approx_kl=0.00848811 train/clip_epsilon=0.2 train/actor_lr=0.0003 train/post_transition_steps=7307264 rollout/episode_return_std=nan train/grad_norm=0.217233
[V25 PPO] phase=1 rollout/transitions=8818688 safety/h_hard_min=4.84836 train/value_loss=7.37074 train/value_explained_variance=0.962617 train/approx_kl=0.00843962 train/clip_epsilon=0.2 train/actor_lr=0.0003 train/post_transition_steps=7311360 rollout/episode_return_std=nan train/grad_norm=0.507982
[V25 PPO] phase=1 rollout/transitions=8822784 safety/h_hard_min=4.77233 train/value_loss=6.44822 train/value_explained_variance=0.96824 train/approx_kl=0.00810288 train/clip_epsilon=0.2 train/actor_lr=0.0003 train/post_transition_steps=7315456 rollout/episode_return_std=nan train/grad_norm=1.00704
[V25 PPO] phase=1 rollout/transitions=8826880 safety/h_hard_min=4.83563 train/value_loss=6.3481 train/value_explained_variance=0.965018 train/approx_kl=0.00889746 train/clip_epsilon=0.2 train/actor_lr=0.0003 train/post_transition_steps=7319552 rollout/episode_return_std=nan train/grad_norm=0.643304
[V25 PPO] phase=1 rollout/transitions=8830976 safety/h_hard_min=4.78822 train/value_loss=8.11009 train/value_explained_variance=0.960547 train/approx_kl=0.010319 train/clip_epsilon=0.2 train/actor_lr=0.0003 train/post_transition_steps=7323648 rollout/episode_return_std=nan train/grad_norm=0.473365
[V25 PPO] phase=1 rollout/transitions=8835072 safety/h_hard_min=4.82075 train/value_loss=7.82418 train/value_explained_variance=0.963302 train/approx_kl=0.0104634 train/clip_epsilon=0.2 train/actor_lr=0.0003 train/post_transition_steps=7327744 rollout/episode_return_std=nan train/grad_norm=0.399511
[V25 PPO] phase=1 rollout/transitions=8839168 safety/h_hard_min=4.82358 train/value_loss=5.38917 train/value_explained_variance=0.96949 train/approx_kl=0.00785531 train/clip_epsilon=0.2 train/actor_lr=0.0003 train/post_transition_steps=7331840 rollout/episode_return_std=nan train/grad_norm=0.138255
[V25 PPO] phase=1 rollout/transitions=8843264 safety/h_hard_min=4.8002 train/value_loss=6.9679 train/value_explained_variance=0.96318 train/approx_kl=0.00867038 train/clip_epsilon=0.2 train/actor_lr=0.0003 train/post_transition_steps=7335936 rollout/episode_return_std=nan train/grad_norm=0.213478
[V25 PPO] phase=1 rollout/transitions=8847360 safety/h_hard_min=4.81792 train/value_loss=7.3004 train/value_explained_variance=0.964546 train/approx_kl=0.00822776 train/clip_epsilon=0.2 train/actor_lr=0.0003 train/post_transition_steps=7340032 rollout/episode_return_std=nan train/grad_norm=0.472842
[V25 PPO] phase=1 rollout/transitions=8851456 safety/h_hard_min=4.78531 train/value_loss=7.67669 train/value_explained_variance=0.961985 train/approx_kl=0.00953889 train/clip_epsilon=0.2 train/actor_lr=0.0003 train/post_transition_steps=7344128 rollout/episode_return_std=nan train/grad_norm=0.288209
[V25 PPO] phase=1 rollout/transitions=8855552 safety/h_hard_min=4.82281 train/value_loss=6.94558 train/value_explained_variance=0.962402 train/approx_kl=0.00892355 train/clip_epsilon=0.2 train/actor_lr=0.0003 train/post_transition_steps=7348224 rollout/episode_return_std=nan train/grad_norm=0.473892
[V25 PPO] phase=1 rollout/transitions=8859648 safety/h_hard_min=4.82107 train/value_loss=7.6082 train/value_explained_variance=0.96056 train/approx_kl=0.00892596 train/clip_epsilon=0.2 train/actor_lr=0.0003 train/post_transition_steps=7352320 rollout/episode_return_std=nan train/grad_norm=0.519452
[V25 PPO] phase=1 rollout/transitions=8863744 safety/h_hard_min=4.79903 train/value_loss=7.16922 train/value_explained_variance=0.9635 train/approx_kl=0.00847884 train/clip_epsilon=0.2 train/actor_lr=0.0003 train/post_transition_steps=7356416 rollout/episode_return_std=nan train/grad_norm=0.418548
[V25 PPO] phase=1 rollout/transitions=8867840 safety/h_hard_min=4.79919 train/value_loss=10.4439 train/value_explained_variance=0.95496 train/approx_kl=0.00946432 train/clip_epsilon=0.2 train/actor_lr=0.0003 train/post_transition_steps=7360512 rollout/episode_return_std=nan train/grad_norm=0.442327
[V25 PPO] phase=1 rollout/transitions=8871936 safety/h_hard_min=4.79998 train/value_loss=7.99267 train/value_explained_variance=0.96287 train/approx_kl=0.00957373 train/clip_epsilon=0.2 train/actor_lr=0.0003 train/post_transition_steps=7364608 rollout/episode_return_std=nan train/grad_norm=0.542663
[V25 PPO] phase=1 rollout/transitions=8876032 safety/h_hard_min=4.80354 train/value_loss=5.54014 train/value_explained_variance=0.969786 train/approx_kl=0.00730939 train/clip_epsilon=0.2 train/actor_lr=0.0003 train/post_transition_steps=7368704 rollout/episode_return_std=nan train/grad_norm=0.527462
[V25 PPO] phase=1 rollout/transitions=8880128 safety/h_hard_min=4.82047 train/value_loss=7.21163 train/value_explained_variance=0.958974 train/approx_kl=0.00816869 train/clip_epsilon=0.2 train/actor_lr=0.0003 train/post_transition_steps=7372800 rollout/episode_return_std=nan train/grad_norm=1.40861
[V25 PPO] phase=1 rollout/transitions=8884224 safety/h_hard_min=4.80249 train/value_loss=8.0267 train/value_explained_variance=0.962245 train/approx_kl=0.00837073 train/clip_epsilon=0.2 train/actor_lr=0.0003 train/post_transition_steps=7376896 rollout/episode_return_std=nan train/grad_norm=0.53758
[V25 PPO] phase=1 rollout/transitions=8888320 safety/h_hard_min=4.82213 train/value_loss=7.69391 train/value_explained_variance=0.959642 train/approx_kl=0.00980787 train/clip_epsilon=0.2 train/actor_lr=0.0003 train/post_transition_steps=7380992 rollout/episode_return_std=nan train/grad_norm=0.525322
[V25 PPO] phase=1 rollout/transitions=8892416 safety/h_hard_min=4.80976 train/value_loss=6.98512 train/value_explained_variance=0.963112 train/approx_kl=0.00842019 train/clip_epsilon=0.2 train/actor_lr=0.0003 train/post_transition_steps=7385088 rollout/episode_return_std=nan train/grad_norm=0.218565
[V25 PPO] phase=1 rollout/transitions=8896512 safety/h_hard_min=4.80044 train/value_loss=6.28061 train/value_explained_variance=0.96377 train/approx_kl=0.00761103 train/clip_epsilon=0.2 train/actor_lr=0.0003 train/post_transition_steps=7389184 rollout/episode_return_std=nan train/grad_norm=0.492016
[V25 PPO] phase=1 rollout/transitions=8900608 safety/h_hard_min=4.83003 train/value_loss=6.94601 train/value_explained_variance=0.964088 train/approx_kl=0.00882649 train/clip_epsilon=0.2 train/actor_lr=0.0003 train/post_transition_steps=7393280 rollout/episode_return_std=nan train/grad_norm=0.515163
[V25 PPO] phase=1 rollout/transitions=8904704 safety/h_hard_min=4.80335 train/value_loss=6.88436 train/value_explained_variance=0.95874 train/approx_kl=0.00714401 train/clip_epsilon=0.2 train/actor_lr=0.0003 train/post_transition_steps=7397376 rollout/episode_return_std=nan train/grad_norm=1.14261
[V25 PPO] phase=1 rollout/transitions=8908800 safety/h_hard_min=4.82244 train/value_loss=6.91156 train/value_explained_variance=0.961567 train/approx_kl=0.00793863 train/clip_epsilon=0.2 train/actor_lr=0.0003 train/post_transition_steps=7401472 rollout/episode_return_std=nan train/grad_norm=0.102893
[V25 PPO] phase=1 rollout/transitions=8912896 safety/h_hard_min=4.80919 train/value_loss=6.85288 train/value_explained_variance=0.961117 train/approx_kl=0.00763691 train/clip_epsilon=0.2 train/actor_lr=0.0003 train/post_transition_steps=7405568 rollout/episode_return_std=nan train/grad_norm=0.435567
[V25 PPO] phase=1 rollout/transitions=8916992 safety/h_hard_min=4.82005 train/value_loss=7.43146 train/value_explained_variance=0.960908 train/approx_kl=0.00904519 train/clip_epsilon=0.2 train/actor_lr=0.0003 train/post_transition_steps=7409664 rollout/episode_return_std=nan train/grad_norm=0.106513
[V25 PPO] phase=1 rollout/transitions=8921088 safety/h_hard_min=4.81203 train/value_loss=7.55951 train/value_explained_variance=0.954268 train/approx_kl=0.00762661 train/clip_epsilon=0.2 train/actor_lr=0.0003 train/post_transition_steps=7413760 rollout/episode_return_std=nan train/grad_norm=0.143406
[V25 PPO] phase=1 rollout/transitions=8925184 safety/h_hard_min=4.80902 train/value_loss=6.04326 train/value_explained_variance=0.967468 train/approx_kl=0.00797485 train/clip_epsilon=0.2 train/actor_lr=0.0003 train/post_transition_steps=7417856 rollout/episode_return_std=nan train/grad_norm=0.835326
[V25 PPO] phase=1 rollout/transitions=8929280 safety/h_hard_min=4.79041 train/value_loss=7.50823 train/value_explained_variance=0.957598 train/approx_kl=0.00971412 train/clip_epsilon=0.2 train/actor_lr=0.0003 train/post_transition_steps=7421952 rollout/episode_return_std=nan train/grad_norm=0.596543
[V25 PPO] phase=1 rollout/transitions=8933376 safety/h_hard_min=4.84211 train/value_loss=8.31783 train/value_explained_variance=0.958914 train/approx_kl=0.00920617 train/clip_epsilon=0.2 train/actor_lr=0.0003 train/post_transition_steps=7426048 rollout/episode_return_std=nan train/grad_norm=0.70917
[V25 PPO] phase=1 rollout/transitions=8937472 safety/h_hard_min=4.79559 train/value_loss=7.79856 train/value_explained_variance=0.958738 train/approx_kl=0.00831093 train/clip_epsilon=0.2 train/actor_lr=0.0003 train/post_transition_steps=7430144 rollout/episode_return_std=nan train/grad_norm=0.509699
[V25 PPO] phase=1 rollout/transitions=8941568 safety/h_hard_min=4.83241 train/value_loss=7.04086 train/value_explained_variance=0.96085 train/approx_kl=0.0089368 train/clip_epsilon=0.2 train/actor_lr=0.0003 train/post_transition_steps=7434240 rollout/episode_return_std=nan train/grad_norm=1.89778
[V25 PPO] phase=1 rollout/transitions=8945664 safety/h_hard_min=4.79045 train/value_loss=8.80652 train/value_explained_variance=0.957327 train/approx_kl=0.00953286 train/clip_epsilon=0.2 train/actor_lr=0.0003 train/post_transition_steps=7438336 rollout/episode_return_std=nan train/grad_norm=0.245797
[V25 PPO] phase=1 rollout/transitions=8949760 safety/h_hard_min=4.79832 train/value_loss=7.62256 train/value_explained_variance=0.957009 train/approx_kl=0.00854873 train/clip_epsilon=0.2 train/actor_lr=0.0003 train/post_transition_steps=7442432 rollout/episode_return_std=nan train/grad_norm=0.548885
[V25 PPO] phase=1 rollout/transitions=8953856 safety/h_hard_min=4.79048 train/value_loss=7.75938 train/value_explained_variance=0.961613 train/approx_kl=0.00896456 train/clip_epsilon=0.2 train/actor_lr=0.0003 train/post_transition_steps=7446528 rollout/episode_return_std=nan train/grad_norm=0.649584
[V25 PPO] phase=1 rollout/transitions=8957952 safety/h_hard_min=4.80761 train/value_loss=8.01284 train/value_explained_variance=0.960139 train/approx_kl=0.00889589 train/clip_epsilon=0.2 train/actor_lr=0.0003 train/post_transition_steps=7450624 rollout/episode_return_std=nan train/grad_norm=0.539311
[V25 PPO] phase=1 rollout/transitions=8962048 safety/h_hard_min=4.79647 train/value_loss=10.7337 train/value_explained_variance=0.94693 train/approx_kl=0.0099356 train/clip_epsilon=0.2 train/actor_lr=0.0003 train/post_transition_steps=7454720 rollout/episode_return_std=nan train/grad_norm=0.453583
[V25 PPO] phase=1 rollout/transitions=8966144 safety/h_hard_min=4.81804 train/value_loss=7.66113 train/value_explained_variance=0.960639 train/approx_kl=0.00819505 train/clip_epsilon=0.2 train/actor_lr=0.0003 train/post_transition_steps=7458816 rollout/episode_return_std=nan train/grad_norm=0.610127
[V25 PPO] phase=1 rollout/transitions=8970240 safety/h_hard_min=4.80627 train/value_loss=6.81054 train/value_explained_variance=0.963736 train/approx_kl=0.0089984 train/clip_epsilon=0.2 train/actor_lr=0.0003 train/post_transition_steps=7462912 rollout/episode_return_std=nan train/grad_norm=0.514338
[V25 PPO] phase=1 rollout/transitions=8974336 safety/h_hard_min=4.80966 train/value_loss=9.0897 train/value_explained_variance=0.952765 train/approx_kl=0.00969613 train/clip_epsilon=0.2 train/actor_lr=0.0003 train/post_transition_steps=7467008 rollout/episode_return_std=nan train/grad_norm=0.3962
[V25 PPO] phase=1 rollout/transitions=8978432 safety/h_hard_min=4.80554 train/value_loss=5.92669 train/value_explained_variance=0.967522 train/approx_kl=0.00780564 train/clip_epsilon=0.2 train/actor_lr=0.0003 train/post_transition_steps=7471104 rollout/episode_return_std=nan train/grad_norm=0.434608
[V25 PPO] phase=1 rollout/transitions=8982528 safety/h_hard_min=4.79493 train/value_loss=9.22491 train/value_explained_variance=0.950884 train/approx_kl=0.00957083 train/clip_epsilon=0.2 train/actor_lr=0.0003 train/post_transition_steps=7475200 rollout/episode_return_std=nan train/grad_norm=0.542392
[V25 PPO] phase=1 rollout/transitions=8986624 safety/h_hard_min=4.81503 train/value_loss=9.23205 train/value_explained_variance=0.948688 train/approx_kl=0.00871023 train/clip_epsilon=0.2 train/actor_lr=0.0003 train/post_transition_steps=7479296 rollout/episode_return_std=nan train/grad_norm=0.362056
[V25 PPO] phase=1 rollout/transitions=8990720 safety/h_hard_min=4.8241 train/value_loss=8.04996 train/value_explained_variance=0.955869 train/approx_kl=0.00888002 train/clip_epsilon=0.2 train/actor_lr=0.0003 train/post_transition_steps=7483392 rollout/episode_return_std=nan train/grad_norm=0.549313
[V25 PPO] phase=1 rollout/transitions=8994816 safety/h_hard_min=4.78156 train/value_loss=7.97029 train/value_explained_variance=0.952499 train/approx_kl=0.00868074 train/clip_epsilon=0.2 train/actor_lr=0.0003 train/post_transition_steps=7487488 rollout/episode_return_std=nan train/grad_norm=0.373141
[V25 PPO] phase=1 rollout/transitions=8998912 safety/h_hard_min=4.82617 train/value_loss=8.56704 train/value_explained_variance=0.958813 train/approx_kl=0.0095317 train/clip_epsilon=0.2 train/actor_lr=0.0003 train/post_transition_steps=7491584 rollout/episode_return_std=nan train/grad_norm=0.660644
[V25 PPO] phase=1 rollout/transitions=9003008 safety/h_hard_min=4.78645 train/value_loss=8.18788 train/value_explained_variance=0.953501 train/approx_kl=0.00854817 train/clip_epsilon=0.2 train/actor_lr=0.0003 train/post_transition_steps=7495680 rollout/episode_return_std=nan train/grad_norm=0.148745
[V25 PPO] phase=1 rollout/transitions=9007104 safety/h_hard_min=4.81893 train/value_loss=7.77965 train/value_explained_variance=0.956866 train/approx_kl=0.00822495 train/clip_epsilon=0.2 train/actor_lr=0.0003 train/post_transition_steps=7499776 rollout/episode_return_std=nan train/grad_norm=1.0851
[V25 PPO] phase=1 rollout/transitions=9011200 safety/h_hard_min=4.80725 train/value_loss=6.97823 train/value_explained_variance=0.959265 train/approx_kl=0.00742301 train/clip_epsilon=0.2 train/actor_lr=0.0003 train/post_transition_steps=7503872 rollout/episode_return_std=nan train/grad_norm=1.15528
[V25 PPO] phase=1 rollout/transitions=9015296 safety/h_hard_min=4.80588 train/value_loss=8.05751 train/value_explained_variance=0.955267 train/approx_kl=0.00906252 train/clip_epsilon=0.2 train/actor_lr=0.0003 train/post_transition_steps=7507968 rollout/episode_return_std=nan train/grad_norm=0.518603
[V25 PPO] phase=1 rollout/transitions=9019392 safety/h_hard_min=4.81121 train/value_loss=7.50287 train/value_explained_variance=0.952412 train/approx_kl=0.00830837 train/clip_epsilon=0.2 train/actor_lr=0.0003 train/post_transition_steps=7512064 rollout/episode_return_std=nan train/grad_norm=0.262829
[V25 PPO] phase=1 rollout/transitions=9023488 safety/h_hard_min=4.81122 train/value_loss=10.0143 train/value_explained_variance=0.951644 train/approx_kl=0.0106674 train/clip_epsilon=0.2 train/actor_lr=0.0003 train/post_transition_steps=7516160 rollout/episode_return_std=nan train/grad_norm=0.442551
[V25 PPO] phase=1 rollout/transitions=9027584 safety/h_hard_min=4.8077 train/value_loss=8.13905 train/value_explained_variance=0.953242 train/approx_kl=0.00833518 train/clip_epsilon=0.2 train/actor_lr=0.0003 train/post_transition_steps=7520256 rollout/episode_return_std=nan train/grad_norm=0.234099
[V25 PPO] phase=1 rollout/transitions=9031680 safety/h_hard_min=4.79323 train/value_loss=9.56881 train/value_explained_variance=0.949105 train/approx_kl=0.00932408 train/clip_epsilon=0.2 train/actor_lr=0.0003 train/post_transition_steps=7524352 rollout/episode_return_std=nan train/grad_norm=0.701522
[V25 PPO] phase=1 rollout/transitions=9035776 safety/h_hard_min=4.80535 train/value_loss=7.55751 train/value_explained_variance=0.951465 train/approx_kl=0.00885427 train/clip_epsilon=0.2 train/actor_lr=0.0003 train/post_transition_steps=7528448 rollout/episode_return_std=nan train/grad_norm=0.312952
[V25 PPO] phase=1 rollout/transitions=9039872 safety/h_hard_min=4.80068 train/value_loss=12.1122 train/value_explained_variance=0.94422 train/approx_kl=0.0106575 train/clip_epsilon=0.2 train/actor_lr=0.0003 train/post_transition_steps=7532544 rollout/episode_return_std=nan train/grad_norm=0.334138
[V25 PPO] phase=1 rollout/transitions=9043968 safety/h_hard_min=4.8177 train/value_loss=7.78226 train/value_explained_variance=0.955442 train/approx_kl=0.00718164 train/clip_epsilon=0.2 train/actor_lr=0.0003 train/post_transition_steps=7536640 rollout/episode_return_std=nan train/grad_norm=0.352891
[V25 PPO] phase=1 rollout/transitions=9048064 safety/h_hard_min=4.79457 train/value_loss=9.72581 train/value_explained_variance=0.954824 train/approx_kl=0.0103612 train/clip_epsilon=0.2 train/actor_lr=0.0003 train/post_transition_steps=7540736 rollout/episode_return_std=nan train/grad_norm=0.432314
[V25 PPO] phase=1 rollout/transitions=9052160 safety/h_hard_min=4.78788 train/value_loss=7.45839 train/value_explained_variance=0.953195 train/approx_kl=0.00718775 train/clip_epsilon=0.2 train/actor_lr=0.0003 train/post_transition_steps=7544832 rollout/episode_return_std=nan train/grad_norm=0.472735
[V25 PPO] phase=1 rollout/transitions=9056256 safety/h_hard_min=4.79787 train/value_loss=9.51211 train/value_explained_variance=0.952705 train/approx_kl=0.0100329 train/clip_epsilon=0.2 train/actor_lr=0.0003 train/post_transition_steps=7548928 rollout/episode_return_std=nan train/grad_norm=0.225261
[V25 PPO] phase=1 rollout/transitions=9060352 safety/h_hard_min=4.7943 train/value_loss=9.02823 train/value_explained_variance=0.946264 train/approx_kl=0.00775835 train/clip_epsilon=0.2 train/actor_lr=0.0003 train/post_transition_steps=7553024 rollout/episode_return_std=nan train/grad_norm=0.283241
[V25 PPO] phase=1 rollout/transitions=9064448 safety/h_hard_min=4.81739 train/value_loss=9.19414 train/value_explained_variance=0.947523 train/approx_kl=0.00874932 train/clip_epsilon=0.2 train/actor_lr=0.0003 train/post_transition_steps=7557120 rollout/episode_return_std=nan train/grad_norm=0.54595
[V25 PPO] phase=1 rollout/transitions=9068544 safety/h_hard_min=4.79106 train/value_loss=9.22515 train/value_explained_variance=0.953766 train/approx_kl=0.00862813 train/clip_epsilon=0.2 train/actor_lr=0.0003 train/post_transition_steps=7561216 rollout/episode_return_std=nan train/grad_norm=0.197522
[V25 PPO] phase=1 rollout/transitions=9072640 safety/h_hard_min=4.7894 train/value_loss=9.7874 train/value_explained_variance=0.946678 train/approx_kl=0.00965258 train/clip_epsilon=0.2 train/actor_lr=0.0003 train/post_transition_steps=7565312 rollout/episode_return_std=nan train/grad_norm=0.260408
[V25 PPO] phase=1 rollout/transitions=9076736 safety/h_hard_min=4.82216 train/value_loss=7.32987 train/value_explained_variance=0.956175 train/approx_kl=0.0088479 train/clip_epsilon=0.2 train/actor_lr=0.0003 train/post_transition_steps=7569408 rollout/episode_return_std=nan train/grad_norm=0.440015
[V25 PPO] phase=1 rollout/transitions=9080832 safety/h_hard_min=4.82041 train/value_loss=7.29263 train/value_explained_variance=0.951687 train/approx_kl=0.0081457 train/clip_epsilon=0.2 train/actor_lr=0.0003 train/post_transition_steps=7573504 rollout/episode_return_std=nan train/grad_norm=0.413064
[V25 PPO] phase=1 rollout/transitions=9084928 safety/h_hard_min=4.82895 train/value_loss=7.23384 train/value_explained_variance=0.94918 train/approx_kl=0.00692196 train/clip_epsilon=0.2 train/actor_lr=0.0003 train/post_transition_steps=7577600 rollout/episode_return_std=nan train/grad_norm=0.462928
[V25 PPO] phase=1 rollout/transitions=9089024 safety/h_hard_min=4.81366 train/value_loss=7.85961 train/value_explained_variance=0.954984 train/approx_kl=0.00830395 train/clip_epsilon=0.2 train/actor_lr=0.0003 train/post_transition_steps=7581696 rollout/episode_return_std=nan train/grad_norm=0.232799
[V25 PPO] phase=1 rollout/transitions=9093120 safety/h_hard_min=4.81377 train/value_loss=9.18547 train/value_explained_variance=0.953527 train/approx_kl=0.0100522 train/clip_epsilon=0.2 train/actor_lr=0.0003 train/post_transition_steps=7585792 rollout/episode_return_std=nan train/grad_norm=0.409699
[V25 PPO] phase=1 rollout/transitions=9097216 safety/h_hard_min=4.80557 train/value_loss=7.97107 train/value_explained_variance=0.958518 train/approx_kl=0.00890612 train/clip_epsilon=0.2 train/actor_lr=0.0003 train/post_transition_steps=7589888 rollout/episode_return_std=nan train/grad_norm=0.582309
[V25 PPO] phase=1 rollout/transitions=9101312 safety/h_hard_min=4.80311 train/value_loss=7.42362 train/value_explained_variance=0.954201 train/approx_kl=0.00852825 train/clip_epsilon=0.2 train/actor_lr=0.0003 train/post_transition_steps=7593984 rollout/episode_return_std=nan train/grad_norm=0.268564
[V25 PPO] phase=1 rollout/transitions=9105408 safety/h_hard_min=4.81121 train/value_loss=7.99752 train/value_explained_variance=0.954601 train/approx_kl=0.00909619 train/clip_epsilon=0.2 train/actor_lr=0.0003 train/post_transition_steps=7598080 rollout/episode_return_std=nan train/grad_norm=0.44689
[V25 PPO] phase=1 rollout/transitions=9109504 safety/h_hard_min=4.78887 train/value_loss=10.2387 train/value_explained_variance=0.946405 train/approx_kl=0.00982954 train/clip_epsilon=0.2 train/actor_lr=0.0003 train/post_transition_steps=7602176 rollout/episode_return_std=nan train/grad_norm=1.0016
[V25 PPO] phase=1 rollout/transitions=9113600 safety/h_hard_min=4.76534 train/value_loss=8.9038 train/value_explained_variance=0.947458 train/approx_kl=0.00864718 train/clip_epsilon=0.2 train/actor_lr=0.0003 train/post_transition_steps=7606272 rollout/episode_return_std=nan train/grad_norm=0.127289
[V25 PPO] phase=1 rollout/transitions=9117696 safety/h_hard_min=4.79315 train/value_loss=7.1747 train/value_explained_variance=0.954768 train/approx_kl=0.00778051 train/clip_epsilon=0.2 train/actor_lr=0.0003 train/post_transition_steps=7610368 rollout/episode_return_std=nan train/grad_norm=1.15943
[V25 PPO] phase=1 rollout/transitions=9121792 safety/h_hard_min=4.77173 train/value_loss=8.23981 train/value_explained_variance=0.94739 train/approx_kl=0.00741811 train/clip_epsilon=0.2 train/actor_lr=0.0003 train/post_transition_steps=7614464 rollout/episode_return_std=nan train/grad_norm=0.583541
[V25 PPO] phase=1 rollout/transitions=9125888 safety/h_hard_min=4.80673 train/value_loss=8.23418 train/value_explained_variance=0.953445 train/approx_kl=0.00896339 train/clip_epsilon=0.2 train/actor_lr=0.0003 train/post_transition_steps=7618560 rollout/episode_return_std=nan train/grad_norm=0.288264
[V25 PPO] phase=1 rollout/transitions=9129984 safety/h_hard_min=4.79216 train/value_loss=9.94857 train/value_explained_variance=0.947494 train/approx_kl=0.00998679 train/clip_epsilon=0.2 train/actor_lr=0.0003 train/post_transition_steps=7622656 rollout/episode_return_std=nan train/grad_norm=0.17524
[V25 PPO] phase=1 rollout/transitions=9134080 safety/h_hard_min=4.7823 train/value_loss=7.9803 train/value_explained_variance=0.953672 train/approx_kl=0.00854055 train/clip_epsilon=0.2 train/actor_lr=0.0003 train/post_transition_steps=7626752 rollout/episode_return_std=nan train/grad_norm=0.515324
[V25 PPO] phase=1 rollout/transitions=9138176 safety/h_hard_min=4.78965 train/value_loss=8.88058 train/value_explained_variance=0.948089 train/approx_kl=0.00786131 train/clip_epsilon=0.2 train/actor_lr=0.0003 train/post_transition_steps=7630848 rollout/episode_return_std=nan train/grad_norm=0.471354
[V25 PPO] phase=1 rollout/transitions=9142272 safety/h_hard_min=4.81003 train/value_loss=9.96508 train/value_explained_variance=0.9421 train/approx_kl=0.0100964 train/clip_epsilon=0.2 train/actor_lr=0.0003 train/post_transition_steps=7634944 rollout/episode_return_std=nan train/grad_norm=0.225919
[V25 PPO] phase=1 rollout/transitions=9146368 safety/h_hard_min=4.77124 train/value_loss=9.43896 train/value_explained_variance=0.941567 train/approx_kl=0.00900956 train/clip_epsilon=0.2 train/actor_lr=0.0003 train/post_transition_steps=7639040 rollout/episode_return_std=nan train/grad_norm=1.35129
[V25 PPO] phase=1 rollout/transitions=9150464 safety/h_hard_min=4.80735 train/value_loss=8.11879 train/value_explained_variance=0.954724 train/approx_kl=0.0095736 train/clip_epsilon=0.2 train/actor_lr=0.0003 train/post_transition_steps=7643136 rollout/episode_return_std=nan train/grad_norm=0.246408
[V25 PPO] phase=1 rollout/transitions=9154560 safety/h_hard_min=4.79136 train/value_loss=7.7666 train/value_explained_variance=0.94862 train/approx_kl=0.00794354 train/clip_epsilon=0.2 train/actor_lr=0.0003 train/post_transition_steps=7647232 rollout/episode_return_std=nan train/grad_norm=0.961102
[V25 PPO] phase=1 rollout/transitions=9158656 safety/h_hard_min=4.82113 train/value_loss=8.56034 train/value_explained_variance=0.947615 train/approx_kl=0.00713471 train/clip_epsilon=0.2 train/actor_lr=0.0003 train/post_transition_steps=7651328 rollout/episode_return_std=nan train/grad_norm=0.569214
[V25 PPO] phase=1 rollout/transitions=9162752 safety/h_hard_min=4.80589 train/value_loss=6.51593 train/value_explained_variance=0.95422 train/approx_kl=0.00735957 train/clip_epsilon=0.2 train/actor_lr=0.0003 train/post_transition_steps=7655424 rollout/episode_return_std=nan train/grad_norm=0.506935
[V25 PPO] phase=1 rollout/transitions=9166848 safety/h_hard_min=4.79198 train/value_loss=8.39106 train/value_explained_variance=0.945541 train/approx_kl=0.00746647 train/clip_epsilon=0.2 train/actor_lr=0.0003 train/post_transition_steps=7659520 rollout/episode_return_std=nan train/grad_norm=0.597297
[V25 PPO] phase=1 rollout/transitions=9170944 safety/h_hard_min=4.8293 train/value_loss=8.39437 train/value_explained_variance=0.952075 train/approx_kl=0.00939908 train/clip_epsilon=0.2 train/actor_lr=0.0003 train/post_transition_steps=7663616 rollout/episode_return_std=nan train/grad_norm=1.5397
[V25 PPO] phase=1 rollout/transitions=9175040 safety/h_hard_min=4.81057 train/value_loss=8.72388 train/value_explained_variance=0.94919 train/approx_kl=0.0079495 train/clip_epsilon=0.2 train/actor_lr=0.0003 train/post_transition_steps=7667712 rollout/episode_return_std=nan train/grad_norm=0.739098
[V25 PPO] phase=1 rollout/transitions=9179136 safety/h_hard_min=4.81365 train/value_loss=9.45713 train/value_explained_variance=0.949838 train/approx_kl=0.00903682 train/clip_epsilon=0.2 train/actor_lr=0.0003 train/post_transition_steps=7671808 rollout/episode_return_std=nan train/grad_norm=0.614034
[V25 PPO] phase=1 rollout/transitions=9183232 safety/h_hard_min=4.79489 train/value_loss=8.89887 train/value_explained_variance=0.941558 train/approx_kl=0.00836863 train/clip_epsilon=0.2 train/actor_lr=0.0003 train/post_transition_steps=7675904 rollout/episode_return_std=nan train/grad_norm=0.812608
[V25 PPO] phase=1 rollout/transitions=9187328 safety/h_hard_min=4.78278 train/value_loss=8.84535 train/value_explained_variance=0.947788 train/approx_kl=0.00758557 train/clip_epsilon=0.2 train/actor_lr=0.0003 train/post_transition_steps=7680000 rollout/episode_return_std=nan train/grad_norm=1.29668
[V25 PPO] phase=1 rollout/transitions=9191424 safety/h_hard_min=4.78972 train/value_loss=11.0133 train/value_explained_variance=0.943684 train/approx_kl=0.0112811 train/clip_epsilon=0.2 train/actor_lr=0.0003 train/post_transition_steps=7684096 rollout/episode_return_std=nan train/grad_norm=0.532378
[V25 PPO] phase=1 rollout/transitions=9195520 safety/h_hard_min=4.76157 train/value_loss=7.45935 train/value_explained_variance=0.948889 train/approx_kl=0.0068331 train/clip_epsilon=0.2 train/actor_lr=0.0003 train/post_transition_steps=7688192 rollout/episode_return_std=nan train/grad_norm=0.909324
[V25 PPO] phase=1 rollout/transitions=9199616 safety/h_hard_min=4.83524 train/value_loss=8.68139 train/value_explained_variance=0.946892 train/approx_kl=0.00894404 train/clip_epsilon=0.2 train/actor_lr=0.0003 train/post_transition_steps=7692288 rollout/episode_return_std=nan train/grad_norm=0.218896
[V25 PPO] phase=1 rollout/transitions=9203712 safety/h_hard_min=4.79726 train/value_loss=8.9098 train/value_explained_variance=0.943979 train/approx_kl=0.00887961 train/clip_epsilon=0.2 train/actor_lr=0.0003 train/post_transition_steps=7696384 rollout/episode_return_std=nan train/grad_norm=0.449292
[V25 PPO] phase=1 rollout/transitions=9207808 safety/h_hard_min=4.84386 train/value_loss=8.89678 train/value_explained_variance=0.946904 train/approx_kl=0.00852296 train/clip_epsilon=0.2 train/actor_lr=0.0003 train/post_transition_steps=7700480 rollout/episode_return_std=nan train/grad_norm=0.452827
[V25 PPO] phase=1 rollout/transitions=9211904 safety/h_hard_min=4.80979 train/value_loss=9.02676 train/value_explained_variance=0.944394 train/approx_kl=0.00835413 train/clip_epsilon=0.2 train/actor_lr=0.0003 train/post_transition_steps=7704576 rollout/episode_return_std=nan train/grad_norm=0.363111
[V25 PPO] phase=1 rollout/transitions=9216000 safety/h_hard_min=4.77997 train/value_loss=11.3071 train/value_explained_variance=0.939345 train/approx_kl=0.00937104 train/clip_epsilon=0.2 train/actor_lr=0.0003 train/post_transition_steps=7708672 rollout/episode_return_std=nan train/grad_norm=0.417939
[V25 PPO] phase=1 rollout/transitions=9220096 safety/h_hard_min=4.78847 train/value_loss=9.20838 train/value_explained_variance=0.94275 train/approx_kl=0.00804866 train/clip_epsilon=0.2 train/actor_lr=0.0003 train/post_transition_steps=7712768 rollout/episode_return_std=nan train/grad_norm=1.00604
[V25 PPO] phase=1 rollout/transitions=9224192 safety/h_hard_min=4.82383 train/value_loss=9.57977 train/value_explained_variance=0.946587 train/approx_kl=0.00829734 train/clip_epsilon=0.2 train/actor_lr=0.0003 train/post_transition_steps=7716864 rollout/episode_return_std=nan train/grad_norm=1.73542
[V25 PPO] phase=1 rollout/transitions=9228288 safety/h_hard_min=4.82735 train/value_loss=8.48004 train/value_explained_variance=0.945528 train/approx_kl=0.00849174 train/clip_epsilon=0.2 train/actor_lr=0.0003 train/post_transition_steps=7720960 rollout/episode_return_std=nan train/grad_norm=1.63106
[V25 PPO] phase=1 rollout/transitions=9232384 safety/h_hard_min=4.77091 train/value_loss=10.0815 train/value_explained_variance=0.941494 train/approx_kl=0.00910391 train/clip_epsilon=0.2 train/actor_lr=0.0003 train/post_transition_steps=7725056 rollout/episode_return_std=nan train/grad_norm=0.500955
[V25 PPO] phase=1 rollout/transitions=9236480 safety/h_hard_min=4.82106 train/value_loss=8.3482 train/value_explained_variance=0.95048 train/approx_kl=0.00918005 train/clip_epsilon=0.2 train/actor_lr=0.0003 train/post_transition_steps=7729152 rollout/episode_return_std=nan train/grad_norm=0.328718
[V25 PPO] phase=1 rollout/transitions=9240576 safety/h_hard_min=4.80568 train/value_loss=8.50602 train/value_explained_variance=0.943093 train/approx_kl=0.0081496 train/clip_epsilon=0.2 train/actor_lr=0.0003 train/post_transition_steps=7733248 rollout/episode_return_std=nan train/grad_norm=0.158017
[V25 PPO] phase=1 rollout/transitions=9244672 safety/h_hard_min=4.82878 train/value_loss=9.21199 train/value_explained_variance=0.945528 train/approx_kl=0.00818857 train/clip_epsilon=0.2 train/actor_lr=0.0003 train/post_transition_steps=7737344 rollout/episode_return_std=nan train/grad_norm=0.351418
[V25 PPO] phase=1 rollout/transitions=9248768 safety/h_hard_min=4.81659 train/value_loss=9.3427 train/value_explained_variance=0.943105 train/approx_kl=0.00881857 train/clip_epsilon=0.2 train/actor_lr=0.0003 train/post_transition_steps=7741440 rollout/episode_return_std=nan train/grad_norm=0.319094
[V25 PPO] phase=1 rollout/transitions=9252864 safety/h_hard_min=4.79942 train/value_loss=7.34039 train/value_explained_variance=0.948304 train/approx_kl=0.00721374 train/clip_epsilon=0.2 train/actor_lr=0.0003 train/post_transition_steps=7745536 rollout/episode_return_std=nan train/grad_norm=0.809974
[V25 PPO] phase=1 rollout/transitions=9256960 safety/h_hard_min=4.81602 train/value_loss=7.57055 train/value_explained_variance=0.947861 train/approx_kl=0.00717499 train/clip_epsilon=0.2 train/actor_lr=0.0003 train/post_transition_steps=7749632 rollout/episode_return_std=nan train/grad_norm=0.368384
[V25 PPO] phase=1 rollout/transitions=9261056 safety/h_hard_min=4.79534 train/value_loss=10.7799 train/value_explained_variance=0.939718 train/approx_kl=0.00849133 train/clip_epsilon=0.2 train/actor_lr=0.0003 train/post_transition_steps=7753728 rollout/episode_return_std=nan train/grad_norm=0.917851
[V25 PPO] phase=1 rollout/transitions=9265152 safety/h_hard_min=4.7978 train/value_loss=8.22313 train/value_explained_variance=0.948031 train/approx_kl=0.00801696 train/clip_epsilon=0.2 train/actor_lr=0.0003 train/post_transition_steps=7757824 rollout/episode_return_std=nan train/grad_norm=0.315878
[V25 PPO] phase=1 rollout/transitions=9269248 safety/h_hard_min=4.79394 train/value_loss=8.0694 train/value_explained_variance=0.945532 train/approx_kl=0.00750141 train/clip_epsilon=0.2 train/actor_lr=0.0003 train/post_transition_steps=7761920 rollout/episode_return_std=nan train/grad_norm=0.609935
[V25 PPO] phase=1 rollout/transitions=9273344 safety/h_hard_min=4.80999 train/value_loss=9.13075 train/value_explained_variance=0.938686 train/approx_kl=0.00816298 train/clip_epsilon=0.2 train/actor_lr=0.0003 train/post_transition_steps=7766016 rollout/episode_return_std=nan train/grad_norm=0.662829
[V25 PPO] phase=1 rollout/transitions=9277440 safety/h_hard_min=4.80216 train/value_loss=9.65842 train/value_explained_variance=0.940616 train/approx_kl=0.00817647 train/clip_epsilon=0.2 train/actor_lr=0.0003 train/post_transition_steps=7770112 rollout/episode_return_std=nan train/grad_norm=0.234601
[V25 PPO] phase=1 rollout/transitions=9281536 safety/h_hard_min=4.80264 train/value_loss=8.70469 train/value_explained_variance=0.939713 train/approx_kl=0.00752415 train/clip_epsilon=0.2 train/actor_lr=0.0003 train/post_transition_steps=7774208 rollout/episode_return_std=nan train/grad_norm=0.36647
[V25 PPO] phase=1 rollout/transitions=9285632 safety/h_hard_min=4.81107 train/value_loss=8.2576 train/value_explained_variance=0.940338 train/approx_kl=0.00793285 train/clip_epsilon=0.2 train/actor_lr=0.0003 train/post_transition_steps=7778304 rollout/episode_return_std=nan train/grad_norm=0.489669
[V25 PPO] phase=1 rollout/transitions=9289728 safety/h_hard_min=4.81241 train/value_loss=10.4522 train/value_explained_variance=0.93349 train/approx_kl=0.00756608 train/clip_epsilon=0.2 train/actor_lr=0.0003 train/post_transition_steps=7782400 rollout/episode_return_std=nan train/grad_norm=0.865687
[V25 PPO] phase=1 rollout/transitions=9293824 safety/h_hard_min=4.81545 train/value_loss=9.36003 train/value_explained_variance=0.938063 train/approx_kl=0.00885511 train/clip_epsilon=0.2 train/actor_lr=0.0003 train/post_transition_steps=7786496 rollout/episode_return_std=nan train/grad_norm=0.39367
[V25 PPO] phase=1 rollout/transitions=9297920 safety/h_hard_min=4.81872 train/value_loss=13.5831 train/value_explained_variance=0.93063 train/approx_kl=0.00971995 train/clip_epsilon=0.2 train/actor_lr=0.0003 train/post_transition_steps=7790592 rollout/episode_return_std=nan train/grad_norm=1.83482
[V25 PPO] phase=1 rollout/transitions=9302016 safety/h_hard_min=4.79943 train/value_loss=10.1909 train/value_explained_variance=0.935508 train/approx_kl=0.00791915 train/clip_epsilon=0.2 train/actor_lr=0.0003 train/post_transition_steps=7794688 rollout/episode_return_std=nan train/grad_norm=1.40772
[V25 PPO] phase=1 rollout/transitions=9306112 safety/h_hard_min=4.76481 train/value_loss=11.1746 train/value_explained_variance=0.936904 train/approx_kl=0.00798091 train/clip_epsilon=0.2 train/actor_lr=0.0003 train/post_transition_steps=7798784 rollout/episode_return_std=nan train/grad_norm=1.27731
[V25 PPO] phase=1 rollout/transitions=9310208 safety/h_hard_min=4.78837 train/value_loss=11.4727 train/value_explained_variance=0.93564 train/approx_kl=0.00791711 train/clip_epsilon=0.2 train/actor_lr=0.0003 train/post_transition_steps=7802880 rollout/episode_return_std=nan train/grad_norm=1.20124
[V25 PPO] phase=1 rollout/transitions=9314304 safety/h_hard_min=4.7674 train/value_loss=10.4815 train/value_explained_variance=0.93952 train/approx_kl=0.0090098 train/clip_epsilon=0.2 train/actor_lr=0.0003 train/post_transition_steps=7806976 rollout/episode_return_std=nan train/grad_norm=0.511215
[V25 PPO] phase=1 rollout/transitions=9318400 safety/h_hard_min=4.81603 train/value_loss=7.45976 train/value_explained_variance=0.941524 train/approx_kl=0.00666405 train/clip_epsilon=0.2 train/actor_lr=0.0003 train/post_transition_steps=7811072 rollout/episode_return_std=nan train/grad_norm=0.445227
[V25 PPO] phase=1 rollout/transitions=9322496 safety/h_hard_min=4.79681 train/value_loss=9.21912 train/value_explained_variance=0.940403 train/approx_kl=0.00796028 train/clip_epsilon=0.2 train/actor_lr=0.0003 train/post_transition_steps=7815168 rollout/episode_return_std=nan train/grad_norm=0.417923
[V25 PPO] phase=1 rollout/transitions=9326592 safety/h_hard_min=4.82652 train/value_loss=10.3231 train/value_explained_variance=0.940165 train/approx_kl=0.00853161 train/clip_epsilon=0.2 train/actor_lr=0.0003 train/post_transition_steps=7819264 rollout/episode_return_std=nan train/grad_norm=0.568567
[V25 PPO] phase=1 rollout/transitions=9330688 safety/h_hard_min=4.80246 train/value_loss=8.05604 train/value_explained_variance=0.946893 train/approx_kl=0.00815316 train/clip_epsilon=0.2 train/actor_lr=0.0003 train/post_transition_steps=7823360 rollout/episode_return_std=nan train/grad_norm=0.381935
[V25 PPO] phase=1 rollout/transitions=9334784 safety/h_hard_min=4.80608 train/value_loss=10.2043 train/value_explained_variance=0.935783 train/approx_kl=0.00763932 train/clip_epsilon=0.2 train/actor_lr=0.0003 train/post_transition_steps=7827456 rollout/episode_return_std=nan train/grad_norm=0.157204
[V25 PPO] phase=1 rollout/transitions=9338880 safety/h_hard_min=4.82534 train/value_loss=8.32418 train/value_explained_variance=0.945046 train/approx_kl=0.00732954 train/clip_epsilon=0.2 train/actor_lr=0.0003 train/post_transition_steps=7831552 rollout/episode_return_std=nan train/grad_norm=0.0694621
[V25 PPO] phase=1 rollout/transitions=9342976 safety/h_hard_min=4.80361 train/value_loss=9.58898 train/value_explained_variance=0.938438 train/approx_kl=0.00817192 train/clip_epsilon=0.2 train/actor_lr=0.0003 train/post_transition_steps=7835648 rollout/episode_return_std=nan train/grad_norm=0.184775
[V25 PPO] phase=1 rollout/transitions=9347072 safety/h_hard_min=4.81441 train/value_loss=8.7392 train/value_explained_variance=0.941921 train/approx_kl=0.00759799 train/clip_epsilon=0.2 train/actor_lr=0.0003 train/post_transition_steps=7839744 rollout/episode_return_std=nan train/grad_norm=0.27993
[V25 PPO] phase=1 rollout/transitions=9351168 safety/h_hard_min=4.80828 train/value_loss=8.85456 train/value_explained_variance=0.946552 train/approx_kl=0.008438 train/clip_epsilon=0.2 train/actor_lr=0.0003 train/post_transition_steps=7843840 rollout/episode_return_std=nan train/grad_norm=0.280888
[V25 PPO] phase=1 rollout/transitions=9355264 safety/h_hard_min=4.82175 train/value_loss=9.77887 train/value_explained_variance=0.940456 train/approx_kl=0.00750839 train/clip_epsilon=0.2 train/actor_lr=0.0003 train/post_transition_steps=7847936 rollout/episode_return_std=nan train/grad_norm=0.304681
[V25 PPO] phase=1 rollout/transitions=9359360 safety/h_hard_min=4.80656 train/value_loss=9.71047 train/value_explained_variance=0.942073 train/approx_kl=0.00877741 train/clip_epsilon=0.2 train/actor_lr=0.0003 train/post_transition_steps=7852032 rollout/episode_return_std=nan train/grad_norm=0.408819
[V25 PPO] phase=1 rollout/transitions=9363456 safety/h_hard_min=4.80877 train/value_loss=10.2035 train/value_explained_variance=0.941978 train/approx_kl=0.0089639 train/clip_epsilon=0.2 train/actor_lr=0.0003 train/post_transition_steps=7856128 rollout/episode_return_std=nan train/grad_norm=0.204383
[V25 PPO] phase=1 rollout/transitions=9367552 safety/h_hard_min=4.79398 train/value_loss=7.83822 train/value_explained_variance=0.945965 train/approx_kl=0.00721731 train/clip_epsilon=0.2 train/actor_lr=0.0003 train/post_transition_steps=7860224 rollout/episode_return_std=nan train/grad_norm=0.108378
[V25 PPO] phase=1 rollout/transitions=9371648 safety/h_hard_min=4.82535 train/value_loss=10.8292 train/value_explained_variance=0.935675 train/approx_kl=0.00767317 train/clip_epsilon=0.2 train/actor_lr=0.0003 train/post_transition_steps=7864320 rollout/episode_return_std=nan train/grad_norm=0.345962
[V25 PPO] phase=1 rollout/transitions=9375744 safety/h_hard_min=4.8283 train/value_loss=10.5372 train/value_explained_variance=0.934128 train/approx_kl=0.00827119 train/clip_epsilon=0.2 train/actor_lr=0.0003 train/post_transition_steps=7868416 rollout/episode_return_std=nan train/grad_norm=0.242655
[V25 PPO] phase=1 rollout/transitions=9379840 safety/h_hard_min=4.81437 train/value_loss=10.7764 train/value_explained_variance=0.931744 train/approx_kl=0.00767259 train/clip_epsilon=0.2 train/actor_lr=0.0003 train/post_transition_steps=7872512 rollout/episode_return_std=nan train/grad_norm=0.402605
[V25 PPO] phase=1 rollout/transitions=9383936 safety/h_hard_min=4.78643 train/value_loss=8.91856 train/value_explained_variance=0.942787 train/approx_kl=0.00769544 train/clip_epsilon=0.2 train/actor_lr=0.0003 train/post_transition_steps=7876608 rollout/episode_return_std=nan train/grad_norm=0.988277
[V25 PPO] phase=1 rollout/transitions=9388032 safety/h_hard_min=4.81148 train/value_loss=9.38655 train/value_explained_variance=0.941059 train/approx_kl=0.00745903 train/clip_epsilon=0.2 train/actor_lr=0.0003 train/post_transition_steps=7880704 rollout/episode_return_std=nan train/grad_norm=0.303871
[V25 PPO] phase=1 rollout/transitions=9392128 safety/h_hard_min=4.77716 train/value_loss=12.0041 train/value_explained_variance=0.933352 train/approx_kl=0.00834292 train/clip_epsilon=0.2 train/actor_lr=0.0003 train/post_transition_steps=7884800 rollout/episode_return_std=nan train/grad_norm=0.596068
[V25 PPO] phase=1 rollout/transitions=9396224 safety/h_hard_min=4.83239 train/value_loss=10.341 train/value_explained_variance=0.936106 train/approx_kl=0.00880116 train/clip_epsilon=0.2 train/actor_lr=0.0003 train/post_transition_steps=7888896 rollout/episode_return_std=nan train/grad_norm=0.635252
[V25 PPO] phase=1 rollout/transitions=9400320 safety/h_hard_min=4.79929 train/value_loss=8.32691 train/value_explained_variance=0.941228 train/approx_kl=0.00814658 train/clip_epsilon=0.2 train/actor_lr=0.0003 train/post_transition_steps=7892992 rollout/episode_return_std=nan train/grad_norm=0.42277
[V25 PPO] phase=1 rollout/transitions=9404416 safety/h_hard_min=4.81198 train/value_loss=10.9305 train/value_explained_variance=0.935864 train/approx_kl=0.00899852 train/clip_epsilon=0.2 train/actor_lr=0.0003 train/post_transition_steps=7897088 rollout/episode_return_std=nan train/grad_norm=0.409541
[V25 PPO] phase=1 rollout/transitions=9408512 safety/h_hard_min=4.78611 train/value_loss=7.36425 train/value_explained_variance=0.940415 train/approx_kl=0.00588229 train/clip_epsilon=0.2 train/actor_lr=0.0003 train/post_transition_steps=7901184 rollout/episode_return_std=nan train/grad_norm=0.729456
[V25 PPO] phase=1 rollout/transitions=9412608 safety/h_hard_min=4.83232 train/value_loss=10.2061 train/value_explained_variance=0.944198 train/approx_kl=0.00837378 train/clip_epsilon=0.2 train/actor_lr=0.0003 train/post_transition_steps=7905280 rollout/episode_return_std=nan train/grad_norm=0.537767
[V25 PPO] phase=1 rollout/transitions=9416704 safety/h_hard_min=4.81809 train/value_loss=9.99676 train/value_explained_variance=0.932281 train/approx_kl=0.00884801 train/clip_epsilon=0.2 train/actor_lr=0.0003 train/post_transition_steps=7909376 rollout/episode_return_std=nan train/grad_norm=0.462054
[V25 PPO] phase=1 rollout/transitions=9420800 safety/h_hard_min=4.79217 train/value_loss=7.97854 train/value_explained_variance=0.938074 train/approx_kl=0.00696334 train/clip_epsilon=0.2 train/actor_lr=0.0003 train/post_transition_steps=7913472 rollout/episode_return_std=nan train/grad_norm=0.210269
[V25 PPO] phase=1 rollout/transitions=9424896 safety/h_hard_min=4.80169 train/value_loss=10.1908 train/value_explained_variance=0.93218 train/approx_kl=0.00921426 train/clip_epsilon=0.2 train/actor_lr=0.0003 train/post_transition_steps=7917568 rollout/episode_return_std=nan train/grad_norm=0.176434
[V25 PPO] phase=1 rollout/transitions=9428992 safety/h_hard_min=4.79649 train/value_loss=6.66299 train/value_explained_variance=0.938113 train/approx_kl=0.00599132 train/clip_epsilon=0.2 train/actor_lr=0.0003 train/post_transition_steps=7921664 rollout/episode_return_std=nan train/grad_norm=0.507258
[V25 PPO] phase=1 rollout/transitions=9433088 safety/h_hard_min=4.84642 train/value_loss=7.71317 train/value_explained_variance=0.94299 train/approx_kl=0.00865737 train/clip_epsilon=0.2 train/actor_lr=0.0003 train/post_transition_steps=7925760 rollout/episode_return_std=nan train/grad_norm=0.388949
[V25 PPO] phase=1 rollout/transitions=9437184 safety/h_hard_min=4.82971 train/value_loss=9.20346 train/value_explained_variance=0.934633 train/approx_kl=0.00842981 train/clip_epsilon=0.2 train/actor_lr=0.0003 train/post_transition_steps=7929856 rollout/episode_return_std=nan train/grad_norm=1.25707
[V25 PPO] phase=1 rollout/transitions=9441280 safety/h_hard_min=4.79949 train/value_loss=9.60885 train/value_explained_variance=0.934196 train/approx_kl=0.00829292 train/clip_epsilon=0.2 train/actor_lr=0.0003 train/post_transition_steps=7933952 rollout/episode_return_std=nan train/grad_norm=0.137138
[V25 PPO] phase=1 rollout/transitions=9445376 safety/h_hard_min=4.84406 train/value_loss=8.24032 train/value_explained_variance=0.937716 train/approx_kl=0.00799418 train/clip_epsilon=0.2 train/actor_lr=0.0003 train/post_transition_steps=7938048 rollout/episode_return_std=nan train/grad_norm=0.302345
[V25 PPO] phase=1 rollout/transitions=9449472 safety/h_hard_min=4.81513 train/value_loss=11.7307 train/value_explained_variance=0.924669 train/approx_kl=0.00944135 train/clip_epsilon=0.2 train/actor_lr=0.0003 train/post_transition_steps=7942144 rollout/episode_return_std=nan train/grad_norm=0.287664
[V25 PPO] phase=1 rollout/transitions=9453568 safety/h_hard_min=4.81668 train/value_loss=8.52425 train/value_explained_variance=0.938171 train/approx_kl=0.00748514 train/clip_epsilon=0.2 train/actor_lr=0.0003 train/post_transition_steps=7946240 rollout/episode_return_std=nan train/grad_norm=0.181031
[V25 PPO] phase=1 rollout/transitions=9457664 safety/h_hard_min=4.82058 train/value_loss=9.65599 train/value_explained_variance=0.928131 train/approx_kl=0.00760539 train/clip_epsilon=0.2 train/actor_lr=0.0003 train/post_transition_steps=7950336 rollout/episode_return_std=nan train/grad_norm=0.240145
[V25 PPO] phase=1 rollout/transitions=9461760 safety/h_hard_min=4.79631 train/value_loss=10.0233 train/value_explained_variance=0.935934 train/approx_kl=0.00903177 train/clip_epsilon=0.2 train/actor_lr=0.0003 train/post_transition_steps=7954432 rollout/episode_return_std=nan train/grad_norm=0.654194
[V25 PPO] phase=1 rollout/transitions=9465856 safety/h_hard_min=4.775 train/value_loss=8.84227 train/value_explained_variance=0.933926 train/approx_kl=0.00751999 train/clip_epsilon=0.2 train/actor_lr=0.0003 train/post_transition_steps=7958528 rollout/episode_return_std=nan train/grad_norm=0.538139
[V25 PPO] phase=1 rollout/transitions=9469952 safety/h_hard_min=4.82368 train/value_loss=11.1235 train/value_explained_variance=0.926571 train/approx_kl=0.00866705 train/clip_epsilon=0.2 train/actor_lr=0.0003 train/post_transition_steps=7962624 rollout/episode_return_std=nan train/grad_norm=0.452386
[V25 PPO] phase=1 rollout/transitions=9474048 safety/h_hard_min=4.78768 train/value_loss=11.0269 train/value_explained_variance=0.933148 train/approx_kl=0.00870088 train/clip_epsilon=0.2 train/actor_lr=0.0003 train/post_transition_steps=7966720 rollout/episode_return_std=nan train/grad_norm=0.627915
[V25 PPO] phase=1 rollout/transitions=9478144 safety/h_hard_min=4.81877 train/value_loss=10.0551 train/value_explained_variance=0.92722 train/approx_kl=0.00804182 train/clip_epsilon=0.2 train/actor_lr=0.0003 train/post_transition_steps=7970816 rollout/episode_return_std=nan train/grad_norm=0.334628
[V25 PPO] phase=1 rollout/transitions=9482240 safety/h_hard_min=4.83168 train/value_loss=9.46 train/value_explained_variance=0.932899 train/approx_kl=0.00802202 train/clip_epsilon=0.2 train/actor_lr=0.0003 train/post_transition_steps=7974912 rollout/episode_return_std=nan train/grad_norm=0.198926
[V25 PPO] phase=1 rollout/transitions=9486336 safety/h_hard_min=4.8084 train/value_loss=9.28677 train/value_explained_variance=0.928435 train/approx_kl=0.00732358 train/clip_epsilon=0.2 train/actor_lr=0.0003 train/post_transition_steps=7979008 rollout/episode_return_std=nan train/grad_norm=0.236218
[V25 PPO] phase=1 rollout/transitions=9490432 safety/h_hard_min=4.81407 train/value_loss=10.209 train/value_explained_variance=0.923439 train/approx_kl=0.00761192 train/clip_epsilon=0.2 train/actor_lr=0.0003 train/post_transition_steps=7983104 rollout/episode_return_std=nan train/grad_norm=0.693271
[V25 PPO] phase=1 rollout/transitions=9494528 safety/h_hard_min=4.80363 train/value_loss=9.45339 train/value_explained_variance=0.930174 train/approx_kl=0.00815642 train/clip_epsilon=0.2 train/actor_lr=0.0003 train/post_transition_steps=7987200 rollout/episode_return_std=nan train/grad_norm=0.966921
[V25 PPO] phase=1 rollout/transitions=9498624 safety/h_hard_min=4.7996 train/value_loss=10.1339 train/value_explained_variance=0.932859 train/approx_kl=0.00811776 train/clip_epsilon=0.2 train/actor_lr=0.0003 train/post_transition_steps=7991296 rollout/episode_return_std=nan train/grad_norm=0.762464
[V25 PPO] phase=1 rollout/transitions=9502720 safety/h_hard_min=4.80258 train/value_loss=9.13146 train/value_explained_variance=0.935878 train/approx_kl=0.00849798 train/clip_epsilon=0.2 train/actor_lr=0.0003 train/post_transition_steps=7995392 rollout/episode_return_std=nan train/grad_norm=0.265957
[V25 PPO] phase=1 rollout/transitions=9506816 safety/h_hard_min=4.80688 train/value_loss=9.95239 train/value_explained_variance=0.921209 train/approx_kl=0.00807303 train/clip_epsilon=0.2 train/actor_lr=0.0003 train/post_transition_steps=7999488 rollout/episode_return_std=nan train/grad_norm=1.18469
[V25 PPO] phase=1 rollout/transitions=9510912 safety/h_hard_min=4.83984 train/value_loss=12.6893 train/value_explained_variance=0.920167 train/approx_kl=0.0107188 train/clip_epsilon=0.2 train/actor_lr=0.0003 train/post_transition_steps=8003584 rollout/episode_return_std=nan train/grad_norm=0.490087
[V25 PPO] phase=1 rollout/transitions=9515008 safety/h_hard_min=4.81908 train/value_loss=8.44812 train/value_explained_variance=0.931294 train/approx_kl=0.00649304 train/clip_epsilon=0.2 train/actor_lr=0.0003 train/post_transition_steps=8007680 rollout/episode_return_std=nan train/grad_norm=0.214001
[V25 PPO] phase=1 rollout/transitions=9519104 safety/h_hard_min=4.82506 train/value_loss=5.24198 train/value_explained_variance=0.952983 train/approx_kl=0.00622356 train/clip_epsilon=0.2 train/actor_lr=0.0003 train/post_transition_steps=8011776 rollout/episode_return_std=nan train/grad_norm=0.235725
[V25 PPO] phase=1 rollout/transitions=9523200 safety/h_hard_min=4.79203 train/value_loss=11.0313 train/value_explained_variance=0.932066 train/approx_kl=0.00871566 train/clip_epsilon=0.2 train/actor_lr=0.0003 train/post_transition_steps=8015872 rollout/episode_return_std=nan train/grad_norm=0.880197
[V25 PPO] phase=1 rollout/transitions=9527296 safety/h_hard_min=4.78228 train/value_loss=11.9888 train/value_explained_variance=0.922124 train/approx_kl=0.00906402 train/clip_epsilon=0.2 train/actor_lr=0.0003 train/post_transition_steps=8019968 rollout/episode_return_std=nan train/grad_norm=0.335903
[V25 PPO] phase=1 rollout/transitions=9531392 safety/h_hard_min=4.82013 train/value_loss=11.6018 train/value_explained_variance=0.921274 train/approx_kl=0.0082848 train/clip_epsilon=0.2 train/actor_lr=0.0003 train/post_transition_steps=8024064 rollout/episode_return_std=nan train/grad_norm=0.447967
[V25 PPO] phase=1 rollout/transitions=9535488 safety/h_hard_min=4.80026 train/value_loss=8.50417 train/value_explained_variance=0.936007 train/approx_kl=0.00735459 train/clip_epsilon=0.2 train/actor_lr=0.0003 train/post_transition_steps=8028160 rollout/episode_return_std=nan train/grad_norm=0.934418
[V25 PPO] phase=1 rollout/transitions=9539584 safety/h_hard_min=4.80925 train/value_loss=9.27893 train/value_explained_variance=0.929918 train/approx_kl=0.00745081 train/clip_epsilon=0.2 train/actor_lr=0.0003 train/post_transition_steps=8032256 rollout/episode_return_std=nan train/grad_norm=0.473679
[V25 PPO] phase=1 rollout/transitions=9543680 safety/h_hard_min=4.81718 train/value_loss=10.891 train/value_explained_variance=0.931134 train/approx_kl=0.00931738 train/clip_epsilon=0.2 train/actor_lr=0.0003 train/post_transition_steps=8036352 rollout/episode_return_std=nan train/grad_norm=0.484081
[V25 PPO] phase=1 rollout/transitions=9547776 safety/h_hard_min=4.78833 train/value_loss=11.1831 train/value_explained_variance=0.920515 train/approx_kl=0.00798714 train/clip_epsilon=0.2 train/actor_lr=0.0003 train/post_transition_steps=8040448 rollout/episode_return_std=nan train/grad_norm=0.332361
[V25 PPO] phase=1 rollout/transitions=9551872 safety/h_hard_min=4.79172 train/value_loss=8.10201 train/value_explained_variance=0.939413 train/approx_kl=0.00758465 train/clip_epsilon=0.2 train/actor_lr=0.0003 train/post_transition_steps=8044544 rollout/episode_return_std=nan train/grad_norm=0.251369
[V25 PPO] phase=1 rollout/transitions=9555968 safety/h_hard_min=4.84598 train/value_loss=9.93785 train/value_explained_variance=0.927745 train/approx_kl=0.00778984 train/clip_epsilon=0.2 train/actor_lr=0.0003 train/post_transition_steps=8048640 rollout/episode_return_std=nan train/grad_norm=0.369776
[V25 PPO] phase=1 rollout/transitions=9560064 safety/h_hard_min=4.78511 train/value_loss=12.364 train/value_explained_variance=0.919106 train/approx_kl=0.0083555 train/clip_epsilon=0.2 train/actor_lr=0.0003 train/post_transition_steps=8052736 rollout/episode_return_std=nan train/grad_norm=0.687272
[V25 PPO] phase=1 rollout/transitions=9564160 safety/h_hard_min=4.81731 train/value_loss=11.8286 train/value_explained_variance=0.91865 train/approx_kl=0.00904598 train/clip_epsilon=0.2 train/actor_lr=0.0003 train/post_transition_steps=8056832 rollout/episode_return_std=nan train/grad_norm=0.38351
[V25 PPO] phase=1 rollout/transitions=9568256 safety/h_hard_min=4.77244 train/value_loss=10.1513 train/value_explained_variance=0.927888 train/approx_kl=0.00839314 train/clip_epsilon=0.2 train/actor_lr=0.0003 train/post_transition_steps=8060928 rollout/episode_return_std=nan train/grad_norm=0.158197
[V25 PPO] phase=1 rollout/transitions=9572352 safety/h_hard_min=4.79594 train/value_loss=10.8878 train/value_explained_variance=0.920944 train/approx_kl=0.00789024 train/clip_epsilon=0.2 train/actor_lr=0.0003 train/post_transition_steps=8065024 rollout/episode_return_std=nan train/grad_norm=0.971402
[V25 PPO] phase=1 rollout/transitions=9576448 safety/h_hard_min=4.78845 train/value_loss=11.0944 train/value_explained_variance=0.922351 train/approx_kl=0.00793131 train/clip_epsilon=0.2 train/actor_lr=0.0003 train/post_transition_steps=8069120 rollout/episode_return_std=nan train/grad_norm=0.270161
[V25 PPO] phase=1 rollout/transitions=9580544 safety/h_hard_min=4.8155 train/value_loss=8.56564 train/value_explained_variance=0.92919 train/approx_kl=0.00694373 train/clip_epsilon=0.2 train/actor_lr=0.0003 train/post_transition_steps=8073216 rollout/episode_return_std=nan train/grad_norm=0.774111
[V25 PPO] phase=1 rollout/transitions=9584640 safety/h_hard_min=4.82279 train/value_loss=9.93992 train/value_explained_variance=0.926044 train/approx_kl=0.00743795 train/clip_epsilon=0.2 train/actor_lr=0.0003 train/post_transition_steps=8077312 rollout/episode_return_std=nan train/grad_norm=0.542393
[V25 PPO] phase=1 rollout/transitions=9588736 safety/h_hard_min=4.82054 train/value_loss=11.3734 train/value_explained_variance=0.923702 train/approx_kl=0.00855564 train/clip_epsilon=0.2 train/actor_lr=0.0003 train/post_transition_steps=8081408 rollout/episode_return_std=nan train/grad_norm=0.16731
[V25 PPO] phase=1 rollout/transitions=9592832 safety/h_hard_min=4.78437 train/value_loss=13.8105 train/value_explained_variance=0.919782 train/approx_kl=0.0101964 train/clip_epsilon=0.2 train/actor_lr=0.0003 train/post_transition_steps=8085504 rollout/episode_return_std=nan train/grad_norm=0.439927
[V25 PPO] phase=1 rollout/transitions=9596928 safety/h_hard_min=4.75961 train/value_loss=13.0983 train/value_explained_variance=0.91507 train/approx_kl=0.00906304 train/clip_epsilon=0.2 train/actor_lr=0.0003 train/post_transition_steps=8089600 rollout/episode_return_std=nan train/grad_norm=0.638516
[V25 PPO] phase=1 rollout/transitions=9601024 safety/h_hard_min=4.78011 train/value_loss=9.19092 train/value_explained_variance=0.934004 train/approx_kl=0.00805588 train/clip_epsilon=0.2 train/actor_lr=0.0003 train/post_transition_steps=8093696 rollout/episode_return_std=nan train/grad_norm=0.403609
[V25 PPO] phase=1 rollout/transitions=9605120 safety/h_hard_min=4.81519 train/value_loss=9.62564 train/value_explained_variance=0.92793 train/approx_kl=0.00874266 train/clip_epsilon=0.2 train/actor_lr=0.0003 train/post_transition_steps=8097792 rollout/episode_return_std=nan train/grad_norm=0.854753
[V25 PPO] phase=1 rollout/transitions=9609216 safety/h_hard_min=4.77953 train/value_loss=11.9577 train/value_explained_variance=0.919385 train/approx_kl=0.00784566 train/clip_epsilon=0.2 train/actor_lr=0.0003 train/post_transition_steps=8101888 rollout/episode_return_std=nan train/grad_norm=0.465653
[V25 PPO] phase=1 rollout/transitions=9613312 safety/h_hard_min=4.79874 train/value_loss=9.13463 train/value_explained_variance=0.931416 train/approx_kl=0.00720056 train/clip_epsilon=0.2 train/actor_lr=0.0003 train/post_transition_steps=8105984 rollout/episode_return_std=nan train/grad_norm=0.670628
[V25 PPO] phase=1 rollout/transitions=9617408 safety/h_hard_min=4.77614 train/value_loss=10.8048 train/value_explained_variance=0.922467 train/approx_kl=0.00801652 train/clip_epsilon=0.2 train/actor_lr=0.0003 train/post_transition_steps=8110080 rollout/episode_return_std=nan train/grad_norm=0.197441
[V25 PPO] phase=1 rollout/transitions=9621504 safety/h_hard_min=4.80783 train/value_loss=12.0706 train/value_explained_variance=0.913712 train/approx_kl=0.00756559 train/clip_epsilon=0.2 train/actor_lr=0.0003 train/post_transition_steps=8114176 rollout/episode_return_std=nan train/grad_norm=0.141651
[V25 PPO] phase=1 rollout/transitions=9625600 safety/h_hard_min=4.78162 train/value_loss=10.0632 train/value_explained_variance=0.928836 train/approx_kl=0.0081932 train/clip_epsilon=0.2 train/actor_lr=0.0003 train/post_transition_steps=8118272 rollout/episode_return_std=nan train/grad_norm=0.566413
[V25 PPO] phase=1 rollout/transitions=9629696 safety/h_hard_min=4.78419 train/value_loss=11.1165 train/value_explained_variance=0.9213 train/approx_kl=0.00903358 train/clip_epsilon=0.2 train/actor_lr=0.0003 train/post_transition_steps=8122368 rollout/episode_return_std=nan train/grad_norm=0.391612
[V25 PPO] phase=1 rollout/transitions=9633792 safety/h_hard_min=4.81404 train/value_loss=10.6748 train/value_explained_variance=0.919934 train/approx_kl=0.00862761 train/clip_epsilon=0.2 train/actor_lr=0.0003 train/post_transition_steps=8126464 rollout/episode_return_std=nan train/grad_norm=0.366104
[V25 PPO] phase=1 rollout/transitions=9637888 safety/h_hard_min=4.78237 train/value_loss=11.3432 train/value_explained_variance=0.919342 train/approx_kl=0.00903096 train/clip_epsilon=0.2 train/actor_lr=0.0003 train/post_transition_steps=8130560 rollout/episode_return_std=nan train/grad_norm=0.398596
[V25 PPO] phase=1 rollout/transitions=9641984 safety/h_hard_min=4.81701 train/value_loss=9.22943 train/value_explained_variance=0.930479 train/approx_kl=0.00825747 train/clip_epsilon=0.2 train/actor_lr=0.0003 train/post_transition_steps=8134656 rollout/episode_return_std=nan train/grad_norm=0.621823
[V25 PPO] phase=1 rollout/transitions=9646080 safety/h_hard_min=4.80069 train/value_loss=12.6664 train/value_explained_variance=0.916847 train/approx_kl=0.00851886 train/clip_epsilon=0.2 train/actor_lr=0.0003 train/post_transition_steps=8138752 rollout/episode_return_std=nan train/grad_norm=0.317329
[V25 PPO] phase=1 rollout/transitions=9650176 safety/h_hard_min=4.81835 train/value_loss=10.3689 train/value_explained_variance=0.923402 train/approx_kl=0.00877425 train/clip_epsilon=0.2 train/actor_lr=0.0003 train/post_transition_steps=8142848 rollout/episode_return_std=nan train/grad_norm=0.465781
[V25 PPO] phase=1 rollout/transitions=9654272 safety/h_hard_min=4.79882 train/value_loss=9.46696 train/value_explained_variance=0.924621 train/approx_kl=0.00762836 train/clip_epsilon=0.2 train/actor_lr=0.0003 train/post_transition_steps=8146944 rollout/episode_return_std=nan train/grad_norm=0.589082
[V25 PPO] phase=1 rollout/transitions=9658368 safety/h_hard_min=4.7953 train/value_loss=10.9788 train/value_explained_variance=0.926868 train/approx_kl=0.00857333 train/clip_epsilon=0.2 train/actor_lr=0.0003 train/post_transition_steps=8151040 rollout/episode_return_std=nan train/grad_norm=0.266774
[V25 PPO] phase=1 rollout/transitions=9662464 safety/h_hard_min=4.77741 train/value_loss=10.1387 train/value_explained_variance=0.926399 train/approx_kl=0.00868646 train/clip_epsilon=0.2 train/actor_lr=0.0003 train/post_transition_steps=8155136 rollout/episode_return_std=nan train/grad_norm=0.903591
[V25 PPO] phase=1 rollout/transitions=9666560 safety/h_hard_min=4.78418 train/value_loss=12.6942 train/value_explained_variance=0.911896 train/approx_kl=0.0085966 train/clip_epsilon=0.2 train/actor_lr=0.0003 train/post_transition_steps=8159232 rollout/episode_return_std=nan train/grad_norm=0.968637
[V25 PPO] phase=1 rollout/transitions=9670656 safety/h_hard_min=4.75537 train/value_loss=10.1072 train/value_explained_variance=0.925057 train/approx_kl=0.00730459 train/clip_epsilon=0.2 train/actor_lr=0.0003 train/post_transition_steps=8163328 rollout/episode_return_std=nan train/grad_norm=0.852674
[V25 PPO] phase=1 rollout/transitions=9674752 safety/h_hard_min=4.79814 train/value_loss=8.13622 train/value_explained_variance=0.93041 train/approx_kl=0.00675748 train/clip_epsilon=0.2 train/actor_lr=0.0003 train/post_transition_steps=8167424 rollout/episode_return_std=nan train/grad_norm=0.256834
[V25 PPO] phase=1 rollout/transitions=9678848 safety/h_hard_min=4.80017 train/value_loss=12.0042 train/value_explained_variance=0.920162 train/approx_kl=0.00833788 train/clip_epsilon=0.2 train/actor_lr=0.0003 train/post_transition_steps=8171520 rollout/episode_return_std=nan train/grad_norm=0.487881
[V25 PPO] phase=1 rollout/transitions=9682944 safety/h_hard_min=4.80839 train/value_loss=10.1076 train/value_explained_variance=0.928932 train/approx_kl=0.00988584 train/clip_epsilon=0.2 train/actor_lr=0.0003 train/post_transition_steps=8175616 rollout/episode_return_std=nan train/grad_norm=0.515387
[V25 PPO] phase=1 rollout/transitions=9687040 safety/h_hard_min=4.79748 train/value_loss=12.6973 train/value_explained_variance=0.913643 train/approx_kl=0.00937037 train/clip_epsilon=0.2 train/actor_lr=0.0003 train/post_transition_steps=8179712 rollout/episode_return_std=nan train/grad_norm=0.295946
[V25 PPO] phase=1 rollout/transitions=9691136 safety/h_hard_min=4.78446 train/value_loss=14.1811 train/value_explained_variance=0.909275 train/approx_kl=0.00946081 train/clip_epsilon=0.2 train/actor_lr=0.0003 train/post_transition_steps=8183808 rollout/episode_return_std=nan train/grad_norm=0.378677
[V25 PPO] phase=1 rollout/transitions=9695232 safety/h_hard_min=4.80826 train/value_loss=13.5893 train/value_explained_variance=0.912391 train/approx_kl=0.00829122 train/clip_epsilon=0.2 train/actor_lr=0.0003 train/post_transition_steps=8187904 rollout/episode_return_std=nan train/grad_norm=0.493366
[V25 PPO] phase=1 rollout/transitions=9699328 safety/h_hard_min=4.81416 train/value_loss=11.4853 train/value_explained_variance=0.915052 train/approx_kl=0.00824343 train/clip_epsilon=0.2 train/actor_lr=0.0003 train/post_transition_steps=8192000 rollout/episode_return_std=nan train/grad_norm=0.288641
[V25 PPO] phase=1 rollout/transitions=9703424 safety/h_hard_min=4.78904 train/value_loss=11.599 train/value_explained_variance=0.919031 train/approx_kl=0.00866321 train/clip_epsilon=0.2 train/actor_lr=0.0003 train/post_transition_steps=8196096 rollout/episode_return_std=nan train/grad_norm=0.31843
[V25 PPO] phase=1 rollout/transitions=9707520 safety/h_hard_min=4.79376 train/value_loss=11.9586 train/value_explained_variance=0.925938 train/approx_kl=0.0112099 train/clip_epsilon=0.2 train/actor_lr=0.0003 train/post_transition_steps=8200192 rollout/episode_return_std=nan train/grad_norm=0.424158
[V25 PPO] phase=1 rollout/transitions=9711616 safety/h_hard_min=4.81574 train/value_loss=11.1085 train/value_explained_variance=0.916872 train/approx_kl=0.00896457 train/clip_epsilon=0.2 train/actor_lr=0.0003 train/post_transition_steps=8204288 rollout/episode_return_std=nan train/grad_norm=0.388891
[V25 PPO] phase=1 rollout/transitions=9715712 safety/h_hard_min=4.80055 train/value_loss=10.2114 train/value_explained_variance=0.923225 train/approx_kl=0.00921662 train/clip_epsilon=0.2 train/actor_lr=0.0003 train/post_transition_steps=8208384 rollout/episode_return_std=nan train/grad_norm=0.333565
[V25 PPO] phase=1 rollout/transitions=9719808 safety/h_hard_min=4.81242 train/value_loss=11.9764 train/value_explained_variance=0.915538 train/approx_kl=0.00830613 train/clip_epsilon=0.2 train/actor_lr=0.0003 train/post_transition_steps=8212480 rollout/episode_return_std=nan train/grad_norm=0.595982
[V25 PPO] phase=1 rollout/transitions=9723904 safety/h_hard_min=4.80292 train/value_loss=11.1862 train/value_explained_variance=0.913903 train/approx_kl=0.00772813 train/clip_epsilon=0.2 train/actor_lr=0.0003 train/post_transition_steps=8216576 rollout/episode_return_std=nan train/grad_norm=0.348627
[V25 PPO] phase=1 rollout/transitions=9728000 safety/h_hard_min=4.81628 train/value_loss=11.0142 train/value_explained_variance=0.918125 train/approx_kl=0.00882798 train/clip_epsilon=0.2 train/actor_lr=0.0003 train/post_transition_steps=8220672 rollout/episode_return_std=nan train/grad_norm=0.460735
[V25 PPO] phase=1 rollout/transitions=9732096 safety/h_hard_min=4.82613 train/value_loss=12.7947 train/value_explained_variance=0.917077 train/approx_kl=0.00937745 train/clip_epsilon=0.2 train/actor_lr=0.0003 train/post_transition_steps=8224768 rollout/episode_return_std=nan train/grad_norm=0.529151
[V25 PPO] phase=1 rollout/transitions=9736192 safety/h_hard_min=4.75818 train/value_loss=10.8478 train/value_explained_variance=0.911543 train/approx_kl=0.00649175 train/clip_epsilon=0.2 train/actor_lr=0.0003 train/post_transition_steps=8228864 rollout/episode_return_std=nan train/grad_norm=0.572617
[V25 PPO] phase=1 rollout/transitions=9740288 safety/h_hard_min=4.78349 train/value_loss=11.33 train/value_explained_variance=0.919086 train/approx_kl=0.00856383 train/clip_epsilon=0.2 train/actor_lr=0.0003 train/post_transition_steps=8232960 rollout/episode_return_std=nan train/grad_norm=0.548197
[V25 PPO] phase=1 rollout/transitions=9744384 safety/h_hard_min=4.78974 train/value_loss=12.424 train/value_explained_variance=0.91131 train/approx_kl=0.00780253 train/clip_epsilon=0.2 train/actor_lr=0.0003 train/post_transition_steps=8237056 rollout/episode_return_std=nan train/grad_norm=0.20067
[V25 PPO] phase=1 rollout/transitions=9748480 safety/h_hard_min=4.79731 train/value_loss=12.2845 train/value_explained_variance=0.909803 train/approx_kl=0.00836086 train/clip_epsilon=0.2 train/actor_lr=0.0003 train/post_transition_steps=8241152 rollout/episode_return_std=nan train/grad_norm=0.477387
[V25 PPO] phase=1 rollout/transitions=9752576 safety/h_hard_min=4.81351 train/value_loss=12.3532 train/value_explained_variance=0.912713 train/approx_kl=0.00805498 train/clip_epsilon=0.2 train/actor_lr=0.0003 train/post_transition_steps=8245248 rollout/episode_return_std=nan train/grad_norm=0.319267
[V25 PPO] phase=1 rollout/transitions=9756672 safety/h_hard_min=4.81149 train/value_loss=10.6902 train/value_explained_variance=0.91775 train/approx_kl=0.00805702 train/clip_epsilon=0.2 train/actor_lr=0.0003 train/post_transition_steps=8249344 rollout/episode_return_std=nan train/grad_norm=1.38171
[V25 PPO] phase=1 rollout/transitions=9760768 safety/h_hard_min=4.77789 train/value_loss=15.1844 train/value_explained_variance=0.900298 train/approx_kl=0.00850689 train/clip_epsilon=0.2 train/actor_lr=0.0003 train/post_transition_steps=8253440 rollout/episode_return_std=nan train/grad_norm=0.39472
[V25 PPO] phase=1 rollout/transitions=9764864 safety/h_hard_min=4.79285 train/value_loss=11.3647 train/value_explained_variance=0.91394 train/approx_kl=0.00801481 train/clip_epsilon=0.2 train/actor_lr=0.0003 train/post_transition_steps=8257536 rollout/episode_return_std=nan train/grad_norm=0.525678
[V25 PPO] phase=1 rollout/transitions=9768960 safety/h_hard_min=4.80955 train/value_loss=9.25081 train/value_explained_variance=0.923464 train/approx_kl=0.00863006 train/clip_epsilon=0.2 train/actor_lr=0.0003 train/post_transition_steps=8261632 rollout/episode_return_std=nan train/grad_norm=1.24019
[V25 PPO] phase=1 rollout/transitions=9773056 safety/h_hard_min=4.79063 train/value_loss=12.5551 train/value_explained_variance=0.910712 train/approx_kl=0.00852711 train/clip_epsilon=0.2 train/actor_lr=0.0003 train/post_transition_steps=8265728 rollout/episode_return_std=nan train/grad_norm=0.35523
[V25 PPO] phase=1 rollout/transitions=9777152 safety/h_hard_min=4.78065 train/value_loss=15.1283 train/value_explained_variance=0.902431 train/approx_kl=0.0101849 train/clip_epsilon=0.2 train/actor_lr=0.0003 train/post_transition_steps=8269824 rollout/episode_return_std=nan train/grad_norm=0.198598
[V25 PPO] phase=1 rollout/transitions=9781248 safety/h_hard_min=4.77616 train/value_loss=14.1404 train/value_explained_variance=0.902775 train/approx_kl=0.00977224 train/clip_epsilon=0.2 train/actor_lr=0.0003 train/post_transition_steps=8273920 rollout/episode_return_std=nan train/grad_norm=0.370003
[V25 PPO] phase=1 rollout/transitions=9785344 safety/h_hard_min=4.78379 train/value_loss=10.5186 train/value_explained_variance=0.914919 train/approx_kl=0.00724571 train/clip_epsilon=0.2 train/actor_lr=0.0003 train/post_transition_steps=8278016 rollout/episode_return_std=nan train/grad_norm=0.473472
[V25 PPO] phase=1 rollout/transitions=9789440 safety/h_hard_min=4.7903 train/value_loss=12.1282 train/value_explained_variance=0.910389 train/approx_kl=0.00806753 train/clip_epsilon=0.2 train/actor_lr=0.0003 train/post_transition_steps=8282112 rollout/episode_return_std=nan train/grad_norm=0.525024
[V25 PPO] phase=1 rollout/transitions=9793536 safety/h_hard_min=4.80478 train/value_loss=14.6918 train/value_explained_variance=0.895226 train/approx_kl=0.00905855 train/clip_epsilon=0.2 train/actor_lr=0.0003 train/post_transition_steps=8286208 rollout/episode_return_std=nan train/grad_norm=0.586422
[V25 PPO] phase=1 rollout/transitions=9797632 safety/h_hard_min=4.80845 train/value_loss=9.08489 train/value_explained_variance=0.922571 train/approx_kl=0.00795514 train/clip_epsilon=0.2 train/actor_lr=0.0003 train/post_transition_steps=8290304 rollout/episode_return_std=nan train/grad_norm=0.661315
[V25 PPO] phase=1 rollout/transitions=9801728 safety/h_hard_min=4.77308 train/value_loss=13.0076 train/value_explained_variance=0.902567 train/approx_kl=0.00839253 train/clip_epsilon=0.2 train/actor_lr=0.0003 train/post_transition_steps=8294400 rollout/episode_return_std=nan train/grad_norm=0.149642
[V25 PPO] phase=1 rollout/transitions=9805824 safety/h_hard_min=4.79485 train/value_loss=11.7779 train/value_explained_variance=0.916199 train/approx_kl=0.00989997 train/clip_epsilon=0.2 train/actor_lr=0.0003 train/post_transition_steps=8298496 rollout/episode_return_std=nan train/grad_norm=0.344604
[V25 PPO] phase=1 rollout/transitions=9809920 safety/h_hard_min=4.78248 train/value_loss=12.9974 train/value_explained_variance=0.905668 train/approx_kl=0.00914822 train/clip_epsilon=0.2 train/actor_lr=0.0003 train/post_transition_steps=8302592 rollout/episode_return_std=nan train/grad_norm=0.458012
[V25 PPO] phase=1 rollout/transitions=9814016 safety/h_hard_min=4.80611 train/value_loss=11.0348 train/value_explained_variance=0.914019 train/approx_kl=0.00784106 train/clip_epsilon=0.2 train/actor_lr=0.0003 train/post_transition_steps=8306688 rollout/episode_return_std=nan train/grad_norm=0.573132
[V25 PPO] phase=1 rollout/transitions=9818112 safety/h_hard_min=4.81547 train/value_loss=15.3372 train/value_explained_variance=0.90239 train/approx_kl=0.00850408 train/clip_epsilon=0.2 train/actor_lr=0.0003 train/post_transition_steps=8310784 rollout/episode_return_std=nan train/grad_norm=0.220741
[V25 PPO] phase=1 rollout/transitions=9822208 safety/h_hard_min=4.7994 train/value_loss=11.5104 train/value_explained_variance=0.914181 train/approx_kl=0.00850816 train/clip_epsilon=0.2 train/actor_lr=0.0003 train/post_transition_steps=8314880 rollout/episode_return_std=nan train/grad_norm=0.457784
[V25 PPO] phase=1 rollout/transitions=9826304 safety/h_hard_min=4.79519 train/value_loss=11.8279 train/value_explained_variance=0.913252 train/approx_kl=0.00873 train/clip_epsilon=0.2 train/actor_lr=0.0003 train/post_transition_steps=8318976 rollout/episode_return_std=nan train/grad_norm=0.295793
[V25 PPO] phase=1 rollout/transitions=9830400 safety/h_hard_min=4.80288 train/value_loss=11.732 train/value_explained_variance=0.913379 train/approx_kl=0.0086734 train/clip_epsilon=0.2 train/actor_lr=0.0003 train/post_transition_steps=8323072 rollout/episode_return_std=nan train/grad_norm=0.497748
[V25 PPO] phase=1 rollout/transitions=9834496 safety/h_hard_min=4.7859 train/value_loss=14.7571 train/value_explained_variance=0.897063 train/approx_kl=0.0101603 train/clip_epsilon=0.2 train/actor_lr=0.0003 train/post_transition_steps=8327168 rollout/episode_return_std=nan train/grad_norm=0.354738
[V25 PPO] phase=1 rollout/transitions=9838592 safety/h_hard_min=4.78515 train/value_loss=14.4857 train/value_explained_variance=0.902322 train/approx_kl=0.00910572 train/clip_epsilon=0.2 train/actor_lr=0.0003 train/post_transition_steps=8331264 rollout/episode_return_std=nan train/grad_norm=0.123908
[V25 PPO] phase=1 rollout/transitions=9842688 safety/h_hard_min=4.80216 train/value_loss=10.3977 train/value_explained_variance=0.907645 train/approx_kl=0.00712736 train/clip_epsilon=0.2 train/actor_lr=0.0003 train/post_transition_steps=8335360 rollout/episode_return_std=nan train/grad_norm=0.53101
[V25 PPO] phase=1 rollout/transitions=9846784 safety/h_hard_min=4.81107 train/value_loss=11.4694 train/value_explained_variance=0.912073 train/approx_kl=0.00810932 train/clip_epsilon=0.2 train/actor_lr=0.0003 train/post_transition_steps=8339456 rollout/episode_return_std=nan train/grad_norm=0.20683
[V25 PPO] phase=1 rollout/transitions=9850880 safety/h_hard_min=4.80454 train/value_loss=11.2933 train/value_explained_variance=0.902281 train/approx_kl=0.00755888 train/clip_epsilon=0.2 train/actor_lr=0.0003 train/post_transition_steps=8343552 rollout/episode_return_std=nan train/grad_norm=0.13898
[V25 PPO] phase=1 rollout/transitions=9854976 safety/h_hard_min=4.78797 train/value_loss=13.7787 train/value_explained_variance=0.90334 train/approx_kl=0.00875519 train/clip_epsilon=0.2 train/actor_lr=0.0003 train/post_transition_steps=8347648 rollout/episode_return_std=nan train/grad_norm=0.17799
[V25 PPO] phase=1 rollout/transitions=9859072 safety/h_hard_min=4.79512 train/value_loss=12.9766 train/value_explained_variance=0.903725 train/approx_kl=0.00789533 train/clip_epsilon=0.2 train/actor_lr=0.0003 train/post_transition_steps=8351744 rollout/episode_return_std=nan train/grad_norm=0.38398
[V25 PPO] phase=1 rollout/transitions=9863168 safety/h_hard_min=4.78686 train/value_loss=13.55 train/value_explained_variance=0.898282 train/approx_kl=0.00770061 train/clip_epsilon=0.2 train/actor_lr=0.0003 train/post_transition_steps=8355840 rollout/episode_return_std=nan train/grad_norm=0.344965
[V25 PPO] phase=1 rollout/transitions=9867264 safety/h_hard_min=4.81813 train/value_loss=12.7429 train/value_explained_variance=0.895641 train/approx_kl=0.00730342 train/clip_epsilon=0.2 train/actor_lr=0.0003 train/post_transition_steps=8359936 rollout/episode_return_std=nan train/grad_norm=0.249427
[V25 PPO] phase=1 rollout/transitions=9871360 safety/h_hard_min=4.80815 train/value_loss=10.733 train/value_explained_variance=0.906678 train/approx_kl=0.00938481 train/clip_epsilon=0.2 train/actor_lr=0.0003 train/post_transition_steps=8364032 rollout/episode_return_std=nan train/grad_norm=0.357125
[V25 PPO] phase=1 rollout/transitions=9875456 safety/h_hard_min=4.82151 train/value_loss=14.0028 train/value_explained_variance=0.900191 train/approx_kl=0.00996679 train/clip_epsilon=0.2 train/actor_lr=0.0003 train/post_transition_steps=8368128 rollout/episode_return_std=nan train/grad_norm=0.141032
[V25 PPO] phase=1 rollout/transitions=9879552 safety/h_hard_min=4.78923 train/value_loss=11.7269 train/value_explained_variance=0.906059 train/approx_kl=0.00829349 train/clip_epsilon=0.2 train/actor_lr=0.0003 train/post_transition_steps=8372224 rollout/episode_return_std=nan train/grad_norm=0.454233
[V25 PPO] phase=1 rollout/transitions=9883648 safety/h_hard_min=4.76397 train/value_loss=12.9223 train/value_explained_variance=0.902294 train/approx_kl=0.0075709 train/clip_epsilon=0.2 train/actor_lr=0.0003 train/post_transition_steps=8376320 rollout/episode_return_std=nan train/grad_norm=0.339408
[V25 PPO] phase=1 rollout/transitions=9887744 safety/h_hard_min=4.79903 train/value_loss=15.3016 train/value_explained_variance=0.900555 train/approx_kl=0.00885657 train/clip_epsilon=0.2 train/actor_lr=0.0003 train/post_transition_steps=8380416 rollout/episode_return_std=nan train/grad_norm=0.507857
[V25 PPO] phase=1 rollout/transitions=9891840 safety/h_hard_min=4.79002 train/value_loss=11.8868 train/value_explained_variance=0.926656 train/approx_kl=0.00825345 train/clip_epsilon=0.2 train/actor_lr=0.0003 train/post_transition_steps=8384512 rollout/episode_return_std=nan train/grad_norm=0.18255
[V25 PPO] phase=1 rollout/transitions=9895936 safety/h_hard_min=4.80663 train/value_loss=14.0616 train/value_explained_variance=0.922354 train/approx_kl=0.00878845 train/clip_epsilon=0.2 train/actor_lr=0.0003 train/post_transition_steps=8388608 rollout/episode_return_std=nan train/grad_norm=2.60232
[V25 PPO] phase=1 rollout/transitions=9900032 safety/h_hard_min=4.82446 train/value_loss=8.92471 train/value_explained_variance=0.941471 train/approx_kl=0.00969927 train/clip_epsilon=0.2 train/actor_lr=0.0003 train/post_transition_steps=8392704 rollout/episode_return_std=nan train/grad_norm=2.1517
[V25 PPO] phase=1 rollout/transitions=9904128 safety/h_hard_min=4.77996 train/value_loss=7.52182 train/value_explained_variance=0.958194 train/approx_kl=0.00829062 train/clip_epsilon=0.2 train/actor_lr=0.0003 train/post_transition_steps=8396800 rollout/episode_return_std=nan train/grad_norm=1.36034
[V25 PPO] phase=1 rollout/transitions=9908224 safety/h_hard_min=4.83457 train/value_loss=6.92829 train/value_explained_variance=0.953332 train/approx_kl=0.00688486 train/clip_epsilon=0.2 train/actor_lr=0.0003 train/post_transition_steps=8400896 rollout/episode_return_std=nan train/grad_norm=4.60998
[V25 PPO] phase=1 rollout/transitions=9912320 safety/h_hard_min=4.77485 train/value_loss=6.69931 train/value_explained_variance=0.953227 train/approx_kl=0.00873626 train/clip_epsilon=0.2 train/actor_lr=0.0003 train/post_transition_steps=8404992 rollout/episode_return_std=nan train/grad_norm=2.10661
[V25 PPO] phase=1 rollout/transitions=9916416 safety/h_hard_min=4.73619 train/value_loss=6.07364 train/value_explained_variance=0.962931 train/approx_kl=0.00654151 train/clip_epsilon=0.2 train/actor_lr=0.0003 train/post_transition_steps=8409088 rollout/episode_return_std=nan train/grad_norm=0.538891
[V25 PPO] phase=1 rollout/transitions=9920512 safety/h_hard_min=4.86499 train/value_loss=4.13977 train/value_explained_variance=0.965793 train/approx_kl=0.00554655 train/clip_epsilon=0.2 train/actor_lr=0.0003 train/post_transition_steps=8413184 rollout/episode_return_std=nan train/grad_norm=0.570414
[V25 PPO] phase=1 rollout/transitions=9924608 safety/h_hard_min=4.80792 train/value_loss=6.69654 train/value_explained_variance=0.954058 train/approx_kl=0.00525746 train/clip_epsilon=0.2 train/actor_lr=0.0003 train/post_transition_steps=8417280 rollout/episode_return_std=nan train/grad_norm=1.57623
[V25 PPO] phase=1 rollout/transitions=9928704 safety/h_hard_min=4.83903 train/value_loss=4.31581 train/value_explained_variance=0.968085 train/approx_kl=0.00534518 train/clip_epsilon=0.2 train/actor_lr=0.0003 train/post_transition_steps=8421376 rollout/episode_return_std=nan train/grad_norm=1.40005
[V25 PPO] phase=1 rollout/transitions=9932800 safety/h_hard_min=4.83448 train/value_loss=4.02371 train/value_explained_variance=0.967765 train/approx_kl=0.00450664 train/clip_epsilon=0.2 train/actor_lr=0.0003 train/post_transition_steps=8425472 rollout/episode_return_std=nan train/grad_norm=2.65254
[V25 PPO] phase=1 rollout/transitions=9936896 safety/h_hard_min=4.77829 train/value_loss=3.14727 train/value_explained_variance=0.978307 train/approx_kl=0.00560665 train/clip_epsilon=0.2 train/actor_lr=0.0003 train/post_transition_steps=8429568 rollout/episode_return_std=nan train/grad_norm=0.417945
[V25 PPO] phase=1 rollout/transitions=9940992 safety/h_hard_min=4.88708 train/value_loss=5.17582 train/value_explained_variance=0.963476 train/approx_kl=0.00537371 train/clip_epsilon=0.2 train/actor_lr=0.0003 train/post_transition_steps=8433664 rollout/episode_return_std=nan train/grad_norm=1.47917
[V25 PPO] phase=1 rollout/transitions=9945088 safety/h_hard_min=4.81339 train/value_loss=4.81577 train/value_explained_variance=0.968442 train/approx_kl=0.00674163 train/clip_epsilon=0.2 train/actor_lr=0.0003 train/post_transition_steps=8437760 rollout/episode_return_std=nan train/grad_norm=0.710331
[V25 PPO] phase=1 rollout/transitions=9949184 safety/h_hard_min=4.83257 train/value_loss=4.91988 train/value_explained_variance=0.96748 train/approx_kl=0.00657175 train/clip_epsilon=0.2 train/actor_lr=0.0003 train/post_transition_steps=8441856 rollout/episode_return_std=nan train/grad_norm=0.616701
[V25 PPO] phase=1 rollout/transitions=9953280 safety/h_hard_min=4.8075 train/value_loss=3.86065 train/value_explained_variance=0.972824 train/approx_kl=0.00516097 train/clip_epsilon=0.2 train/actor_lr=0.0003 train/post_transition_steps=8445952 rollout/episode_return_std=nan train/grad_norm=0.364007
[V25 PPO] phase=1 rollout/transitions=9957376 safety/h_hard_min=4.84697 train/value_loss=4.05791 train/value_explained_variance=0.968449 train/approx_kl=0.00500689 train/clip_epsilon=0.2 train/actor_lr=0.0003 train/post_transition_steps=8450048 rollout/episode_return_std=nan train/grad_norm=1.41766
[V25 PPO] phase=1 rollout/transitions=9961472 safety/h_hard_min=4.81183 train/value_loss=5.51726 train/value_explained_variance=0.964812 train/approx_kl=0.00647431 train/clip_epsilon=0.2 train/actor_lr=0.0003 train/post_transition_steps=8454144 rollout/episode_return_std=nan train/grad_norm=0.727527
[V25 PPO] phase=1 rollout/transitions=9965568 safety/h_hard_min=4.81006 train/value_loss=4.11044 train/value_explained_variance=0.971891 train/approx_kl=0.00501389 train/clip_epsilon=0.2 train/actor_lr=0.0003 train/post_transition_steps=8458240 rollout/episode_return_std=nan train/grad_norm=0.372038
[V25 PPO] phase=1 rollout/transitions=9969664 safety/h_hard_min=4.8249 train/value_loss=5.65961 train/value_explained_variance=0.96573 train/approx_kl=0.00640131 train/clip_epsilon=0.2 train/actor_lr=0.0003 train/post_transition_steps=8462336 rollout/episode_return_std=nan train/grad_norm=0.273379
[V25 PPO] phase=1 rollout/transitions=9973760 safety/h_hard_min=4.81271 train/value_loss=4.02172 train/value_explained_variance=0.973483 train/approx_kl=0.00529313 train/clip_epsilon=0.2 train/actor_lr=0.0003 train/post_transition_steps=8466432 rollout/episode_return_std=nan train/grad_norm=0.460853
[V25 PPO] phase=1 rollout/transitions=9977856 safety/h_hard_min=4.83388 train/value_loss=4.7297 train/value_explained_variance=0.969751 train/approx_kl=0.0054473 train/clip_epsilon=0.2 train/actor_lr=0.0003 train/post_transition_steps=8470528 rollout/episode_return_std=nan train/grad_norm=0.606519
[V25 PPO] phase=1 rollout/transitions=9981952 safety/h_hard_min=4.81129 train/value_loss=4.903 train/value_explained_variance=0.967906 train/approx_kl=0.00652909 train/clip_epsilon=0.2 train/actor_lr=0.0003 train/post_transition_steps=8474624 rollout/episode_return_std=nan train/grad_norm=0.504978
[V25 PPO] phase=1 rollout/transitions=9986048 safety/h_hard_min=4.81927 train/value_loss=4.68672 train/value_explained_variance=0.974418 train/approx_kl=0.00675615 train/clip_epsilon=0.2 train/actor_lr=0.0003 train/post_transition_steps=8478720 rollout/episode_return_std=nan train/grad_norm=0.674627
[V25 PPO] phase=1 rollout/transitions=9990144 safety/h_hard_min=4.80667 train/value_loss=4.31648 train/value_explained_variance=0.968074 train/approx_kl=0.00463194 train/clip_epsilon=0.2 train/actor_lr=0.0003 train/post_transition_steps=8482816 rollout/episode_return_std=nan train/grad_norm=0.475919
[V25 PPO] phase=1 rollout/transitions=9994240 safety/h_hard_min=4.80343 train/value_loss=5.81158 train/value_explained_variance=0.963422 train/approx_kl=0.00827587 train/clip_epsilon=0.2 train/actor_lr=0.0003 train/post_transition_steps=8486912 rollout/episode_return_std=nan train/grad_norm=0.277723
[V25 PPO] phase=1 rollout/transitions=9998336 safety/h_hard_min=4.82731 train/value_loss=4.96906 train/value_explained_variance=0.968167 train/approx_kl=0.00571999 train/clip_epsilon=0.2 train/actor_lr=0.0003 train/post_transition_steps=8491008 rollout/episode_return_std=nan train/grad_norm=0.305555
[V25 PPO] phase=1 rollout/transitions=10000000 safety/h_hard_min=2.77548 train/value_loss=11.2274 train/value_explained_variance=0.827453 train/approx_kl=0.00886523 train/clip_epsilon=0.2 train/actor_lr=0.0003 train/post_transition_steps=8492672 rollout/episode_return_std=nan train/grad_norm=0.550622
wandb: 
wandb: Run history:
wandb:                 critic_warmup_active ▁▁▁▁▁▁▁▁▁▁▁▁▁▁▁▁▁▁▁▁▁▁▁▁▁▁▁▁▁▁▁▁▁▁▁▁▁▁▁▁
wandb:                  critic_warmup_steps ▁▁▁▁▁▁▁▁▁▁▁▁▁▁▁▁▁▁▁▁▁▁▁▁▁▁▁▁▁▁▁▁▁▁▁▁▁▁▁▁
wandb:                          elapsed_sec ▁▁▁▂▂▂▂▂▂▂▃▃▃▃▃▃▄▄▄▄▅▅▅▅▅▆▆▆▆▆▆▆▆▇▇▇████
wandb:         episode_return_zero_variance ▁▁▁▁▁▁▁▁▁▁▁▁▁▁▁▁▁▁▁▁▁▁▁▁▁▁▁▁▁▁▁▁▁▁▁▁▁▁▁▁
wandb:    explained_variance_stuck_negative ▁▁▁▁▁▁▁▁▁▁▁▁▁▁▁▁▁▁▁▁▁▁▁▁▁▁▁▁▁▁▁▁▁▁▁▁▁▁▁▁
wandb:                            grad_norm ▁▆▁▃▂▃▁▁▁▁▃▁▂▁▂▁▁▁▁▁▂▂▁▁▂▁▁▁▂▁▂█▁▁▁▁▁▁▂▁
wandb:                                phase ▁▁▁▁▁▁▁▁▁▁▁▁▁▁▁▁▁▁▁▁▁▁▁▁▁▁▁▁▁▁▁▁▁▁▁▁▁▁▁▁
wandb: rollout/arena_projection_active_rate ▁▇▇█▂▇▇▇▇▇▇▇▇▇▇▇▇▇▇▇▇▇▁▆▇▇▂▇▁▇▁▇▇▃▁▇▁▇▆▆
wandb:              rollout/cbf_active_rate █▅▃▅▅▅▁▅▅▅▅▅▅▄▅▅▄▄▅▅▅▃▄▄▅▅▃▃▅▃▅▅▃▅▅▃▅▅▅▃
wandb:  rollout/cbf_arena_projection_active ▁▁▁▁▁▁▁▁▁▁▁▁▁▁▁▁▁▁▁▁▁▁▁▁▁▁▁▁▁▁▁▁▁▁▁▁▁▁▁▁
wandb:                                  +44 ...
wandb: 
wandb: Run summary:
wandb:                 critic_warmup_active 1
wandb:                  critic_warmup_steps 0
wandb:                          elapsed_sec 3962.9564
wandb:         episode_return_zero_variance 0
wandb:    explained_variance_stuck_negative 0
wandb:                            grad_norm 0.55062
wandb:                                phase 1
wandb:                           phase_name ppo
wandb: rollout/arena_projection_active_rate 0
wandb:              rollout/cbf_active_rate 0
wandb:                                  +45 ...
wandb: 
wandb: You can sync this run to the cloud by running:
wandb: wandb sync /data/uav_project/ParallelCBF/runs/v02_phase_aware_resume_20260503T083420Z/wandb/wandb/offline-run-20260503_163423-p45x2898
wandb: Find logs at: ./runs/v02_phase_aware_resume_20260503T083420Z/wandb/wandb/offline-run-20260503_163423-p45x2898/logs
[DONE][V25] training complete
